artist,album,track,spotify_uri
020whitton,thinkin bout u (feat. Tia Gordon),thinkin bout u (feat. Tia Gordon),spotify:track:5pveF0lcR8vIZ4ehzJ0eKI
21 Savage,i am > i was,a lot,spotify:track:2t8yVaLvJ0RenpXUIAC52d
2XM,The Magic in Her Eyes,The Magic in Her Eyes,spotify:track:25H9CSws7nAqWYLogQ7COF
30/70,Cold Radish Coma,Cash Harp,spotify:track:1J9LUwSSj8GJCT77dY20dp
30/70,Cold Radish Coma,Cold Radish,spotify:track:4UMFJXv2NEnDxLyKaLFxDO
30/70,Cold Radish Coma,Crystal Eyes in,spotify:track:1ZnwVyx01vKfgBXmH3m7T1
30/70,Cold Radish Coma,Das Dank,spotify:track:39YF46mlbnT0ISVVWk5h3Q
30/70,Cold Radish Coma,Fela,spotify:track:1XgmIbKteG2cDHhYG6MtFA
30/70,Cold Radish Coma,For You,spotify:track:19ZJiLU6sd1xF95E5QHW1F
30/70,Cold Radish Coma,Kellett St.,spotify:track:4cv05puzJ3kc3buEYjWotR
30/70,Cold Radish Coma,Level 1,spotify:track:5O5Q4GfKGhfv2vERLoUgCW
30/70,Cold Radish Coma,Level 2,spotify:track:4OvUZyQ71789D5ApfZXcZx
30/70,Cold Radish Coma,Level 3,spotify:track:7v8wnbpCDEAEbwRgeWKl0d
30/70,Cold Radish Coma,Local Knowledge,spotify:track:7d3mfKW4MQMR4AMBqqXZHn
30/70,Cold Radish Coma,Source,spotify:track:7ChfGiVhQFnsrUR2wswcJb
30/70,Cold Radish Coma,Strut (Reprise),spotify:track:0NOLjGID7rpxmqt5lbJG6p
30/70,Cold Radish Coma,Tenderloin,spotify:track:4fnDhDI1pBwG2tDeifRYSl
30/70,Cold Radish Coma,The Strut,spotify:track:2OWvDXazoMk2pV7nM0UZsd
30/70,Elevate,Breaking - For This World to Change,spotify:track:7nsVvlKbzcbXUq2n381tXa
30/70,Elevate,Get to Me,spotify:track:160RHRDtnFb9vZUD1r8cZR
30/70,Elevate,Lucid,spotify:track:0Wol1RsZyU29d9cC498eE3
30/70,Elevate,Misrepresented,spotify:track:63jppcyIIAsY53F8B1unYu
30/70,Elevate,Nu Spring,spotify:track:1XAx0Ad939Lnapexpfibv4
30/70,Elevate,Slangin,spotify:track:64yikDTIQz28SG4rRG8S69
30/70,Elevate,Steady Hazin',spotify:track:79UfbxOgUG7xGWynsAGtfV
30/70,Elevate,Takin' Me Back,spotify:track:5Ssh5r9P5L8e3G8TQMsYg6
30/70,Elevations,Breaking - Z Lovecraft Dub Version,spotify:track:2T9ZrOvbRREplSJqh0RwDz
30/70,Elevations,Breaking - Z Lovecraft Vocal Dub,spotify:track:5EY1gOd6kMnzlaCCTQqkTn
30/70,Elevations,Get to Me - Setwun Remix,spotify:track:0GslDZXVbDahcpFIYIZ6k8
30/70,Elevations,Misrepresented - Rainforest Productions Remix,spotify:track:17qbXWRLSaT1pN8Q3GMnw9
30/70,Elevations,Slangin' - Neue Grafik Rework,spotify:track:6mdsbR0CHgukI56ulziEMP
30/70,Elevations,Steady Hazin' - Live From The Living Room,spotify:track:05oLAN98qwAPZh5ObZ2gg4
420,420 Sampler,Untitled 5,spotify:track:65mYMqSLZeu3FSp33Tc4Ck
4THSEX,Timetable Vol. 2,THINGS DONT FEEL LIKE IT USED TO BE,spotify:track:3PgPiexKH84IuWoZk0FLo4
7xvethegenius,The Genius Tape,Brainstorming,spotify:track:2Wg7iSyQlnBgWTGkCnzAYD
A Sagittariun,DJ-Kicks (Mount Kimbie),Contortian - Mixed,spotify:track:45olhFru5cM0GlRvoThJNn
A$AP Rocky,PUNK ROCKY,PUNK ROCKY,spotify:track:5FSvy2wYKnurBi0Nq3wR9F
A$AP Rocky,TESTING,"A$AP Forever REMIX (feat. Moby, T.I. & Kid Cudi)",spotify:track:3oHkMCVJyOcjg5FhfLc2Rq
A$AP Rocky,TESTING,"Black Tux, White Collar",spotify:track:0ssVSd3juASNuehS9LWMFW
A$AP Rocky,TESTING,Brotha Man (feat. French Montana),spotify:track:6MmtDonkpvSoRx9ACwrGDu
A$AP Rocky,TESTING,Buck Shots,spotify:track:6ImrWnhjEOw5re3cGLMIHJ
A$AP Rocky,TESTING,CALLDROPS (feat. Kodak Black),spotify:track:1wGYcpJZ59rePkNu4zHmLu
A$AP Rocky,TESTING,Changes,spotify:track:1dzwFgBlZNxt28aQOinNGn
A$AP Rocky,TESTING,Distorted Records,spotify:track:57q6BgYP4gN6hPQViCB3um
A$AP Rocky,TESTING,Fukk Sleep (feat. FKA twigs),spotify:track:1AqemxWsT0iGg5Lvkm16Bt
A$AP Rocky,TESTING,Gunz N Butter (feat. Juicy J),spotify:track:5N521RK66Z1FP0Oz6B4OlT
A$AP Rocky,TESTING,Hun43rd,spotify:track:1r33iukEx0COYuBzyXPmPP
A$AP Rocky,TESTING,Kids Turned Out Fine,spotify:track:0qp8MuZNKelOGTK2HPlXBA
A$AP Rocky,TESTING,OG Beeper,spotify:track:5TX0mfUkpGlU6j2xa00ERx
A$AP Rocky,TESTING,Praise The Lord (Da Shine) (feat. Skepta),spotify:track:7ycWLEP1GsNjVvcjawXz3z
A$AP Rocky,TESTING,Purity (feat. Frank Ocean),spotify:track:2MF4HtZHBoUliOi9nOAbS0
A$AP Rocky,TESTING,Tony Tone,spotify:track:52eYVUkFTOVozbVFIaFrnV
Aaron Childs,Tangerine,Tangerine - Channel Tres Remix,spotify:track:4xC3EWDjwlWS0L62QZO9F8
Acidslop,Forever Is a Dollar,Forever Is a Dollar,spotify:track:0r02LIJVqxWY5GxjsekB8K
Action Bronson,Blue Chips 7000,9-24-7000 (feat. Rick Ross),spotify:track:0wASQ9xMN5CR5K7TdYCDbd
Action Bronson,Blue Chips 7000,Bonzai,spotify:track:6ur7NoA7h7ohK25GI2IJva
Action Bronson,Blue Chips 7000,Chop Chop Chop,spotify:track:1nycE6YlxjlIkvgjb6plsJ
Action Bronson,Blue Chips 7000,Durag vs. Headband (feat. Big Body Bes),spotify:track:24vei1c18jIVzMgertbQiV
Action Bronson,Blue Chips 7000,Hot Pepper (feat. Meyhem Lauren and Jah Tiger),spotify:track:2J6gxlzzS5KMBxTGZlU00v
Action Bronson,Blue Chips 7000,La Luna,spotify:track:6R7CioTXYmzAQY4G1G1vKm
Action Bronson,Blue Chips 7000,Let It Rain,spotify:track:4x3y3X2gz4ePHoEXrrEUql
Action Bronson,Blue Chips 7000,Let Me Breathe,spotify:track:1gPDkT8miqudaqE2Pmg6H9
Action Bronson,Blue Chips 7000,My Right Lung,spotify:track:65Pca73SW2Uu4Twu40TgoM
Action Bronson,Blue Chips 7000,TANK (feat. Big Body Bes),spotify:track:5cemxRCYTnp6nZVnMdorkI
Action Bronson,Blue Chips 7000,The Chairman's Intent,spotify:track:1heFl7oWexOz1jGrUJS92K
Action Bronson,Blue Chips 7000,The Choreographer,spotify:track:0xiqytHGhEf81aK1oSBmc3
Action Bronson,Blue Chips 7000,Wolfpack,spotify:track:3ehsy345m4XHuRFPBlC0hn
Action Bronson,Mr. Wonderful,A Light in the Addict (feat. Party Supplies and Black Atlass),spotify:track:380Eknndn9aemLbj7Q8Hzr
Action Bronson,Mr. Wonderful,Actin Crazy,spotify:track:5d8B2NIvXHDpYgLijrrCqg
Action Bronson,Mr. Wonderful,Baby Blue (feat. Chance the Rapper),spotify:track:1NIAqJqdTcONyjBI7zYorM
Action Bronson,Mr. Wonderful,Brand New Car,spotify:track:78punctwYY8zfE3TgkCsPf
Action Bronson,Mr. Wonderful,City Boy Blues,spotify:track:0nsmd7qCw86vQQeeTqZtCl
Action Bronson,Mr. Wonderful,Easy Rider,spotify:track:5iIEiya1M0x5IqXochzPs7
Action Bronson,Mr. Wonderful,Falconry (feat. Meyhem Lauren & Big Body Bes),spotify:track:2umiqdVBipdo6D1df4rt26
Action Bronson,Mr. Wonderful,Galactic Love,spotify:track:4nK0FvMQ2pkqB1a8zIHNb8
Action Bronson,Mr. Wonderful,Only in America (feat. Party Supplies),spotify:track:3ppjG3mz5UHEybtkx5amS9
Action Bronson,Mr. Wonderful,Terry,spotify:track:4xZEiMQc4meqix8afKiFWd
Action Bronson,Mr. Wonderful,The Passage - Live from Prague,spotify:track:6fANYHb9wuiqLNMolzWpHi
Action Bronson,Mr. Wonderful,The Rising (feat. Big Body Bes),spotify:track:33jUPJwKk9ie5XQTO1a936
Action Bronson,Mr. Wonderful,THUG LOVE STORY 2017 THE MUSICAL - Interlude,spotify:track:4EkHGUxAcoz0E7S2TJO4z7
Action Bronson,White Bronco,Brutal (feat. Meyhem Lauren),spotify:track:0sQSCf023bpW6lxm0zOhDF
Action Bronson,White Bronco,Dr. Kimble,spotify:track:0deIDdzX3P5svUOADWfWVu
Action Bronson,White Bronco,Irishman Freestyle,spotify:track:0ZqRXz3d5RV63ENDigQLuW
Action Bronson,White Bronco,Live from the Moon (feat. Yung Mehico),spotify:track:4zvxkRgrhGdkTVnA5vFOhP
Action Bronson,White Bronco,Mt. Etna,spotify:track:0yUA5Ci61OTYCYnE4RPU2C
Action Bronson,White Bronco,Picasso's Ear,spotify:track:6OF2k6azWK2P5mEZx5ML1O
Action Bronson,White Bronco,Prince Charming,spotify:track:4tTFl6L8eNA7BK4dRJivK1
Action Bronson,White Bronco,Ring Ring (feat. Big Body Bes),spotify:track:4u2GWPNC7mu01Qg5i8FwSU
Action Bronson,White Bronco,Swerve On Em (feat. A$AP Rocky),spotify:track:4oViDMf3xLwW8Ne4lp26mC
Action Bronson,White Bronco,Telemundo,spotify:track:4IcHAJ04OE8rttlG3qKa1a
Action Bronson,White Bronco,White Bronco,spotify:track:0AFVQA2Ht64OzMAer4aQ8n
Actress,Karma & Desire,Walking Flames,spotify:track:45AwkbYypZWEGFuwQcMiOm
Admas,Late Night Tales: Badbadnotgood,Anchi Bale Game,spotify:track:5Vx50cLdtXDZ8cR23CP2nM
Adrian Lux,Studio Barnhus Volym 1,Teenage Crime - Axel Boman Dub,spotify:track:0yHxuV2NQMzePZuCXfYfUV
AFKAP,Resignation Letter,Resignation Letter,spotify:track:3J51qnqAWWlktcafMaosxZ
Against All Logic,2012 - 2017,Cityfade,spotify:track:3f9Mzx5Kp1R5ccC1ut13Lv
Against All Logic,2012 - 2017,Flash in the Pan,spotify:track:2reVX2dNA3SwxgvjHNXStE
Against All Logic,2012 - 2017,Hopeless,spotify:track:4RZORAINmgYWdVrFdJ0wjC
Against All Logic,2012 - 2017,I Never Dream,spotify:track:2ZsbtrFluQsuzsJMApF6yw
Against All Logic,2012 - 2017,Know You,spotify:track:2zkTGKRw16spjOq5XiZSBl
Against All Logic,2012 - 2017,Now U Got Me Hooked,spotify:track:5tIhRlNkApQJoDA8zhOBUY
Against All Logic,2012 - 2017,Rave on U,spotify:track:2ZGcwiE8GdwKR9jMIkGJE1
Against All Logic,2012 - 2017,Some Kind of Game,spotify:track:6IUwqxuZSJsS7rJl41O7Ev
Against All Logic,2012 - 2017,Such a Bad Way,spotify:track:39rvm2XzKyw4dsGLKvdDQV
Against All Logic,2012 - 2017,This Old House Is All I Have,spotify:track:4SzmBRbDVmi0z4Lnc6H1Za
Against All Logic,2012 - 2017,You Are Going to Love Me and Scream,spotify:track:4XpOgkkAnA0GHmsk9ZxcDX
Ahmed Fakroun,Awedny,Nisyan,spotify:track:64rUFahjPCas3JIx5OE27K
Ahmed Malek,The Electronic Tapes (Habibi Funk 005),Tape 12 Track 1,spotify:track:4yHrlxSUJHyw6Du9Wg3dH5
Ahmed Malek,The Electronic Tapes (Habibi Funk 005),Tape 16 Track 3,spotify:track:4aYRUp9knCiMgOb3cNOWDd
Ahmed Malek,The Electronic Tapes (Habibi Funk 005),Tape 22 Track 2,spotify:track:7zKD7JNh8tchZMP8EdyJGC
Ahmed Malek,The Electronic Tapes (Habibi Funk 005),"Tape 23 Track 3, Pt. 1",spotify:track:5VLQ8WDyQ81aRhZeKPzrMQ
Ahmed Malek,The Electronic Tapes (Habibi Funk 005),"Tape 23 Track 3, Pt. 2",spotify:track:1um6g2dQebnv6W2zAWYVPP
Ahmed Malek,The Electronic Tapes (Habibi Funk 005),Tape 23 Track 4,spotify:track:4QoSW3BKdc7hDaOwtGf8Oy
Ahmed Malek,The Electronic Tapes (Habibi Funk 005),Tape 23 Track 5,spotify:track:5jFES9FPZRQUoWMrYmyafR
Ahmed Malek,The Electronic Tapes (Habibi Funk 005),Tape 23 Track 6,spotify:track:7oLWlaKRjEtGCEtWRtSzQd
Ahmed Malek,The Electronic Tapes (Habibi Funk 005),"Tape 27 Tack 3, Pt. 1",spotify:track:5yTQt1xhAu3NaVc4PZx1Xm
Ahmed Malek,The Electronic Tapes (Habibi Funk 005),Tape 27 Track 1,spotify:track:00nRegrM5Faw9pv9LyqVVt
Ahmed Malek,The Electronic Tapes (Habibi Funk 005),"Tape 27 Track 3, Pt. 2",spotify:track:6e3c63l7lBh2nA1wu0SB3N
Ahmed Malek,The Electronic Tapes (Habibi Funk 005),Tape 27 Track 5,spotify:track:2gu62z1fkSeu4ca44DpcHq
Ahmed Malek,The Electronic Tapes (Habibi Funk 005),Tape 3 Track 4,spotify:track:4nWyiYUWSD8sGbH6ojrnUj
Ahmed Malek,The Electronic Tapes (Habibi Funk 005),"Tape 9, Pt. 1",spotify:track:2PtJ6GlUhFsqTTiWW9zQe8
Ahmed Malek,The Electronic Tapes (Habibi Funk 005),"Tape 9, Pt. 2",spotify:track:4lrDtZC0tIFn9Hm44piH0J
Ahmed Malek,The Electronic Tapes (Habibi Funk 005),"Tape 9, Pt. 3",spotify:track:6cPQ9Q7iRPGAiFpUHn92Ct
Ahmed Malek,The Electronic Tapes (Habibi Funk 005),"Tape 9, Pt. 4",spotify:track:65iarQwbKKIomR6564wMs3
Airhead,Late Night Tales: Bonobo,South Congress,spotify:track:41SOMdIWIp1lRaDV5TaBuV
Al Dobson Jr.,Rye Lane (Vol. 2 & 3),After Carnival,spotify:track:3bQADJiRqInK2XLzKhkpSH
Al Dobson Jr.,Rye Lane (Vol. 2 & 3),Bey Line,spotify:track:4BVzZNosCxS4XUg2YKEbXh
Al Dobson Jr.,Rye Lane (Vol. 2 & 3),Church Cafe - Intro,spotify:track:7JBnqYwUeNpDjd8TcPvcYf
Al Dobson Jr.,Rye Lane (Vol. 2 & 3),Commerce,spotify:track:3tt0gaXRgsrsKRadBArAeo
Al Dobson Jr.,Rye Lane (Vol. 2 & 3),"Drum Sounds, Pt. 4 - African Salon",spotify:track:2GtYtmsxGKnh7nN4tXLnG4
Al Dobson Jr.,Rye Lane (Vol. 2 & 3),Guadalupe Meditação,spotify:track:4cUBWu4UtELgDLdHZckrjE
Al Dobson Jr.,Rye Lane (Vol. 2 & 3),Guyana Special,spotify:track:2WVOUlJwZ91uJh8CstHGRh
Al Dobson Jr.,Rye Lane (Vol. 2 & 3),In the Lobby,spotify:track:224XiKitCCfYR6bE602j7x
Al Dobson Jr.,Rye Lane (Vol. 2 & 3),In The World,spotify:track:5UT9YKabdRQZFQLu3t4lt4
Al Dobson Jr.,Rye Lane (Vol. 2 & 3),It's You,spotify:track:6hSGhI1DDOTu7N0z7erx8G
Al Dobson Jr.,Rye Lane (Vol. 2 & 3),Live At Makeover,spotify:track:7oYighSIjivBn8mzFOidTK
Al Dobson Jr.,Rye Lane (Vol. 2 & 3),Love Talk,spotify:track:3dqWL2ct7MajxRcYXrEVV3
Al Dobson Jr.,Rye Lane (Vol. 2 & 3),Malfuf - Nebetia,spotify:track:1TXT9wU7PencXUSYyI1XQ8
Al Dobson Jr.,Rye Lane (Vol. 2 & 3),Many Schools,spotify:track:0vbIMb9YNemtGMQNa4DIph
Al Dobson Jr.,Rye Lane (Vol. 2 & 3),Mercy,spotify:track:2x3fWd2B7v0aYF5mYqQ41r
Al Dobson Jr.,Rye Lane (Vol. 2 & 3),Move It Up,spotify:track:3bxI9DwKxWdtQOQe2Rp6xU
Al Dobson Jr.,Rye Lane (Vol. 2 & 3),Overseas Lebanese,spotify:track:67xc0YcEB41qaEd4vIHCoj
Al Dobson Jr.,Rye Lane (Vol. 2 & 3),"Peru Timing, Pt. 2",spotify:track:4bsLNzEmEgurfV9miUhDzb
Al Dobson Jr.,Rye Lane (Vol. 2 & 3),Step Off,spotify:track:5uEEa2WTcy1nHZAJyou3gy
Al Dobson Jr.,Rye Lane (Vol. 2 & 3),"Sweet Critics, Pt. 2",spotify:track:1EEr5l2NRSqJZhZ696gQuL
Al Dobson Jr.,Rye Lane (Vol. 2 & 3),Time Is Now,spotify:track:3Y9m3KFIyYi0lu0OQeVghI
Al Dobson Jr.,Rye Lane (Vol. 2 & 3),Tracy 36 27 36,spotify:track:5eb5MWvyeQv3B2oVidgpXv
Al Dobson Jr.,Rye Lane (Vol. 2 & 3),Vibrations,spotify:track:04ZQ25I2WkCYqoDu1XmMj3
Al Dobson Jr.,Rye Lane (Vol. 2 & 3),What It Is - Shakedown,spotify:track:6ZHUfJNdniTzFsH3JYrZP4
Al Dobson Jr.,Rye Lane (Vol. 2 & 3),"What It Is, Pt. 2",spotify:track:714Oj1FtG9pyyzA2WFcE15
Al Dobson Jr.,Rye Lane (Vol. 2 & 3),White Rum,spotify:track:2v45SycbxYPc3Lsnjjd98l
Al Dobson Jr.,Rye Lane (Vol. 2 & 3),Xingu,spotify:track:2HXllUbwevoTiX5jJGAZwL
Al Dobson Jr.,Rye Lane (Vol. 2 & 3),Yellow Peppers,spotify:track:27t1BD8cCYoRsHj8hEZM2S
Al Dobson Jr.,Rye Lane Vol. 1,Babai,spotify:track:6xzv8rt0ivIRgu1ln2C8IE
Al Dobson Jr.,Rye Lane Vol. 1,Big Bags,spotify:track:49Z1GrR62QZwVaocP3VGlp
Al Dobson Jr.,Rye Lane Vol. 1,Cameroun Central,spotify:track:68VytL2zg6BtUrgi67yaLd
Al Dobson Jr.,Rye Lane Vol. 1,Cigar Box,spotify:track:23iotwhAl4v9JnFIHa7lNy
Al Dobson Jr.,Rye Lane Vol. 1,Columbian Special,spotify:track:1Wonz3hm3U0rVEuTLcsJfQ
Al Dobson Jr.,Rye Lane Vol. 1,Grenada Special,spotify:track:6j0Qq8p80rEkKLz4ZpbEvN
Al Dobson Jr.,Rye Lane Vol. 1,Live at Central Hotel,spotify:track:5yFSKvEQPU67Eh8EFnMomn
Al Dobson Jr.,Rye Lane Vol. 1,Muscavado Sounds,spotify:track:1AXik6Jx1CUxfSnJdUcuJz
Al Dobson Jr.,Rye Lane Vol. 1,Nankoo on Keys,spotify:track:5ms3DP9dOyMwMvXrbtOZ0s
Al Dobson Jr.,Rye Lane Vol. 1,Outernational,spotify:track:1l5opgyIE79jgjOfGCgoJK
Al Dobson Jr.,Rye Lane Vol. 1,Peru Timing,spotify:track:3A2RzHVA9GLPol2vbFXmP7
Al Dobson Jr.,"Sounds from the Village, Vol. 1",Dunza Blues,spotify:track:5F4w9JSZOLNhNQi59DfgwE
Al Dobson Jr.,"Sounds from the Village, Vol. 1",Everybody,spotify:track:2XzeBVisUWoTU5sAVfSvd6
Al Dobson Jr.,"Sounds from the Village, Vol. 1",Everyday,spotify:track:3d1L4yej2MBbm2ATduVsLY
Al Dobson Jr.,"Sounds from the Village, Vol. 1",Garifuna,spotify:track:5V8IHPH3rFhOBqJoI51VTC
Al Dobson Jr.,"Sounds from the Village, Vol. 1",Inner City,spotify:track:6xvbgj0t7EW05EKuCbiqDQ
Al Dobson Jr.,"Sounds from the Village, Vol. 1",Maiysha,spotify:track:4C0tuFjC4qQF7cWJsxMB8k
Al Dobson Jr.,"Sounds from the Village, Vol. 1",Obeah,spotify:track:5Kld0EXNgpAlHEE7knfbfW
Al Dobson Jr.,"Sounds from the Village, Vol. 1",Rain Down,spotify:track:0aERtFEIOfFujj1Yb3Mj8i
Al Dobson Jr.,"Sounds from the Village, Vol. 1",Sensi Block,spotify:track:5L3K2h1AnDWduZ5edtdRts
Al Dobson Jr.,"Sounds from the Village, Vol. 1",Silvercrest,spotify:track:4tzkiEvwOAxl5aCgVjrTG5
Al Dobson Jr.,"Sounds from the Village, Vol. 1",South East Clicks,spotify:track:4J6AMASXgFDByA6PLujOQ8
Al Dobson Jr.,"Sounds from the Village, Vol. 1",The Circle,spotify:track:55ktce3oOn0HTrbBJ9QSVR
Al Dobson Jr.,"Sounds from the Village, Vol. 1",Tiger Dunza,spotify:track:0Jawlm63yzR7fiVZr4z0fC
Al Dobson Jr.,"Sounds from the Village, Vol. 1",Tomorrow,spotify:track:6ha3Cd4RAsn6QhzOhZEQag
Al Dobson Jr.,"Sounds from the Village, Vol. 1",Work Together,spotify:track:36RZ3MJvoDgvUpzTpBkvGs
Al Dobson Jr.,"Sounds from the Village, Vol. 2",Alphonso Crates,spotify:track:5aL45flGv16qN1BYv7dmPi
Al Dobson Jr.,"Sounds from the Village, Vol. 2",Bright Moments,spotify:track:42V5vHh0bVojohjTxAz1hg
Al Dobson Jr.,"Sounds from the Village, Vol. 2",Chess Theme '06,spotify:track:3IiqOcMRMw3cQVosbYWLtc
Al Dobson Jr.,"Sounds from the Village, Vol. 2",Chicken Merry,spotify:track:442RmNBGEJap0mWW6yoGuE
Al Dobson Jr.,"Sounds from the Village, Vol. 2",Corner Crew,spotify:track:4KwCaJR59XZf9oz0w5T0EQ
Al Dobson Jr.,"Sounds from the Village, Vol. 2",Jellyfull - Intro,spotify:track:5QegzSo98BxA92UEkOTn2E
Al Dobson Jr.,"Sounds from the Village, Vol. 2",Journey Cakes,spotify:track:0UEfJ2Pd9ZtNUmXT570Rws
Al Dobson Jr.,"Sounds from the Village, Vol. 2",Kabsa Sit Down,spotify:track:6COFE14uowMLg5HCV8LPCv
Al Dobson Jr.,"Sounds from the Village, Vol. 2",Little Bahia,spotify:track:3tTiJQHGNFsHK4D7PBZatc
Al Dobson Jr.,"Sounds from the Village, Vol. 2",Look at You,spotify:track:2wJzxQInmrhPVxwK56AyIj
Al Dobson Jr.,"Sounds from the Village, Vol. 2",Malay Guarter,spotify:track:5cQwNso6mDrcUSwXr7NvSW
Al Dobson Jr.,"Sounds from the Village, Vol. 2",Norrisville Sounds,spotify:track:37ZpPKtokudgVuue9TFtfa
Al Dobson Jr.,"Sounds from the Village, Vol. 2",One Mile,spotify:track:2dDkRAgYBPFBDgkKdSZx7Q
Al Dobson Jr.,"Sounds from the Village, Vol. 2",Pan Archives '06,spotify:track:7twjyhFS8EyJu4LdZ5e3aY
Al Dobson Jr.,"Sounds from the Village, Vol. 2",Players Club Outtake,spotify:track:1kxutNya8BdisDOua7mw6w
Al Dobson Jr.,"Sounds from the Village, Vol. 2",Reservoir Mix,spotify:track:3fUYX8LSZJqsFgBvJ4usNz
Al Dobson Jr.,"Sounds from the Village, Vol. 2",Rotten Apple,spotify:track:0uG4gpN9EMAMJzkrnRecUk
Al Dobson Jr.,"Sounds from the Village, Vol. 2",Seeds (Early Days),spotify:track:7p6P1RB9VeEP5Rq8FGEtXZ
Al Dobson Jr.,"Sounds from the Village, Vol. 2",Shikimi Greetings,spotify:track:7MHS1eN5WDJhptptbFgw1q
Al Dobson Jr.,"Sounds from the Village, Vol. 2",Smoke Break - Interlude,spotify:track:0v45tdYByVPa4FYXq5qzfO
Al Dobson Jr.,"Sounds from the Village, Vol. 2",Thoughts & Wishes,spotify:track:7lrmqLRHC52GDujVps9Vmt
Al Dobson Jr.,"Sounds from the Village, Vol. 2",Tortoise Shell '08,spotify:track:16vZZOWJUdr17XZek11oo0
Al Dobson Jr.,"Sounds from the Village, Vol. 2","Who U Think U Are, Pt. 2",spotify:track:0A6ExIwDvSnTWY1YSdPo8J
Alain Bellaïche,Late Night Tales: Floating Points,Sea Fluorescent,spotify:track:3kdaGdUCnxjAxrGXg0h1r3
Alain Bellaïche,Late Night Tales: Floating Points,Sun Blues,spotify:track:7IkqVC3HGb7b2BSK3HIBB3
Alberto Bof,Stab in the Dark O.S.T.,Maybe We Should Just Do This Instead,spotify:track:2NCxr6UwWMO4jfQZI1UCH1
Albrecht La'Brooy,Tidal River,Sealers Cove,spotify:track:7mgQgwICmq6p43eqg8o63i
Aleksi Perälä,DJ-Kicks (Mount Kimbie),UK74R1512110 - Mixed,spotify:track:2OgtXe3mWoi0zvdw2JVeFD
Alex Kassian,fabric presents Bonobo,Hidden Tropics - Mixed,spotify:track:307SCR7yv3po52lnwGEFGH
Alfa Mist,Antiphon,7th October,spotify:track:4XF0FwL902NB7IVgwgFLj6
Alfa Mist,Antiphon,Breathe,spotify:track:6nGNzqlHTKugpRWkXrZkPC
Alfa Mist,Antiphon,Brian,spotify:track:3ejqlgVNAYr7PWuBSXl4K2
Alfa Mist,Antiphon,Errors,spotify:track:1mRmP53htoJHM9NGmzyQCN
Alfa Mist,Antiphon,Keep On,spotify:track:1GzBTeJLSh6frMPWxvNygc
Alfa Mist,Antiphon,Kyoki,spotify:track:7wZXp4KSVzG5t1oRX41JXU
Alfa Mist,Antiphon,Nucleus,spotify:track:2p2YYLGWwYujkMUk6pxYxg
Alfa Mist,Antiphon,Potential,spotify:track:55IIhk7r8iJCmX0zFhEai5
Alfa Mist,Organic Rust,Organic Rust,spotify:track:1uSsf748N6MIQWs9R4t2tG
Alfa Mist,Structuralism,.44,spotify:track:0yocZjoDfRSIKpTMKY4EU8
Alfa Mist,Structuralism,Door,spotify:track:5IOLaZLFnrBIjZImSS1E1u
Alfa Mist,Structuralism,Falling,spotify:track:3dmblfU145Auvgn5U5UKWt
Alfa Mist,Structuralism,Glad I Lived,spotify:track:6o6Mq8Z46WSA8qNZ7q8DOV
Alfa Mist,Structuralism,Jjajja's Screen,spotify:track:0inqdkm7dT1iWHhl8bBuBU
Alfa Mist,Structuralism,Mulago,spotify:track:5TAsKm10VQoQuYW0fnqnsP
Alfa Mist,Structuralism,Naiyti,spotify:track:0RSqkwhopcmUZ0FDcb7kk7
Alfa Mist,Structuralism,Retainer,spotify:track:4ptoz9zxSQ76AHZOeGWHbY
Allah-Las,Raspberry Jam,Raspberry Jam,spotify:track:2CGfUFjgJCsDIfaBe73NsT
Allah-Las,Worship the Sun,Ferus Gallery,spotify:track:2mAAhfG6s4OeBHnF5zzmpJ
Alma De La Selva,De La Selva,Alma,spotify:track:1zZaq1dd6PwqgawBXHLVPC
Alma De La Selva,De La Selva,Caruyú,spotify:track:6vEUlFK0x0SxQbeic5jqXj
Alma De La Selva,De La Selva,Madre,spotify:track:3rpgzoWzU1CSwIiM4sM0hc
Ameba,Tangerine Hues,Tangerine Hues,spotify:track:4fImJZBA2TopABdxAEg1in
Amir Alexander,Realest of the Real,Realest of the Real Pt. 2,spotify:track:6j3NXkOfjPwKJP0n1Qr6mk
Anderson .Paak,Malibu,Am I Wrong (feat. ScHoolboy Q),spotify:track:1UjyF6okUHhnVxaLV8ojsA
Anderson .Paak,Malibu,Celebrate,spotify:track:1zlclNkERGFrCxznXOgkD3
Anderson .Paak,Malibu,Come Down,spotify:track:276zciJ7Fg7Jk6Ta6QuLkp
Anderson .Paak,Malibu,Heart Don't Stand a Chance,spotify:track:25GlFJq5QNAXyVgJvCZ4Mf
Anderson .Paak,Malibu,Lite Weight (feat. The Free Nationals United Fellowship Choir),spotify:track:2vJIsdYIthbnWgLaLD9yrj
Anderson .Paak,Malibu,Parking Lot,spotify:track:5zyySSTcBpXQ8gSbuONRH7
Anderson .Paak,Malibu,Put Me Thru,spotify:track:70SjyVMzhmMeJQD8hOmIBp
Anderson .Paak,Malibu,Room in Here (feat. The Game & Sonyae Elise),spotify:track:6Lr9sGM6kARYVDL2dj0lqV
Anderson .Paak,Malibu,Silicon Valley,spotify:track:6zyXhzPJg7dCGuC5ToIxqN
Anderson .Paak,Malibu,The Bird,spotify:track:7pamxApUs3CE8t7tKmUJ6Z
Anderson .Paak,Malibu,The Dreamer (feat. Talib Kweli & Timan Family Choir),spotify:track:2sNhYJ2ggd9BadlTXU3Mah
Anderson .Paak,Malibu,The Season | Carry Me,spotify:track:5G0nSEIT0fGUZY0caM9AnH
Anderson .Paak,Malibu,The Waters (feat. BJ the Chicago Kid),spotify:track:23T4gelZgImtFxbHjXnYbm
Anderson .Paak,Malibu,Water Fall (Interluuube),spotify:track:3qUNcMXZBO5vvhSHLhBpJ9
Anderson .Paak,Malibu,Without You (feat. Rapsody),spotify:track:2UYPFtrIIaIQdxLCaFwjFu
Anderson .Paak,Malibu,Your Prime,spotify:track:1GJr5BQIOvzFEoQlrufunl
Anderson .Paak,Venice,Already (feat. SiR),spotify:track:0YOTE8vEGduSABT8QE55rK
Anderson .Paak,Venice,Dogtown,spotify:track:22mF9GxC4pPs7HY0toyHYy
Anderson .Paak,Venice,Drugs,spotify:track:4wzscvBb9JkSfiet1A8UQu
Anderson .Paak,Venice,Get 'Em Up,spotify:track:6kk47BIRgA2MrQSVtZynwU
Anderson .Paak,Venice,I Miss That Whip,spotify:track:1x0WbCpdSPdwVoTCdJ4pPZ
Anderson .Paak,Venice,Luh You,spotify:track:6jjQHv8A394Dz1HjYrr2jv
Anderson .Paak,Venice,Might Be,spotify:track:2WlOO5UM3eoEQt7Z2z3PU1
Anderson .Paak,Venice,Miki Doralude,spotify:track:3pq4YwDsDJvQI73SjpVOwp
Anderson .Paak,Venice,Milk N' Honey,spotify:track:72TpOdSgTcuE8IJ0xXz8T6
Anderson .Paak,Venice,Miss Right,spotify:track:3xc7EvYaIA0El81QVSwdhg
Anderson .Paak,Venice,Off The Ground,spotify:track:2HsadrpAUp28eDIOhR2hPC
Anderson .Paak,Venice,Paint,spotify:track:5YGUD6GFP7ZLGH0nQAKm6c
Anderson .Paak,Venice,Put You On,spotify:track:0I6v5Ky26n9Lwm3usd3L1x
Anderson .Paak,Venice,Right There,spotify:track:1Qf3QEcbX0niXh7FMadGCa
Anderson .Paak,Venice,The City,spotify:track:35nTgQscqJHPc96HoRxfgt
Anderson .Paak,Venice,Waves,spotify:track:6JAYq3dovPOHER8tmkVbVo
Anderson .Paak,Ventura,Chosen One (feat. Sonyae Elise),spotify:track:0xmysmjwaEZfDeNlPUa8Iq
Anderson .Paak,Ventura,Come Home (feat. André 3000),spotify:track:6RpunyUP44SDweJPDScLSF
Anderson .Paak,Ventura,Good Heels (feat. Jazmine Sullivan),spotify:track:1BSZGNpIm2nBt1hWSK2bRp
Anderson .Paak,Ventura,Jet Black (feat. Brandy),spotify:track:70pZIQqQ37SrNCADx0FiPN
Anderson .Paak,Ventura,King James,spotify:track:5ri4b7YQp2PWn8tl3MRYgE
Anderson .Paak,Ventura,Make It Better (feat. Smokey Robinson),spotify:track:4SBVWkRIMJ6WBCYPvr5Bwr
Anderson .Paak,Ventura,Reachin' 2 Much (feat. Lalah Hathaway),spotify:track:577g1tDBKntqev2lLDydxs
Anderson .Paak,Ventura,Twilight,spotify:track:1ZFg3nGsUSqkwmMPU9qLHk
Anderson .Paak,Ventura,What Can We Do? (feat. Nate Dogg),spotify:track:0kOxmoYqRXjAnc5ZfQ6TIs
Anderson .Paak,Ventura,Winners Circle,spotify:track:3AN70xkC9i9fFBpKlukRhY
Anderson .Paak,Ventura,Yada Yada,spotify:track:13UTQPeYjMFgalnk6rQ8sM
Andres,Out in the Open,You're Still the One,spotify:track:6aSI5qgrJU9gsjUTfXlx5q
Andreya Triana,Giants (Deluxe Edition),Clutterbug,spotify:track:0IuObM10aOdFl5oymLVftV
Andreya Triana,Giants (Deluxe Edition),"Everything You Never Had, Pt. II",spotify:track:6guSRt2tjHSUPS8dWtVRIg
Andreya Triana,Giants (Deluxe Edition),Giants,spotify:track:2hsdQwOxPeKvb7Y5JoSFui
Andreya Triana,Giants (Deluxe Edition),God Bless the Child - Jamie Cullum Radio Session,spotify:track:5KSFy7Gb20FuEpbwoeYnjy
Andreya Triana,Giants (Deluxe Edition),Gold,spotify:track:5IZXIU8nSBDMWoLO9uMWzF
Andreya Triana,Giants (Deluxe Edition),Heart In My Hands,spotify:track:3kUtrrPGqe3FetywfJfn63
Andreya Triana,Giants (Deluxe Edition),It's Not Over,spotify:track:01wqH1VtiNidO8a5ngMPfy
Andreya Triana,Giants (Deluxe Edition),Keep Running,spotify:track:0DdzbsHuD36erf4E8Hi2cj
Andreya Triana,Giants (Deluxe Edition),Love & War - Demo Version,spotify:track:2zfDJjtcdzhOBG29K0Dcn9
Andreya Triana,Giants (Deluxe Edition),Lullaby,spotify:track:3MZQgBqyV5hTJCC1BR26Uy
Andreya Triana,Giants (Deluxe Edition),Paperwalls,spotify:track:1IYZsihkMM9JKFMI1H1Np6
Andreya Triana,Giants (Deluxe Edition),Playing With Fire,spotify:track:1nl2MVT3XB6AnpEKw0wXOn
Andreya Triana,Giants (Deluxe Edition),Song for a Friend,spotify:track:3cNCQDNep4hv5ERmyC58Ie
Andreya Triana,Giants (Deluxe Edition),Stay With Me - Chris Evans Radio Session,spotify:track:6K86nZ9S6lXWZgID5uBoB0
Andreya Triana,Giants (Deluxe Edition),Superlove,spotify:track:2MSY0jywDrTwDIxdztbJCp
Andreya Triana,Giants (Deluxe Edition),That's Alright With Me,spotify:track:3flxp2ukyyb6BhAXjg5H8C
Andreya Triana,Giants (Deluxe Edition),The Changing Shapes of Love,spotify:track:06CgMb28VWjLBka6EfAGmL
Andreya Triana,Giants (Deluxe Edition),You Do Something to Me - Chris Evans Radio Session,spotify:track:7xTC8lIeZp2ywfkJq0Sb0f
Andreya Triana,Life In Colour,Something Real,spotify:track:6BvozGy9krdXhwDY0qgr7t
Andrè S.,DJ-Kicks (Moodymann),El Ritmo De Mi Gente - Mixed,spotify:track:0dz8EF7fHeJvAh8AONYRWl
Angelo De Augustine,Tomb,A Good Man’s Light,spotify:track:6Zc1pmZjhk8dRBJjfzJvUE
Angelo De Augustine,Tomb,All to the Wind,spotify:track:3qIwMliVV077wzfn2Y4l7I
Angelo De Augustine,Tomb,All Your Life,spotify:track:0qOaKU6zsnqt42S6YPJWuI
Angelo De Augustine,Tomb,Bird Has Flown,spotify:track:2NSTNAomB8aj3O9Z0DdPD4
Angelo De Augustine,Tomb,I Could Be Wrong,spotify:track:6jPoKxDEfliHHWCuhTnr9n
Angelo De Augustine,Tomb,Kaitlin,spotify:track:6rjIRSEXJvYIKyEtlvQg1W
Angelo De Augustine,Tomb,Somewhere Far Away from Home,spotify:track:1Zse0HM2ko5HzIzM8Ol7wQ
Angelo De Augustine,Tomb,Tide,spotify:track:57VYDOD1sI7zDLzaBpGRRl
Angelo De Augustine,Tomb,Time,spotify:track:4oU6HYNtuW2DzjgyYrOy8J
Angelo De Augustine,Tomb,Tomb,spotify:track:4IPCF4vkbVii2PFqUXQJ8D
Angelo De Augustine,Tomb,Wanderer,spotify:track:5d05Y4rvSpWlMbppWFAHbf
Angelo De Augustine,Tomb,"You Needed Love, I Needed You",spotify:track:61E4DgklZb36Oxn8el9NNy
Anne Clark,DJ-Kicks (Moodymann),Our Darkness - Mixed,spotify:track:13YUFHdySvJEmNG9VwSbz1
AnnenMayKantereit,Tom's Diner,Tom's Diner,spotify:track:0oA9wBGDY4uyILLg4GymWP
Aphex Twin,...I Care Because You Do,Acrid Avid Jam Shred,spotify:track:3Bp478Itxv8gxqqEcf8HRL
Aphex Twin,...I Care Because You Do,Alberto Balsalm,spotify:track:21Phj46KeUHOWyZW9A9b7P
Aphex Twin,...I Care Because You Do,Come On You Slags,spotify:track:1e3b0rN8vtP5q6ZCoLy5Ym
Aphex Twin,...I Care Because You Do,Cow Cud Is A Twin,spotify:track:3JdvEIcI6e6Ovi7bGJO1b1
Aphex Twin,...I Care Because You Do,Icct Hedral,spotify:track:74i6T5ax1LB1gBVhLg6q9d
Aphex Twin,...I Care Because You Do,Mookid,spotify:track:7uEpv5U7Oz12wFJHAyTa6I
Aphex Twin,...I Care Because You Do,Next Heap With,spotify:track:2xgrHMi01LBtWkPEMkGuYc
Aphex Twin,...I Care Because You Do,Start As You Mean To Go On,spotify:track:7F1YDlmTRGuOqmdDUElHfm
Aphex Twin,...I Care Because You Do,The Waxen Pith,spotify:track:0dZvL5TDpKiwvZtB49g6Ky
Aphex Twin,...I Care Because You Do,Ventolin - Video Edit,spotify:track:4z0oGEB1pZUvY6F6ee2ruu
Aphex Twin,...I Care Because You Do,Wax The Nip,spotify:track:0c1b3R5dLgliHXXGLErT2O
Aphex Twin,...I Care Because You Do,Wet Tip Hen Ax,spotify:track:0BHE7cwodOlQ8ctYFK8NzO
Aphex Twin,Syro,180db_ [130],spotify:track:2VfEcR59Czu8ii3u6kKeP8
Aphex Twin,Syro,4 bit 9d api+e+6 [126.26],spotify:track:3NK7KFnTh3rKCgUvsKIDfi
Aphex Twin,Syro,aisatsana [102],spotify:track:3ESsjKqrj3M79I8sSZieK3
Aphex Twin,Syro,CIRCLONT14 [152.97][shrymoming mix],spotify:track:3q7APrpWdg4zDc1Ve9Fm25
Aphex Twin,Syro,CIRCLONT6A [141.98][syrobonkus mix],spotify:track:0Zn4jYnGokSATIvpNLJAGd
Aphex Twin,Syro,fz pseudotimestretch+e+3 [138.85],spotify:track:4LKt0wUUHg7Tq3sfg0AwBK
Aphex Twin,Syro,minipops 67 [120.2][source field mix],spotify:track:6kzLbNxsJidjc80Nw3uZVg
Aphex Twin,Syro,PAPAT4 [155][pineal mix],spotify:track:2MmI2fOFAYnOJcMyWkn1js
Aphex Twin,Syro,produk 29 [101],spotify:track:4ZShsMZrAhAvemrjx1wxuv
Aphex Twin,Syro,s950tx16wasr10 [163.97][earth portal mix],spotify:track:41Df683q3DVvqdZxRee9l1
Aphex Twin,Syro,syro u473t8+e [141.98][piezoluminescence mix],spotify:track:1LWoUuBXLo7moQQ0Rm1Tf7
Aphex Twin,Syro,XMAS_EVET10 [120][thanaton3 mix],spotify:track:6CUxhtTkH0fSwfmsiOKPNV
Apifera,Lake VU,Lake VU,spotify:track:5oh273v4bBkjnsENv9TSNM
Arc De Soleil,Lumin Rain,Midnight In Saqqara,spotify:track:2Y9nPyKFkYP6xHsj8f2lPo
Arc De Soleil,The Thief in Marrakesh Got Caught in Amsterdam Trying to Escape,Got Caught in Amsterdam,spotify:track:72VliVsh3slpViyWTgRtgs
Arctic Monkeys,AM,Arabella,spotify:track:7nzsY8vlnKdvGOEE0rjAXZ
Arctic Monkeys,AM,Do I Wanna Know?,spotify:track:5FVd6KXrgO9B3JPmC8OPst
Arctic Monkeys,AM,Fireside,spotify:track:4atMrAadB7dS8xn9vfk9PQ
Arctic Monkeys,AM,I Wanna Be Yours,spotify:track:5XeFesFbtLpXzIVDNQP22n
Arctic Monkeys,AM,I Want It All,spotify:track:1j9rezdE3YeC7yktZXC1em
Arctic Monkeys,AM,Knee Socks,spotify:track:2LGdO5MtFdyphi2EihANZG
Arctic Monkeys,AM,Mad Sounds,spotify:track:75n7mraeMycQOl2sDGYaTe
Arctic Monkeys,AM,No. 1 Party Anthem,spotify:track:5TTGoX70AFrTvuEtqHK37S
Arctic Monkeys,AM,One For The Road,spotify:track:6wNUBZNWFxdUGof6vkaykE
Arctic Monkeys,AM,R U Mine?,spotify:track:2AT8iROs4FQueDv2c8q2KE
Arctic Monkeys,AM,Snap Out Of It,spotify:track:0NdTUS4UiNYCNn5FgVqKQY
Arctic Monkeys,AM,Why'd You Only Call Me When You're High?,spotify:track:086myS9r57YsLbJpU0TgK9
Ardisia,Quasar,Quasar,spotify:track:4I1J59beWQckPUcUo81SeO
ARDN,SHINE (with SiR),SHINE (with SiR),spotify:track:79cQ8BxtYKsb8nAp8LfcZB
Arlo Parks,Cola,Cola,spotify:track:0i6c86ntKJoZpKk8aCHL3c
Arlo Parks,Super Sad Generation,Cola,spotify:track:2HJRpd2aDSjFKrO3QHDKxt
Arlo Parks,Super Sad Generation,I Like,spotify:track:5BgfodYBmppmlfR8kEuBFT
Arlo Parks,Super Sad Generation,Romantic Garbage,spotify:track:47u2NzBGiWm2ZgYimGOh2v
Arlo Parks,Super Sad Generation,Super Sad Generation,spotify:track:2yWiiFMjGoNoOxLKbuTlsF
Armando Young,Loved Ones (Saudades),Loved Ones (Saudades),spotify:track:5xHvxOGmmVWSo5CL27zFml
Asake,Lungu Boy,MMS,spotify:track:13VXuHw3O8Yt7VwRIDqSo4
Asake,Work Of Art,Basquiat,spotify:track:2H0w7oYDjUvgsFlNQ5swIg
Ashley Henry,Beautiful Vinyl Hunter,THE MIGHTY (feat. Ben Marc),spotify:track:5uxnsy7Lo5SRRjtdKLQ6pz
Asulin,Suzume,Back in Town,spotify:track:60Fk6WxUWd0FKnWFyi7riJ
Asulin,Suzume,Deal with It II,spotify:track:398NF6GIOOQd2qkaxD123Q
Asulin,Suzume,Free the Jazz,spotify:track:0hF8bp4ag2tvyTwwDueUg6
Asulin,Suzume,Free the Jazz - Instrumental,spotify:track:0pgBXmOQSRyEa4bmLIJIOI
Asulin,Suzume,If You Wanna,spotify:track:6udPtAKHFa7uljlqdqQRGV
Asulin,Suzume,Shake It,spotify:track:2LjYFI2jfKv1lU21EpQnf2
Asulin,Suzume,Shine,spotify:track:2yOUrmH1diX3zT6pbfKCXV
Asulin,Suzume,Shugah Boi,spotify:track:2pDLz7THsTvlMi1Vofh47D
Asulin,Suzume,That's What I Call (Freedom),spotify:track:1hXCnlNNKWyCapwnvW9CE6
Asulin,Suzume,Turning,spotify:track:2kndqajbzhpgdCndKEMy6t
Asulin,Suzume,Where's the Sun in Berlin,spotify:track:2Zpws2Gj8xNMhk8N6qHCXY
Ata Kak,Obaa Sima,Adagya,spotify:track:65vq2oechRHNBRYW8UHVqd
Ata Kak,Obaa Sima,Bome Nnwom,spotify:track:5tFB2EiwiqJMbo2Nk0heSh
Ata Kak,Obaa Sima,Daa Nyinaa,spotify:track:567JRYU3Gxdvh9810wNc4s
Ata Kak,Obaa Sima,Medofo,spotify:track:0pLYEIw4Ncvjd5XexCI1Ue
Ata Kak,Obaa Sima,Moma Yendodo,spotify:track:0FdsyEzlCTRPW5Oma0Ut78
Ata Kak,Obaa Sima,Obaa Sima,spotify:track:0RleEAKmcUbJ3R7AK0dSfV
Ata Kak,Obaa Sima,Yemmpa Aba,spotify:track:1RENxgc4udMBGukDfgGt6K
Auntie Flo,Highlife World Series: Cuba,Mother Theresa - Original Mix,spotify:track:59IQ2oXNWFyoNJmISYjj7I
autumn keys,Fear And Loathing In Beats,The Past,spotify:track:1QVVzbM7y95ixqArcACBPP
Axel Boman,boyboy,Forgot About You - Piano Version,spotify:track:3slSz9yaD8Kp33Aq1JgxU7
Axel Boman,Studio Barnhus Volym 1,Forgot About You - Piano Version,spotify:track:5WMxMRXj84wAXaWnLbXpoz
AYLØ,Insert Project Name,wys?,spotify:track:0PXu0fcklo07iGE597wEUw
Azimuth,Late Night Tales: Floating Points,The Tunnel,spotify:track:3ijGUsq3BteadoccKedrNH
Azymuth,"Demos (1973-1975), Vol. 1 & 2",Juntos Mais uma Vez,spotify:track:6CLIa1Khmp5XVWFs6wIlW8
B0nds,In My Dreams,Day Dreamin',spotify:track:43rgSF79vl2dwyqpAk5m6Z
Baba Stiltz,Can't Help It (Radio Edit),Can't Help It (Radio Edit),spotify:track:2K4Cl7Whgw1MOSDk2XgffL
Baba Stiltz,Showtime,Maze,spotify:track:6BLKsFW6G694HOFGK7g4Cz
Baba Stiltz,Showtime,Serve,spotify:track:2OOHE8FnOak7aih4wUv9zS
Baba Stiltz,Showtime,Showtime,spotify:track:4toWIa8pnRTpLskiJSa5tb
Baba Stiltz,Showtime,Situation,spotify:track:4pWylAlBFJoAII6WWAi55v
Baba Stiltz,Studio Barnhus Volym 1,L.O.V.E.,spotify:track:331gBXUStQUdA1qQTcF8Gv
Baba Stiltz,Total,Aches,spotify:track:50KpKFoFaG5YZ5zHU18V57
Baba Stiltz,Total,Discovery - New Dawn,spotify:track:4EbSV4WC9GFKCZ9RM9dCWo
Baba Stiltz,Total,Drone Zone,spotify:track:2VsMv46DY9pM90fcwhAigu
Baba Stiltz,Total,Golden Eye,spotify:track:48zzG1gawHdD1HMrIjQ576
Baba Stiltz,Total,Hotel Exile,spotify:track:2YTu2FpjrDMycbVisaInXb
Baba Stiltz,Total,Ja Rule,spotify:track:31ZqRt346RAzHVAOClhk1F
Baba Stiltz,Total,Missing,spotify:track:11a4NwaBF6qlYJbhBMEgtb
Baba Stiltz,Total,Quest 1,spotify:track:4YcJGaLm0dfQP1bkaQVlXQ
Baba Stiltz,Total,Rain Dance,spotify:track:6LosWmQw00NlzkYsafVRsf
Baba Stiltz,Total,Reality Sparks,spotify:track:3H9uoY3GgiykxOFmOQlIQT
Baba Stiltz,Total,Sun Dance,spotify:track:4mBPOi8VIpW4Lqunihpegd
Baba Stiltz,Total,Weeeb,spotify:track:6fqCRiWENDe0uebhA29ebq
BAD WITH PHONES,Marinade,Ghost,spotify:track:6iBXRKGz2WTsfCUj6vI4VL
BADBADNOTGOOD,III,Can't Leave the Night,spotify:track:6bnzr3PBral9JJkErK8gV5
BADBADNOTGOOD,III,Confessions,spotify:track:7FzhTFnLBv0hh5n95CfejY
BADBADNOTGOOD,III,Cs60,spotify:track:4iExphCxtPatFRzCcLDXNU
BADBADNOTGOOD,III,"Differently, Still",spotify:track:5ybZID6VT6dCO4tnUyS5jp
BADBADNOTGOOD,III,Eyes Closed,spotify:track:3zLON1h1zpYNyCYjsyS6kX
BADBADNOTGOOD,III,Hedron,spotify:track:0pWnIpmAZ5A76v2Sbcy252
BADBADNOTGOOD,III,Kaleidoscope,spotify:track:2WYLT3SIoGEbaooETmh6EK
BADBADNOTGOOD,III,Since You Asked Kindly,spotify:track:1c2IJimGgnor56grJ97xMH
BADBADNOTGOOD,III,Triangle,spotify:track:6y2IEHstF8p8Zz9mJo6viE
BADBADNOTGOOD,IV,"And That, Too.",spotify:track:5GkByWawjHIN9OqkCxZFgh
BADBADNOTGOOD,IV,Cashmere,spotify:track:7MBA1IcHNZLsNhCftS2O27
BADBADNOTGOOD,IV,Chompy's Paradise,spotify:track:61EV24btdMJbACOq9mp2qT
BADBADNOTGOOD,IV,Confessions Pt II,spotify:track:1KZtRHgCAyXE19RHUySWdY
BADBADNOTGOOD,IV,Hyssop of Love,spotify:track:3bbXUxLDPPuwl7DTyO6PBd
BADBADNOTGOOD,IV,In Your Eyes,spotify:track:1Xm0HkaGqf0LDouD9Qmo2X
BADBADNOTGOOD,IV,IV,spotify:track:3qYsqCyIMyvnBA8CZPVLsE
BADBADNOTGOOD,IV,Lavender,spotify:track:6iPEiWr7OSz8qyu9wJPOtX
BADBADNOTGOOD,IV,Speaking Gently,spotify:track:4bYhDSjJBBYlnOytuzA56d
BADBADNOTGOOD,IV,Structure No. 3,spotify:track:79eLu4qjNomEpN4Frkvs0u
BADBADNOTGOOD,IV,Time Moves Slow,spotify:track:4eVUPMhqGFcmxo6cjv9KqA
BADBADNOTGOOD,Late Night Tales: Badbadnotgood,Late Night Tales: Badbadnotgood - Continuous Mix,spotify:track:4fnpYCftvt28RkiIsfeVER
BADBADNOTGOOD,Late Night Tales: Badbadnotgood,To You,spotify:track:0bmwICSaQp0JA4Qoh0h1b7
BADBADNOTGOOD,Late Night Tales: Bonobo,Hedron,spotify:track:10lGufP5RmCsUwKDTcPpxs
BADBADNOTGOOD,Sour Soul,Experience,spotify:track:5S45xzDC2dQY8GTz1Kr4nO
BADBADNOTGOOD,Sour Soul,Food,spotify:track:7DpnttMydio37skIFemNgz
BADBADNOTGOOD,Sour Soul,Gunshowers,spotify:track:6DXadaMKDmZ0iqpoW90LH2
BADBADNOTGOOD,Sour Soul,Mind Playing Tricks,spotify:track:1RoJ5IoX8Z2k39S5BEjMwZ
BADBADNOTGOOD,Sour Soul,Mono,spotify:track:3i2lxxX5FwrAhJn5P4wKJI
BADBADNOTGOOD,Sour Soul,Nuggets of Wisdom,spotify:track:3ucqcv4KSz5x0Pwzdt5oaA
BADBADNOTGOOD,Sour Soul,Ray Gun,spotify:track:0IzR5fjY9gSy3nWxXosrQc
BADBADNOTGOOD,Sour Soul,Six Degrees,spotify:track:37ZADMiSxNnF4qfDgTMP2x
BADBADNOTGOOD,Sour Soul,Sour Soul,spotify:track:48mJsuV6IsDVrjkhqR2mHG
BADBADNOTGOOD,Sour Soul,Stark's Reality,spotify:track:4g0Wf7LI9Tkc2bguydczrK
BADBADNOTGOOD,Sour Soul,Street Knowledge,spotify:track:3iyLRmBV4e6EpbiBsVp8xb
BADBADNOTGOOD,Sour Soul,Tone's Rap,spotify:track:3xRB45SiXwb4mU50U0IYum
BaggE,What About Summer?,So True,spotify:track:0v6DkxaLsnWyGUl9tp47g6
Bakar,Small Town Girl,Small Town Girl,spotify:track:7tbpHQMGcySPP07HlhWcBQ
Bakar,Will You Be My Yellow?,Hell N Back,spotify:track:6xxG3HbexOhJKyiLmtUPhT
Balthazar,Applause,Blood Like Wine,spotify:track:7Mf6LZK5LARa6ktVIWY2KV
Balthazar,Applause,Blues for Rosann,spotify:track:38OfGJAxrejii61zQaLxvk
Balthazar,Applause,Fifteen Floors,spotify:track:5smVsMNxoKIp042Xh4DlsM
Balthazar,Applause,Hunger at the Door,spotify:track:4SCFKDBW8Q2q3J8FdHMPKX
Balthazar,Applause,I'll Stay Here,spotify:track:0xaM7vWMZKO3aPN65nZ0lY
Balthazar,Applause,Intro,spotify:track:0uZTTxyvoAHQYslM8qjs7W
Balthazar,Applause,More Ways,spotify:track:4ljzeG0mOkEyVUEtdXhpvu
Balthazar,Applause,Morning,spotify:track:1ZDlbvkWjWurhUhRUCdUPl
Balthazar,Applause,The Boatman,spotify:track:4LjG1nVGEp03WXCkSNZ84m
Balthazar,Applause,Throwing a Ball,spotify:track:6bgHmyEOirCbuUAJ9CA7sn
Balthazar,Applause,Wire,spotify:track:3rk9wUq7Tf7h7cQ13OVBca
Balthazar,Fever,Changes,spotify:track:4LGVDb86wPxz6CIvRfJH3n
Balthazar,Fever,Entertainment,spotify:track:4UBI0JogSXs2O1pr9ubCWv
Balthazar,Fever,Fever,spotify:track:1WxOIfBGKoFu0zJyUDsqYF
Balthazar,Fever,Grapefruit,spotify:track:15ciugx2o2HAXN1bdo0EB2
Balthazar,Fever,I’m Never Gonna Let You Down Again,spotify:track:6QX1db1o8uzk7XkF5esBb1
Balthazar,Fever,Phone Number,spotify:track:3zOQGnAn87X7qXNzopxuDT
Balthazar,Fever,Roller Coaster,spotify:track:5FnnMDaZgkJ4hHTc7hRI97
Balthazar,Fever,Whatchu Doin’,spotify:track:1W6vxiNlDwykqlbADLHAsh
Balthazar,Fever,Wrong Faces,spotify:track:4JIeie1HW70feBl8erfKGD
Balthazar,Fever,Wrong Vibration,spotify:track:18PwvX64MX1RAYqdSPokMr
Balthazar,Fever,You’re So Real,spotify:track:67SY1xdzzHbagT1j288GRG
Balthazar,Rats,Any Suggestion,spotify:track:6SIISv6FqGvAVpC403zG4v
Balthazar,Rats,Do Not Claim Them Anymore,spotify:track:0HghBCFG6S68Yr5Kf8K3sg
Balthazar,Rats,Joker's Son,spotify:track:389kYqJ8XIKJAEIuhIkzB3
Balthazar,Rats,Later,spotify:track:5xtwX31B89apd0farwIgir
Balthazar,Rats,Lion's Mouth (Daniel),spotify:track:3dRkXTjFc88uJPuPzh3fPT
Balthazar,Rats,Listen Up,spotify:track:0svPHk2DEXjctuHkD9JZYK
Balthazar,Rats,Sides,spotify:track:44ngWAGBPo76neztPraXU9
Balthazar,Rats,Sinking Ship,spotify:track:5TMYoFI1BXceF57XavUaSb
Balthazar,Rats,The Man Who Owns The Place,spotify:track:0k3aO0URuzh61mVzFmFyK7
Balthazar,Rats,The Oldest Of Sisters,spotify:track:11QCdSEv5F3zdNNbJJPlrI
Balthazar,Sand,Leaving Antwerp,spotify:track:0yzy8mHNNbcZfj6BAkcNxa
Balthazar,Thin Walls,Bunker,spotify:track:0R4l8uepOzxFoF1xWQq2nh
Balthazar,Thin Walls,Decency,spotify:track:5JluTzkpD4gHQ1wTRL5FcF
Balthazar,Thin Walls,Dirty Love,spotify:track:60jNZVdbmnIerCf6DED6rN
Balthazar,Thin Walls,I Looked For You,spotify:track:1VhL5a2AzZGSEwNMj3FRjo
Balthazar,Thin Walls,Last Call,spotify:track:0WyOHs9GHVxKvjYrN78Czw
Balthazar,Thin Walls,Nightclub,spotify:track:0VMcTp1INmOd8UwIRa8Id6
Balthazar,Thin Walls,So Easy,spotify:track:7tw1MDnk8bLgx9XgUxU3Yc
Balthazar,Thin Walls,Then What,spotify:track:7atMNcOdSx7YikocJaYyid
Balthazar,Thin Walls,True Love,spotify:track:41ifNf6gTWqpkhhQUpU15a
Balthazar,Thin Walls,Wait Any Longer,spotify:track:1r5zuz8SjAjxulCo3Iu1uF
Barakas,fabric presents Bonobo,Roach - Mixed,spotify:track:77iLVVBk3a3YPMVPzScUw2
Barry Can't Swim,Chala (My Soul Is On A Loop),Chala (My Soul Is On A Loop),spotify:track:2TidiXg42kktDIl8WhNPWk
Barry Can't Swim,When Will We Land?,How It Feels,spotify:track:3NZz7DWeVQesSOn6mO39F7
Barry Can't Swim,When Will We Land?,Woman,spotify:track:1WaiCFnNlnpy6NFf3Ga00R
Barry White,Can't Get Enough,"Can't Get Enough Of Your Love, Babe",spotify:track:3mWpUEBYnv9SIFWfixSJFx
Bastien Keb,22.02.85,Cashmere,spotify:track:1D91Ba3nwx9zH5JUZJjLEU
Bastien Keb,22.02.85,Crumbs,spotify:track:1vsPwyOZlTh24xL1e6Scuj
Bastien Keb,22.02.85,Fit Rare,spotify:track:4Cjy0WHW6GLG52hNvFs1B9
Bastien Keb,22.02.85,Glue (Daydream),spotify:track:6woJnWcg7uyOfpeRARCMVn
Bastien Keb,22.02.85,Glue (The End),spotify:track:6ATvsgagizDihMMb3FlfQv
Bastien Keb,22.02.85,Intro,spotify:track:6lSCiBqhFNDJNvqVWMhcAF
Bastien Keb,22.02.85,My Lovely Wool,spotify:track:1nNkNwJhY5Jfzo8lwJBPXB
Bastien Keb,22.02.85,Night Hustle,spotify:track:5YfXDhOokyqZvqQPXcb9Ih
Bastien Keb,22.02.85,Nocturnal / Midnight Shift (Serious Thumb),spotify:track:0ymvaHlgXXw1nd1FC6uPaM
Bastien Keb,22.02.85,Pick Up,spotify:track:5KgDztq0q1kEO4UXVDCrID
Bastien Keb,22.02.85,Rare Fit,spotify:track:04qmGlYm5skEhuPQpEY9vN
Bastien Keb,22.02.85,The Cut,spotify:track:31sJebHEJmlaAZywYwxB1R
Bastien Keb,22.02.85,The Lug,spotify:track:5ZV9r6i5KDxB0TDEfkNG15
Bastien Keb,22.02.85,Town,spotify:track:0iwe8eqUy54DVlLIIT3Xzu
Bastien Keb,22.02.85,Yela,spotify:track:7qHs5CGoB4j6IyS4rnrmDW
Bastien Keb,22.02.85,Younger,spotify:track:2HHECOi5jUnDWUclDrIYwx
Bastien Keb,Dinking in the Shadows of Zizou,Beat Without a Heart,spotify:track:4CeznMm6JJdddkB2BQR396
Bastien Keb,Dinking in the Shadows of Zizou,Blurs,spotify:track:6TqvylMp6xLD5qnK518AOS
Bastien Keb,Dinking in the Shadows of Zizou,Chicken Stomp,spotify:track:5QqIrQbPUM5yaaYeTNrtrI
Bastien Keb,Dinking in the Shadows of Zizou,Deer,spotify:track:6Vv5wpFqSoxwoQq75ekUR0
Bastien Keb,Dinking in the Shadows of Zizou,Doodlebag,spotify:track:0hHHjiuOciHtS6lJunCChi
Bastien Keb,Dinking in the Shadows of Zizou,Down River,spotify:track:0dBpMwKj8r2N3d9TJrLXKd
Bastien Keb,Dinking in the Shadows of Zizou,Down Shoe Gum,spotify:track:7vJFHMJPAGC0oPCuDApDcp
Bastien Keb,Dinking in the Shadows of Zizou,Hum,spotify:track:1gf6nBYSW8RHTaDxNJgaBK
Bastien Keb,Dinking in the Shadows of Zizou,Love Just Died Tonight,spotify:track:4UlEozI1eZLvSb5Ysiyl7Y
Bastien Keb,Dinking in the Shadows of Zizou,Peardrops,spotify:track:5PnrPQBOKICTOGyURhaf8d
Bastien Keb,Dinking in the Shadows of Zizou,Pork Belly,spotify:track:1mZE01nEHDRL0clez0iRFj
BCUC,Emakhosini,Insimbi,spotify:track:6fFVALmOqO4bkYrNFaPHX7
BCUC,Emakhosini,Moya,spotify:track:6zTjZss0SNf8sVlIWqbWhp
BCUC,Emakhosini,Nobody Knows,spotify:track:3XtZRa7GspI8tTdqckz0eu
BCUC,Isivunguvungu,Isivunguvungu,spotify:track:0I0TPNWtHZpjpzoTjUzgeT
BCUC,Our Truth,Asazani,spotify:track:4hgVB0l8OC3gzwzRUQEoys
BCUC,Our Truth,In My Blues,spotify:track:30QIx6dT5ufAHKpse5Sif0
BCUC,Our Truth,Yinde,spotify:track:5kTNlujavCdmRACR7GpUvr
BCUC,Our Truth,Yinde - Short Version,spotify:track:1N7v6NMPwwxR3q4gGK8ztR
BCUC,The Healing,Isivunguvungu,spotify:track:2Q9rWqk2etobjqHiD1k7eO
BCUC,The Healing,Sikhulekile,spotify:track:5gZpo5TYaU2MjC3Zvr47p7
BCUC,The Healing,The Journey with Mr. Van Der Merwe,spotify:track:1eXc0p7nFDOAmhbZkvhBfZ
Beady Belle,DJ-Kicks (Moodymann),When My Anger Starts To Cry (Moodymann Edit) - Mixed,spotify:track:6T25kPL4PXN562wMYISJci
Beat Spacek,Modern Streets (Deluxe Version),Alone in Da Sun,spotify:track:7Jlo83ij4lPWhcXIpoZEnR
Beat Spacek,Modern Streets (Deluxe Version),Back to School,spotify:track:2LV4NUtSdj7RGMGnPjLK9S
Beat Spacek,Modern Streets (Deluxe Version),Compact n Sleep,spotify:track:0mKrnzn0qtTXqNMhvwrMkd
Beat Spacek,Modern Streets (Deluxe Version),Gotta Get Some Music,spotify:track:5EbFjgORg0Sctmn8np1jV4
Beat Spacek,Modern Streets (Deluxe Version),I Wanna Know,spotify:track:0H5v6MhNUcjZdgXbwQ2OE2
Beat Spacek,Modern Streets (Deluxe Version),I Wanna Know - dBridge Remix,spotify:track:5zEmP9MqpYNK11aze58oWj
Beat Spacek,Modern Streets (Deluxe Version),I Wanna Know - Seven Davis Jr Midnight Remix,spotify:track:7zYyD7LYavcUTG3TkbhCB0
Beat Spacek,Modern Streets (Deluxe Version),I Want You,spotify:track:229b30fC8AxPqrPa3MfXQP
Beat Spacek,Modern Streets (Deluxe Version),I Want You - Animal Collective Remix,spotify:track:0UzuBlIJgwhCQiALlAIdYX
Beat Spacek,Modern Streets (Deluxe Version),If You Are My Chalice,spotify:track:4T82Q8BSMI95JRWvdmjOzt
Beat Spacek,Modern Streets (Deluxe Version),Inflight Wave,spotify:track:55uTeuqc19yYDYotxVb4JZ
Beat Spacek,Modern Streets (Deluxe Version),Modern Streets,spotify:track:21bUYUflHPdaFWQDh0RGR5
Beat Spacek,Modern Streets (Deluxe Version),Stand Firm,spotify:track:1im5at1F6jdWZ4mbHhT6rP
Beat Spacek,Modern Streets (Deluxe Version),There is a Love,spotify:track:60GGGBAAUZonSr629hA9Hd
Beat Spacek,Modern Streets (Deluxe Version),Tonight,spotify:track:07xE7c9qF0RlFPM1CK4ffP
Beat Spacek,Modern Streets (Deluxe Version),You’re the Only One,spotify:track:6gAAe3xzm7HqU4PrThV0fp
Bella Boo,boyboy,boyboy,spotify:track:4nPxslqyW55H8Mye6bAXle
Bella Boo,Can't Leave You Like This,Can't Leave You Like This,spotify:track:3CWBf0gBsPvTsP02CbvNze
Bella Boo,Fire,"Homesick, Where's Home",spotify:track:15HO5L7RJJjdbd9FleZIUF
Bella Boo,Fire,Is It Rude To Wear My Shades,spotify:track:5GCHTLBONx5VeHyjpehBdr
Bella Boo,Fire,Keep Me Warm,spotify:track:0OnUVIhHgmLn3VK3FdW8DQ
Bella Boo,Fire,LA Confidential,spotify:track:24h57F3ZefutPvNAMT58EK
Bella Boo,Fire,Magnolia,spotify:track:6XXB3inTmO6VvU8pbU4vDj
Bella Boo,Once Upon A Passion,Can't Leave You Like This,spotify:track:0avQvvhBCpdzxqwxrtOxzH
Bella Boo,Once Upon A Passion,Stars,spotify:track:0Yuv36SZkHqCwozz8iGUsC
Bella Boo,Studio Barnhus Volym 1,boyboy,spotify:track:3lxXZtIzyZyzA5qqIpX6vV
Bella Boo,Supervillain,Barak,spotify:track:66bCScppMT86so5Jf2Vqf6
Bella Boo,Supervillain,The Hours,spotify:track:5pDMx1xOnhSomxKkJmez4p
Bella Boo,Supervillain,Álom,spotify:track:2yGif5vdTFISbpFvPLmOqM
Ben Beal,Concussion,Concussion,spotify:track:6LVAOGbEUxPU6BboZ06YQg
Ben Hauke,From Here,From Here,spotify:track:2j6VGF8Vu560qte9Kqitb5
Ben Hauke,Only Old,Bait-Leo,spotify:track:0RTYYrZlmXINODcy3GQSha
Ben Hauke,Only Old,Digi Luv,spotify:track:59tK5IkwJdtdNTbzs7ZMJi
Ben Hauke,Only Old,Get up to Get Down,spotify:track:2tvGghkcNtOoGH83nifpi0
Ben Hauke,Only Old,It Weren't a Satalite,spotify:track:40uArQdFgnPyDivvaAxo17
Ben Hauke,Only Old,Only Old,spotify:track:32VW966duSTujemvDoZMNu
Ben Hauke,Only Old,Runners,spotify:track:2Db8LUiAQFDF71k2IrtVpl
Ben Hauke,Only Old,You're Not Deep,spotify:track:13kSzxMgX56WwNuXxkfWE3
Ben Hayes,Ready Yet,Ready Yet,spotify:track:37O5BWTGTlzrl9OC8juyny
Benedict Cumberbatch,Late Night Tales: Bonobo,"Flat of Angles, Pt. 3",spotify:track:5zZL3GwlXqxnoDLxCoLnd4
Benny Sings,Beat Tape,461,spotify:track:5ftLrW74UWJEFLznDP0tvk
Benny Sings,Beat Tape,Chance Ben 1,spotify:track:6fs1LHA1qMoBLp4XHwovEj
Benny Sings,Beat Tape,Definite High,spotify:track:6pdzJqe5nMwrIA73Ns7wcM
Benny Sings,Beat Tape,Disco,spotify:track:4S61nFbE4MU8I0SeiI2Ebw
Benny Sings,Beat Tape,Don't Say It's Over,spotify:track:60gQh680RSuRqXXpF9PRql
Benny Sings,Beat Tape,Funny,spotify:track:7K9xrrxH5sOjl8Ge5YAqOe
Benny Sings,Beat Tape,Hold That,spotify:track:6ePhzOU8otPJubsQAxP4b0
Benny Sings,Beat Tape,Little by Little,spotify:track:5XhOjxPvdDEZ3X8t2k0hxp
Benny Sings,Beat Tape,Nakameguro,spotify:track:0v7EEPmuO1igfhu6YaidDr
Benny Sings,Beat Tape,One Night in Prague,spotify:track:1dQifN7wLfwshe3RL5ztQT
Benny Sings,Beat Tape,R,spotify:track:0qNVY4n91Y9XZy3S7zUL0Z
Benny Sings,Beat Tape,Replay,spotify:track:5jMYg0nE8vcrByMs6ACBfu
Benny Sings,Beat Tape,Song 9,spotify:track:6I09tB8NEitPBfPteuEFBf
Benny Sings,Beat Tape,Spread a Little Love,spotify:track:2macPZ8P7qjdHJybEVocsv
Benny Sings,Beat Tape,Untitled 7,spotify:track:3ttptv5sr6kbX95iEUpVU9
Benny Sings,Beat Tape,Vinyl Extracts 12 2,spotify:track:4YSi7mbW5JUVTJbxROQmGr
Benny Sings,Beat Tape,When You Go,spotify:track:0dsk4223rIOxLQfzS5LECU
Benny Sings,Beat Tape,Who Wins,spotify:track:5MmBllvsbEBzcTrX1qyUjM
Benny Sings,Beat Tape II,Falling,spotify:track:4noxdE3Q21wNBRkEOhJ3Bj
Benny Sings,City Pop,Dreamin’,spotify:track:2O0Uv2zi4beCTnJRCy9u8m
Benny Sings,City Pop,Duplicate,spotify:track:5gzekvtZf0zYqjuroPVtjr
Benny Sings,City Pop,Everything I Know,spotify:track:0tswESduesdu1i4Dt8Yqbr
Benny Sings,City Pop,Familiar,spotify:track:15klBr1HXbBJYcC993sh1n
Benny Sings,City Pop,Late At Night,spotify:track:5l4OMUPN6cLY2R6XujsUDW
Benny Sings,City Pop,My World,spotify:track:2Bf44373HcrkFw3WBC5VW9
Benny Sings,City Pop,Nakemeguro,spotify:track:4WMo5xKJ8WhylVvDYW0qZP
Benny Sings,City Pop,Not Enough,spotify:track:4ygJODcMdMzX2I8C93z8Dh
Benny Sings,City Pop,So Far So Good,spotify:track:5DuCKh4EQGiHo3vQ9RE1XS
Benny Sings,City Pop,Softly (Tokyo),spotify:track:3ojlcemDXMrr4zG3KT6P9P
Benny Sings,City Pop,Summerlude,spotify:track:0Efs563zD0G5RG61Vaceus
Berjan,reserved...,reserved...,spotify:track:6p9Sy9SswMeeXMFovq0fgB
Beshken,Fire Your Gun,Fire Your Gun,spotify:track:1g7ANutaiaPpw6t0zW6DuZ
Beshken,Victim / The Medicine,The Medicine,spotify:track:0u81XdAnsWIc0s4TOdzIbD
BexBlu,TWO THOUSAND AND NEVER,TWO THOUSAND AND NEVER,spotify:track:1s2r1kvyzTy7W0n7InmeGK
BexBlu,"Wavy, Vol. 2",whereishe_,spotify:track:5pCKpCTVZlI0jjflO8a4oo
BICEP,Apricots,Apricots,spotify:track:73X9X7kDgsm4YeHpc8prf6
BICEP,Bicep,Aura,spotify:track:1YRmwmoN3oBezY2ND8jhyH
BICEP,Bicep,Ayaya,spotify:track:25L371GlKBBBnIJhtlYRVI
BICEP,Bicep,Ayr,spotify:track:3AaQOH2QUB0oKm5sbHjpQo
BICEP,Bicep,Drift,spotify:track:5xvHKh0QAbzYUUiazFGnAD
BICEP,Bicep,Glue,spotify:track:2aJDlirz6v2a4HREki98cP
BICEP,Bicep,Kites,spotify:track:6JwjGna6Xl463INNMr4anO
BICEP,Bicep,Opal,spotify:track:5b8yttQjXgh03MjFQDxO1c
BICEP,Bicep,Orca,spotify:track:3gA3UvnTI1r7p37pCWQrLM
BICEP,Bicep,Rain,spotify:track:1uhGW4jUw12CdZCnXBKanD
BICEP,Bicep,Spring,spotify:track:5oCMn6EWKsPOgOLnBYLGcU
BICEP,Bicep,Vale,spotify:track:2TpPnvQPkXRaY1q7kVbeJ4
BICEP,Bicep,Vespa,spotify:track:7drMbzUHSJwsjdenHMDMrK
BICEP,Opal (Four Tet Remix),Opal - Four Tet Remix,spotify:track:3VtTuQ6lypMoOBcm6VMzdh
BICEP,Rain EP,Helix,spotify:track:3i6qmDVRuV8dzENGl2MuAg
BICEP,Rain EP,Rain,spotify:track:5xAXiqiLA8cqBhG6Tgl4Ww
BICEP,Rain EP,Rain - Edit,spotify:track:5n3Z05qsNCoZ7Zyepvjsx8
Big Muff,DJ-Kicks (Moodymann),My Funny Valentine - Mixed,spotify:track:7sSSfT40ccyUXAvKgC0voU
Biig Piig,Raze : Plan B,Raze : Plan B,spotify:track:1Ek9TuXUEiRvp7PuVYRYOk
Bill adlib,Habits,Habits,spotify:track:6aIDchbiNpHogZ54PL9782
Bill adlib,Smylo,Murky,spotify:track:3NHRoeyWpEnAINKBVOjo9n
Bill adlib,Smylo,Untimely,spotify:track:3eUW5xyl7kgbsBNL2BOOor
Bill adlib,Smylo,VBS,spotify:track:6vp645JhmGDkWyCPZ82AL8
Bill adlib,Smylo,Yung Argent,spotify:track:1w1ls1iyudYS8STnBQ8y6e
Bill Evans,Late Night Tales: Bonobo,Peace Piece,spotify:track:0mk1TFxHHKjuEutJCXBUK0
Bill Laurance,Keeping Company,Africa,spotify:track:604uWfzWdLCoJt4cFy8P2a
Billy Davis,A Family Portrait,Ball and Chain,spotify:track:4IjMHtRPQk2wS2DVIdNlXR
Billy Davis,A Family Portrait,Earthquakes,spotify:track:1L7J7xpWNEQSC7cCfY4wl4
Billy Davis,A Family Portrait,Esau,spotify:track:5g3ZpBnSOm9alxfTakTmGG
Billy Davis,A Family Portrait,Front Porch,spotify:track:6VwG8wpGLReBWR1JIRxZ3z
Billy Davis,A Family Portrait,Golden,spotify:track:4T7CCufzOP7TcbhkdQ9dAk
Billy Davis,A Family Portrait,Goldfish,spotify:track:5eqriQ63NwTECztsOCbhcE
Billy Davis,A Family Portrait,I Don't Care,spotify:track:01oO63Bi080Sw5WRVQdJn2
Billy Davis,A Family Portrait,Intro,spotify:track:2KoBvHxL2elHoiK9dKUBUn
Billy Davis,A Family Portrait,Jacob,spotify:track:3LBZjk1jGPWcml96EJobWb
Billy Davis,A Family Portrait,No Longer Lovers,spotify:track:6FCSvoGcgfB8TvPf2BlfnA
Billy Davis,A Family Portrait,Not Polite,spotify:track:68kYDJKRTFuTMKhdnSU2SS
Billy Davis,A Family Portrait,Postcards,spotify:track:16SdyC3fLRLsfVVgNZFr5v
Billy Davis,A Family Portrait,Rocking Chair,spotify:track:0myBtNCZSNYez1Tg4eW2vK
Billy Davis,A Family Portrait,Used Goods,spotify:track:5AS5ZI1aA7yWVxrlS6vDKa
Billy Eckstine,The Spirit Of Memphis (1962-1976),Stormy,spotify:track:3hDMFnflwDoxLKrkf72m0X
BINA.,Mercedes to Hades,Mercedes to Hades,spotify:track:2B8B7YYWOpn3jwVPGxiyha
Black Pool,For Millie,GND,spotify:track:6BTLuMlkztpmdv1tN0GvWa
Black Pool,For Millie,Honey,spotify:track:3ueiyKwWagK2zhgX3gjxH9
Black Pool,For Millie,Lady,spotify:track:7DFNmSDvibfnUiHTKhTGJv
Black Pool,For Millie,Mind,spotify:track:4MuvpHBHTDgUvsBU0MJJRo
Black Pool,For Millie,She Bad,spotify:track:19COmkc7t7vUvpZYvHuwud
Black Pool,For Millie,Sister,spotify:track:0Qzs1wcNdyFA1v9eRWczWH
Black Pool,For Millie,Tall Tale,spotify:track:1qpGKwXZTNfUIzoEGOW6U6
Black Pool,Here for Now,Feels,spotify:track:6GjAvXPmBBdph0DSIO3owT
Black Pool,Here for Now,Give It All to Me,spotify:track:4f1MOhX1eEls7hVsEEPKIO
Black Pool,Here for Now,Medusa,spotify:track:6DJo0sTM1xmVGLEO70mdRC
Black Pool,Here for Now,See Me Bye,spotify:track:7EOnAr3V26gz0IL7xRbKxT
Black Pool,Joven Pirata,Baby Please,spotify:track:6c1T4m4RcD1RMF7ROmcbh2
Black Pool,Joven Pirata,Cashmere Baby,spotify:track:5SrfclddwYE4JkwY8UqF7H
Black Pool,Joven Pirata,Dancing Alone,spotify:track:6TjvnTIQWBviDN1vkRCX2Q
Black Pool,Joven Pirata,One Day,spotify:track:1y8IGNy0JpTDIpjcsLoptk
Black Pool,Joven Pirata,Sun Dress,spotify:track:6UzS6g9FI4htBQM6fhKwxD
Black Taffy,Elder Mantis,Border Reeds,spotify:track:2Q2R1v7G2m98vxzanIaUmZ
Black Taffy,Elder Mantis,Corridors,spotify:track:2o1Tlm9mSOCTKJCcSF3Y5h
Black Taffy,Elder Mantis,Divining Rod,spotify:track:28SFcczw9B4s787W6zjOhM
Black Taffy,Elder Mantis,Geraldine,spotify:track:46s6cMEsXsZV9Y5EZpS77U
Black Taffy,Elder Mantis,Jaguarundi,spotify:track:1p8Ce8dVOytKxo5D10FYBp
Black Taffy,Elder Mantis,Land of Nod,spotify:track:5cPKiucAF4J47nbvZ29oXb
Black Taffy,Elder Mantis,Lantern Flies in Mist,spotify:track:7MzBB6I4ZScbUmEXfDdDhB
Black Taffy,Elder Mantis,Para Los Campana,spotify:track:1If80neJlCPdoJQLkSveYE
Black Taffy,Elder Mantis,Private Shadows,spotify:track:66EDEc5gTYiMNjOmqw61u3
Black Taffy,Elder Mantis,Switchback,spotify:track:1wxrwVZEzf4snPSkyYwVV1
Black Taffy,Elder Mantis,The Empty Mirror,spotify:track:1KnrfbyPRiqFeC5GqlltVm
Black Taffy,Elder Mantis,Windflower,spotify:track:3Vwl1vBiC2GXOOyJT4IsJG
Black Taffy,Parlour Arcana,Balladet,spotify:track:0Eoi8097X6GSwIBU3fNfdA
Black Taffy,Parlour Arcana,In Repose,spotify:track:6JZYxBOvNLifYKvooXJJfM
Black Taffy,Parlour Arcana,Mangroves,spotify:track:3jhDUWyi8sKUJPFO4VIQ3T
Black Taffy,Parlour Arcana,Red Dragonfly,spotify:track:3FmS1F9CSpVoHIMss7fAgp
BLCKEBY,INNER REMIX PACK,Origin's Riddim - Fight Pausa Remix,spotify:track:6K9QWn5EhXhDD8G7rfN3F4
Blood Orange,Cupid Deluxe,Always Let U Down,spotify:track:79GPR5DxNCHs5dpKpcYBDO
Blood Orange,Cupid Deluxe,Chamakay,spotify:track:2iR4oHXi5qsb17b0KHVpon
Blood Orange,Cupid Deluxe,Chosen,spotify:track:0AHJWgA2mLYz2iFVwbCeod
Blood Orange,Cupid Deluxe,Clipped On,spotify:track:3YCoVXFnaF5cct0hOxFeQO
Blood Orange,Cupid Deluxe,High Street,spotify:track:2NewVZgMr1DLTMJlIsAVDv
Blood Orange,Cupid Deluxe,It Is What It Is,spotify:track:0BPWY79wNehGVARtwJawYV
Blood Orange,Cupid Deluxe,No Right Thing,spotify:track:5u8ZMevzINPCrN2uXQkeNZ
Blood Orange,Cupid Deluxe,On the Line,spotify:track:0geNERhyAP47qUaTaRz2o0
Blood Orange,Cupid Deluxe,Time Will Tell,spotify:track:70tw9q994ypHb16M4Thnod
Blood Orange,Cupid Deluxe,Uncle ACE,spotify:track:0Cn4UhpHhgf88eWaS9nn5u
Blood Orange,Cupid Deluxe,You're Not Good Enough,spotify:track:7vcNp4cj4uF4AyX5aKY4Ps
Blood Orange,Freetown Sound,Augustine,spotify:track:4sln3hvqGxLEUCcAmTO4pR
Blood Orange,Freetown Sound,Best to You,spotify:track:1p2TWJxUlHE5JR0sE6E1d7
Blood Orange,Freetown Sound,Better Numb,spotify:track:6o56rtbc0ciUPQcDKFGKEd
Blood Orange,Freetown Sound,Better Than Me,spotify:track:0S001mAQoYNpTyVRu8BmMp
Blood Orange,Freetown Sound,But You,spotify:track:4Q7Iacj0dnfOu3bdXTcCUA
Blood Orange,Freetown Sound,By Ourselves,spotify:track:5UBJPtR2I4dAkZKOtY3ES6
Blood Orange,Freetown Sound,Chance,spotify:track:5VchXoIQe8DkzgIu2pTIEa
Blood Orange,Freetown Sound,Desirée,spotify:track:0A6Ex80dxSp8JP545CR34i
Blood Orange,Freetown Sound,E.V.P.,spotify:track:0e43YnIeghIkDOW146x3G5
Blood Orange,Freetown Sound,Hadron Collider,spotify:track:0sZBuwbeKsauQvnOuSRypq
Blood Orange,Freetown Sound,Hands Up,spotify:track:1UdR2sWnDBRd3m0YxZRkMG
Blood Orange,Freetown Sound,I Know,spotify:track:32gJ6tgfi1TQGpaOXGq5se
Blood Orange,Freetown Sound,Juicy 1-4,spotify:track:0ToIU1A4H4QsuNEwPj1ljr
Blood Orange,Freetown Sound,Love Ya,spotify:track:1pELK1Wjc3BJu1o1qfHWIj
Blood Orange,Freetown Sound,Squash Squash,spotify:track:4YpWlvxGkGMq55rJUlsWNx
Blood Orange,Freetown Sound,Thank You,spotify:track:1kAcUQO9bBz5c4zwIXIGMO
Blood Orange,Freetown Sound,With Him,spotify:track:07vkqVkprUh8XL7Kz1CJ5Z
Blood Orange,Negro Swan,Charcoal Baby,spotify:track:3bBmpVl9rQKJsFFGLFilIS
Blood Orange,Negro Swan,Chewing Gum,spotify:track:3jxExv27cf3OSt0BXtAR6Z
Blood Orange,Negro Swan,Dagenham Dream,spotify:track:7wA6K5a70ApY3Ypgqg4Gbz
Blood Orange,Negro Swan,Family,spotify:track:5tKfFMLrqjLHZWBTXgtc79
Blood Orange,Negro Swan,Holy Will,spotify:track:6ImkphIMAbZRkZOJuVrTA2
Blood Orange,Negro Swan,Hope,spotify:track:2QLNDKL7hZyh2OZ8UL9WrV
Blood Orange,Negro Swan,Jewelry,spotify:track:3boUSTv7CwQRiWuq8ZPjYi
Blood Orange,Negro Swan,Minetta Creek,spotify:track:7Kt7c9Q2B7hSyiTZvGQ37D
Blood Orange,Negro Swan,Nappy Wonder,spotify:track:2ZGZV976wWwuA3qI3Q0q9k
Blood Orange,Negro Swan,Orlando,spotify:track:1H8BKN1WYV6AW1kghI3ldP
Blood Orange,Negro Swan,Out Of Your League,spotify:track:4qdbCACEpbFWIpKSMa2fZC
Blood Orange,Negro Swan,Runnin’,spotify:track:7eCJ3bONwNeNDViF383s1E
Blood Orange,Negro Swan,Saint,spotify:track:2PzWUwFXApjQBZzKMl4Hd6
Blood Orange,Negro Swan,Smoke,spotify:track:1sFqfjMzxrwyvhL8785yUL
Blood Orange,Negro Swan,Take Your Time,spotify:track:2CRe6RkEv44m7aUglQ3tCu
Blood Orange,Negro Swan,Vulture Baby,spotify:track:0wlXb1TAj96igP2GJdqa3b
Bluestaeb,Everything Is Always a Process,All Day,spotify:track:0iRGJO7cs3jZ5pgb4CwVqO
Bluestaeb,Everything Is Always a Process,All Smooth,spotify:track:6rWh8tS8w1iaEjxWmPhNew
Bluestaeb,Everything Is Always a Process,Alright,spotify:track:56SLn3H4fhwnpucKvMo5nC
Bluestaeb,Everything Is Always a Process,Complete,spotify:track:66UyVneJHbPxJtyMo59ywk
Bluestaeb,Everything Is Always a Process,Hey - Interlude,spotify:track:75EKvpM4a7tMPJgZD7XxhF
Bluestaeb,Everything Is Always a Process,Hot Shit,spotify:track:3oyDU7BD3if9ygYhsfgKOo
Bluestaeb,Everything Is Always a Process,How It's Done,spotify:track:4N6zGnKg8wuEvewMHahDoS
Bluestaeb,Everything Is Always a Process,Last Minute Session Cut - The Outro,spotify:track:4sj4Nh0w7MBovyDGHhbP9O
Bluestaeb,Everything Is Always a Process,Left & Right,spotify:track:3j0HPNNoQqgJUMMoeaj32p
Bluestaeb,Everything Is Always a Process,Mind,spotify:track:2jPKtfvGqG5my5nGKtlLlq
Bluestaeb,Everything Is Always a Process,Mr.,spotify:track:19JgXtg8fMrJqcVARbki2x
Bluestaeb,Everything Is Always a Process,No Time For Small Talk - The Intro,spotify:track:5zGbD0N9KKt24eRz38z4hK
Bluestaeb,Everything Is Always a Process,No Way,spotify:track:5vYwFM4wyJ9hX1mdYLYaJg
Bluestaeb,Everything Is Always a Process,STAAAY,spotify:track:0gYgFYPOEYDs0mt37nLRpv
Bluestaeb,Everything Is Always a Process,What It Is,spotify:track:3XpBXK0DpQeRDJ0W2ShzZs
Blundetto,Bad Bad Things,Bad Bad Things,spotify:track:5KSTYrideELTVUwsKNybHY
Blundetto,Bad Bad Things,Cuban Shirt,spotify:track:1TbH5EFqV1STWWIMRm3qIq
Blundetto,Bad Bad Things,Ken Park,spotify:track:13dHHLa3qPI3YAdx05KHgN
Blundetto,Bad Bad Things,La carretilla,spotify:track:4PnESRHDCHmoXozifgD5aP
Blundetto,Bad Bad Things,Mi Condena,spotify:track:09P5fb2va9ZFh2lRbgxPRI
Blundetto,Bad Bad Things,Mustang,spotify:track:1FToImEg4BNFACgp3e2xyp
Blundetto,Bad Bad Things,My One Girl (Gogo Remix),spotify:track:5NRyjNGvb4V0oQJbO4D02q
Blundetto,Bad Bad Things,Nautilus,spotify:track:5zYbxiwpt7V0QCZu9S1hvR
Blundetto,Bad Bad Things,Nautilus (Dub),spotify:track:5RtD9uHJOqR1rzOF7rAbXr
Blundetto,Bad Bad Things,Party Animals,spotify:track:3RIKLIyFZpYk5gjqgikbZR
Blundetto,Bad Bad Things,Sunset Stroll,spotify:track:3fOmuDqvVVuzGBB16HqMrj
Blundetto,Bad Bad Things,Voices,spotify:track:5xihEoRFTBdMSVX55ANDPP
Blundetto,Bad Bad Things,Voices (Instrumental Version),spotify:track:7LACsHzU2gkiNhpQgsOcce
Blundetto,Bad Bad Things,White Birds,spotify:track:6WIOqbmCpJXmQho46VHL1m
Blundetto,Bad Bad Things,White Birds (Instrumental Version),spotify:track:6u2g6f67PqUMJq9GHajjXn
Blundetto,Bad Bad Versions,Cuban Shirt (Blackjoy Alternative Version),spotify:track:2E0Mf3UaQFt9d9UPwEbde8
Blundetto,Bad Bad Versions,Mi Condena (Grooveman Spot Version),spotify:track:1lXUY5P5TjPSTYYiMFJju8
Blundetto,Bad Bad Versions,Mustang (Blanka Version),spotify:track:1XqlBjGIevNbnQqGMjWZbd
Blundetto,Bad Bad Versions,Mustang (Dav***k Version),spotify:track:6mQLTE8OKgoof9aMQxKwVt
Blundetto,Bad Bad Versions,Mustang (J Rocc Version),spotify:track:0N6KNc8qeGbJ0WukVXVeHq
Blundetto,Bad Bad Versions,My One Girl (Gogo Version),spotify:track:72Dg5KEY4exa1ckyzscXVH
Blundetto,Bad Bad Versions,Sunset Stroll (Roti Version),spotify:track:6EsQqbwj7XvGfjMLI3CqI0
Blundetto,Bad Bad Versions,Voices (Blundedub),spotify:track:42RAs889AaKZHzXDS2JMMx
Blundetto,Bad Bad Versions,Voices (General Elektriks Version),spotify:track:18aObBMAHfN7rVEARxsOz7
Blundetto,Bad Bad Versions,White Birds (Alternative Version),spotify:track:7bbcK9ZkIjMadac4nfklx1
Blundetto,Slow Dance,Chamber Dub,spotify:track:7wv2j6YPgtHvkpalY9guq4
Blundetto,Slow Dance,Colombette,spotify:track:5bR94SshlKFlvoxQ4XU323
Blundetto,Slow Dance,Good Ol' Days,spotify:track:2h03qZDCQF5GSwyMSnM1Lf
Blundetto,Slow Dance,Have a Little Faith,spotify:track:5wF16RHCaBkgLhodeR8KDG
Blundetto,Slow Dance,History Dance,spotify:track:20tQ0hKKVwfYbyVsA5UMeU
Blundetto,Slow Dance,My Weed My Queen,spotify:track:4yPZ9zyf8HzIy81sdkhyLf
Blundetto,Slow Dance,OP1 Home Again,spotify:track:5RAYMEn0Vp5GJRFmAWTYdG
Blundetto,Slow Dance,Passed the Worst,spotify:track:4yksfxua1tIxkyOXrS0f5N
Blundetto,Slow Dance,Pontus Pilate,spotify:track:31QKWNxM3B68lBKGQHjKKH
Blundetto,Slow Dance,Satta,spotify:track:7rMBYAXiWmLzCcIFEGqBHg
Blundetto,Slow Dance,Slow Dance,spotify:track:43V9fsuBFCFqcr6g6xtyaq
Blundetto,Slow Dance,Story Never Told,spotify:track:7KI4Q5roibs68gieg9YRkv
Blundetto,Warm My Soul,Crowded Places (with Akale Horns),spotify:track:5cKOklGRob08y2vyVy5wpN
Blundetto,Warm My Soul,Final Good Bye (with Tommy Guerrero),spotify:track:533Ux2Y0ca4L0bzy6jq6qO
Blundetto,Warm My Soul,Hercules - with Hugh Coltman & Shawn Lee,spotify:track:15LA8iPyIaTe1J5mtXYEYg
Blundetto,Warm My Soul,Hercules Dub,spotify:track:2jxzQ7nMfP7mkfW3rllk5U
Blundetto,Warm My Soul,It’s All About (with Aqeel),spotify:track:6LVpAZT9gahA19JgXEHOKs
Blundetto,Warm My Soul,I’ll Be Home Later (with Akale Horns),spotify:track:7v9pVP3DMNx6sgcuVvWCF0
Blundetto,Warm My Soul,Rocroy (with Akale Horns),spotify:track:4CVT1ZNhdtX5aQLIqLxCp1
Blundetto,Warm My Soul,Since You’ve Been Gone,spotify:track:3z32rHbt704EeE1lepZMLZ
Blundetto,Warm My Soul,Treat Me Like That (with Courtney John),spotify:track:0VcyLnKrOn9m2U0sH1xqEl
Blundetto,Warm My Soul,Walk Away Now - with Jahdan Blakkamoore,spotify:track:2JkTjsM012tHrVPRggYZeZ
Blundetto,Warm My Soul,Warm My Soul - with Courtney John,spotify:track:7H99Z4CGfkS8foQqG5tFUb
Blundetto,World Of,Above the Water,spotify:track:1xkeMByAFcxGgwYlGS6IB5
Blundetto,World Of,Beggars,spotify:track:14u2eRy03fS6a9zE2a9pW2
Blundetto,World Of,Every Little Things,spotify:track:4N8tFeZOWq76DO2dP9kTSV
Blundetto,World Of,Hands for Silver,spotify:track:38uvIz5z7aEYyzjgHMMco5
Blundetto,World Of,Last Broken Bones,spotify:track:7vNike7iFCgvb2ZcLkszr8
Blundetto,World Of,Love Me,spotify:track:5AVNbdQyTHaMaFlbOrYgrP
Blundetto,World Of,Mahayana,spotify:track:68GaTx7b6woLDp13a3yjk9
Blundetto,World Of,Matanza,spotify:track:2vwV0XXPZhExaouixmGQqq
Blundetto,World Of,Only One Stand,spotify:track:6uo0cSdrohM4V3xonVgPap
Blundetto,World Of,Seed Balls,spotify:track:2CkZ9F5O3BpsplylqKPBOQ
Blundetto,World Of,Work,spotify:track:4QlZFxQ0UExX4SOlZPHdAt
Blundetto,World Of,World of,spotify:track:0FO7X4OtPFtR7MLUPjv093
BluntOne,Self Medication,Self Medication,spotify:track:0Woiq306viHioD5ZkVN9x5
Boards of Canada,Late Night Tales: Badbadnotgood,Olson,spotify:track:0pn0lL6I9rMHjUP3GSsTHt
Bobby Wright,Late Night Tales: Floating Points,Blood of an American,spotify:track:066h8n4BMHR6SPbB11Qcxf
Bohannon,Stop & Go,Save Their Souls,spotify:track:3tJoMHeBbZaMYgGLJKmxyU
Bon Iver,"22, A Million",00000 Million,spotify:track:7BdtdBfrIufJOOCdA0CeJC
Bon Iver,"22, A Million",10 d E A T h b R E a s T ⚄ ⚄,spotify:track:4Bb9UvyIN5lEYThNwxDIQE
Bon Iver,"22, A Million",21 M◊◊N WATER,spotify:track:3mAyjnYIWLeDixdNO6Joz6
Bon Iver,"22, A Million",22 (OVER S∞∞N),spotify:track:5oK98mpTJSU0iqLHN1hZ3y
Bon Iver,"22, A Million",29 #Strafford APTS,spotify:track:4VZM71F8XAoLRuNyNLxwWS
Bon Iver,"22, A Million",33 “GOD”,spotify:track:1LfWibYjk0TD8YNPtzym9A
Bon Iver,"22, A Million",666 ʇ,spotify:track:7eRU0RltchvgOTSbX6vmdv
Bon Iver,"22, A Million",715 - CR∑∑KS,spotify:track:0H2MmFtJgoeywCIbAN3sid
Bon Iver,"22, A Million",8 (circle),spotify:track:47IklCMgkgWvI4jpkdrop0
Bon Iver,"22, A Million",____45_____,spotify:track:14iePHBA4OZzeMp0gtMehM
Bon Iver,Bon Iver,Beth/Rest,spotify:track:0BWaLzdLiiDEhYfw9Of3Gr
Bon Iver,Bon Iver,Calgary,spotify:track:40GcMSq0snm69PcRayNTw1
Bon Iver,Bon Iver,"Hinnom, TX",spotify:track:2HHg255Hs1144F0McFxK7z
Bon Iver,Bon Iver,Holocene,spotify:track:1XQnZTR0ER8y5fGO17uX1R
Bon Iver,Bon Iver,"Lisbon, OH",spotify:track:7dHDHfg17OZB7oot1OryzK
Bon Iver,Bon Iver,Michicant,spotify:track:1UMc6Be7yW01e7wW8UxnT5
Bon Iver,Bon Iver,"Minnesota, WI",spotify:track:0NIiRoBUbVVrw0vSt3zULL
Bon Iver,Bon Iver,Perth,spotify:track:6LIUF3Z7lf9Vwcuda30Xaf
Bon Iver,Bon Iver,Towers,spotify:track:2DsCJbMZVnhejenFWrO6My
Bon Iver,Bon Iver,Wash.,spotify:track:48sQwGO01OCSb4chqMOzjL
Bon Iver,"For Emma, Forever Ago",Blindsided,spotify:track:1SE93Org7dEOAZiYJifRkd
Bon Iver,"For Emma, Forever Ago",Creature Fear,spotify:track:41WPHAhyQcce5x8WacaoXv
Bon Iver,"For Emma, Forever Ago",Flume,spotify:track:15WS5DLuxA4zBF0tH1sOR9
Bon Iver,"For Emma, Forever Ago",For Emma,spotify:track:1j0OLHcWNmTu2KR73o81LM
Bon Iver,"For Emma, Forever Ago",Lump Sum,spotify:track:2PHjonbOla16RwCUqkgCtI
Bon Iver,"For Emma, Forever Ago",Re:Stacks,spotify:track:1RuyGO0kmkNkfixUFKkjuC
Bon Iver,"For Emma, Forever Ago",Skinny Love,spotify:track:3ZMv9EzGoteNi5Qnx0KpEO
Bon Iver,"For Emma, Forever Ago",Team,spotify:track:1pNR5S5vs0pOqnSOOKD9nD
Bon Iver,"For Emma, Forever Ago",The Wolves (Act I and II),spotify:track:0Tps1iVuFudov2alVP3bUF
Bonobo,Animal Magic,Dinosaurs,spotify:track:75pYLtmrPwm8f3Jyracbn4
Bonobo,Animal Magic,Gypsy,spotify:track:1c2IpAsiDRCUfuUIg331dZ
Bonobo,Animal Magic,Intro,spotify:track:6ef3ldckQltQhs4jPw5J32
Bonobo,Animal Magic,Kota,spotify:track:1hHswNRFdwR5HZSBKdVEOs
Bonobo,Animal Magic,Shadow Tricks,spotify:track:47hnd0SnTMG9b0bcnECGKW
Bonobo,Animal Magic,Silver,spotify:track:5LB8Xop5SuozvPINeSSMf5
Bonobo,Animal Magic,Sleepy Seven,spotify:track:7uwz2iMeMq19rM75zZLW0B
Bonobo,Animal Magic,Sugar Rhyme,spotify:track:3exminmsbdqZKm1mdFrLOp
Bonobo,Animal Magic,Terrapin,spotify:track:6G1lPm5H051kZL5rJHvXEv
Bonobo,Animal Magic,The Plug,spotify:track:6HGbrlmb37enHxutPPZXgz
Bonobo,Black Sands,1009,spotify:track:3VHybOuCYoDcDfvg0b6qc1
Bonobo,Black Sands,All In Forms,spotify:track:4SxoponB2oxqjuOSNYhTjb
Bonobo,Black Sands,Animals,spotify:track:1SBJ9LUxkalUVk6VmFRlma
Bonobo,Black Sands,Black Sands,spotify:track:6uoM7KHsyJsHZqBQHKjQbc
Bonobo,Black Sands,El Toro,spotify:track:6bwcWOibIUyOJQ2FgMbeIH
Bonobo,Black Sands,Eyesdown,spotify:track:0XiHcuUEf1wmvmX1cOaVR9
Bonobo,Black Sands,Kiara,spotify:track:7sqii6BhIDpJChYpU3WjwS
Bonobo,Black Sands,Kong,spotify:track:7Cg3F9ZsZ2TYUnlza49NYh
Bonobo,Black Sands,Prelude,spotify:track:4cwDC2Yk2zqOp6NMX6v750
Bonobo,Black Sands,Stay The Same,spotify:track:6vcd0sKmiioXQKbcZPr7gq
Bonobo,Black Sands,The Keeper,spotify:track:5hmf3hRQMaDIWuZT1zX3ue
Bonobo,Black Sands,We Could Forever,spotify:track:2y1cW84gbL4ghBD2HwcQ3x
Bonobo,Days To Come,Between The Lines,spotify:track:0oBV4QAfY26kcYqRLRv5ST
Bonobo,Days To Come,Between The Lines - Instrumental,spotify:track:7cmqyEaLTqpIJyKwpxstAt
Bonobo,Days To Come,Days To Come,spotify:track:1mRTSIs40qa2L7omBzQd1u
Bonobo,Days To Come,Days To Come - Instrumental,spotify:track:0ej5zbkF48ZiPZOubIX1e1
Bonobo,Days To Come,Hatoa,spotify:track:363BOhULdeiNn9cMrdEGQ8
Bonobo,Days To Come,If You Stayed Over,spotify:track:1yGTwR9AcrzQ67JGnwO3jZ
Bonobo,Days To Come,If You Stayed Over - Instrumental,spotify:track:5e96qmCt8epdVzYNn92hDO
Bonobo,Days To Come,If You Stayed Over - Reprise,spotify:track:5JrslPPXLFnUJzq85P6qTv
Bonobo,Days To Come,Intro,spotify:track:6BaMK2sxnmrUXdOGP4JMX0
Bonobo,Days To Come,Ketto,spotify:track:4Gkd4msFAFTiDxFZcg9r8i
Bonobo,Days To Come,Nightlite,spotify:track:1gI1nC5E3ObyMtejdc8crP
Bonobo,Days To Come,Nightlite - Demo Version,spotify:track:4w1D6w6SqB3AbPEngAwvFu
Bonobo,Days To Come,On Your Marks,spotify:track:4SjvkRy0nVHd3oe7BkZ1u4
Bonobo,Days To Come,Recurring,spotify:track:0tXU2cpXxXysj6jg4vSUbv
Bonobo,Days To Come,The Fever,spotify:track:2sV6e0dKolT5CBG38u2feB
Bonobo,Days To Come,Transmission 94 - Parts 1 & 2,spotify:track:66Hr75ucVJyGU39N1iTgoe
Bonobo,Days To Come,Walk In The Sky,spotify:track:3fsQsL36PH1G8mn68lsFRK
Bonobo,Days To Come,Walk In The Sky - Instrumental,spotify:track:6UT3LYV9hUy6jEVJSi6PPG
Bonobo,Dial 'M' for Monkey,Change Down,spotify:track:7eDNiX2DbNo7xhLlgjlGrh
Bonobo,Dial 'M' for Monkey,D Song,spotify:track:4d9LscecWjNIkll4aY52Fi
Bonobo,Dial 'M' for Monkey,Flutter,spotify:track:5K8WNrf5JvmBE6O0MbSRuJ
Bonobo,Dial 'M' for Monkey,Light Pattern,spotify:track:2uMgJzJjDPl6DAMlbOOlIX
Bonobo,Dial 'M' for Monkey,Noctuary,spotify:track:1sVPnm3MQqQGaCUH1OO8NV
Bonobo,Dial 'M' for Monkey,Nothing Owed,spotify:track:6VhlABJh5uaZOpyyi5wute
Bonobo,Dial 'M' for Monkey,Pick Up,spotify:track:0fhoxg8I2MqRFjTrLFIIuO
Bonobo,Dial 'M' for Monkey,Something for Windy,spotify:track:48ppHBSOoD5Iz1gV3pjfOC
Bonobo,Dial 'M' for Monkey,Wayward Bob,spotify:track:5yzHZcrhsAERJd1LyRqzYN
Bonobo,fabric presents Bonobo,Boston Common - Mixed,spotify:track:2NvV0BTFB9esBSVU6M9Qp0
Bonobo,fabric presents Bonobo,Flicker - Mixed,spotify:track:4pisjFv269FiNKKOCzU8DN
Bonobo,fabric presents Bonobo,Ibrik - Mixed,spotify:track:2fjXM98Vb2bV67Rc0g6ty7
Bonobo,Ibrik,Ibrik,spotify:track:0E7S1k9M1KshLISVC2EP1M
Bonobo,Late Night Tales: Bonobo,Get Thy Bearings (feat. Szjerdene),spotify:track:6tqAkUVWAjqTzT363IzgCw
Bonobo,Late Night Tales: Bonobo,Late Night Tales: Bonobo,spotify:track:3TjdCL5eVn1dujySzeGqBG
Bonobo,Migration,7th Sevens,spotify:track:3AW6V6zWH45jI7eNPnSDfT
Bonobo,Migration,Bambro Koyo Ganda,spotify:track:5EGJ7e7frJjYja6H4afzoT
Bonobo,Migration,Break Apart,spotify:track:2pYvd6cHcAIMAM6xMD6nok
Bonobo,Migration,Figures,spotify:track:4MSKGtnxTdqIypqwTDY3em
Bonobo,Migration,Grains,spotify:track:0f3G1ecfRIffW1qhQt1lEG
Bonobo,Migration,Kerala,spotify:track:5DAjrJqXqYtgr67pVhmUeR
Bonobo,Migration,Migration,spotify:track:61g7oQKm8DFEL7r2g9LS8x
Bonobo,Migration,No Reason,spotify:track:3aWPdd6U1xbsIEGEpUaPyQ
Bonobo,Migration,Ontario,spotify:track:4GroumsjzAcgCwJzTGY7px
Bonobo,Migration,Outlier,spotify:track:6BbFwwHnzY74a8GOsDg8Sn
Bonobo,Migration,Second Sun,spotify:track:16ikmfoT1249gG3pzPvnYt
Bonobo,Migration,Surface,spotify:track:15IVKRhTPXp4lKtwl568KS
Bonobo,Rosewood,Rosewood,spotify:track:3MOhipHFUkGpS0rV7cKrJO
Bonobo,The North Borders,Antenna,spotify:track:5YhKjllHOmPJMcTdctlOGe
Bonobo,The North Borders,Cirrus,spotify:track:2lJ4d8MCT6ZlDRHKJ1br14
Bonobo,The North Borders,Don't Wait,spotify:track:1x6fQ08Smj58AYlSchDMVV
Bonobo,The North Borders,Emkay,spotify:track:37A0JOrJ5WnmhIyGNnAhRN
Bonobo,The North Borders,First Fires,spotify:track:2Yz2Z1ENB85nYrK3Rg2qxO
Bonobo,The North Borders,Heaven For The Sinner,spotify:track:6t7SsmMEWNNJaFEpIjrYop
Bonobo,The North Borders,Jets,spotify:track:3cg38isdTrBH63B4BMywsw
Bonobo,The North Borders,Know You,spotify:track:7rF2bHXc5wa3hM3114pppm
Bonobo,The North Borders,Pieces,spotify:track:5fkUAVRcfAIUrZBPPNohXb
Bonobo,The North Borders,Sapphire,spotify:track:1d5hX0RYHcDM4aHJHSm5cr
Bonobo,The North Borders,Ten Tigers,spotify:track:5xz5dUtU2xooSP75BwRJ3H
Bonobo,The North Borders,Towers,spotify:track:7iE9oBkH73M1K74gyjjx7c
Bonobo,The North Borders,Transits,spotify:track:0ewtFuJlY7pxdg4lzCXeQV
Booker T. & the M.G.'s,The Spirit Of Memphis (1962-1976),Boot Leg,spotify:track:7Lh53V1mYiYWydmdpTJF54
boy pablo,Soy Pablo,Feeling Lonely,spotify:track:5uIRujGRZv5t4fGKkUTv4n
boy pablo,Soy Pablo,Limitado,spotify:track:1FeqkvjeeBU1nOQVeGIRP0
boy pablo,Soy Pablo,Losing You,spotify:track:7mjOxXnZYbGtgjyX0hqaLs
boy pablo,Soy Pablo,Sick Feeling,spotify:track:7zxLkZbUxITHabPzGN8Xgc
boy pablo,Soy Pablo,t-shirt,spotify:track:3GdraAzwDDHC8OWOcWYb5Q
boy pablo,Soy Pablo,tkm,spotify:track:7eAp42zD2PbKJMvHVcHHF8
boy pablo,Soy Pablo,wtf,spotify:track:3OYSWIgKXiwjutuQ4NEk1b
Brad stank,Daddy Blue / O.T.D.,O.T.D.,spotify:track:21zxICKVL4rSwgZNuxk9af
Brad stank,Eternal Slowdown,Butte Magic,spotify:track:2bFFLRIr5WE4a5Pquzn4By
Brad stank,Eternal Slowdown,Condemned to Be Freaky,spotify:track:4cDrENCusVrvNqzBjrlsjZ
Brad stank,Eternal Slowdown,Flirting in Space,spotify:track:3uRgbUHnW821TAUPdaWmeQ
Brad stank,Eternal Slowdown,Maithuna,spotify:track:1vm0SF9ActEX035asBlylT
Brad stank,Eternal Slowdown,Pond Weed,spotify:track:22rAaNUkKxqTJv69pSlwIV
Brad stank,Eternal Slowdown,Slowdown,spotify:track:6tl3MRvwolIgq1wYHVBZY3
Brad stank,Eternal Slowdown,Take Me to the Crib,spotify:track:4E5oLjco0BovxQVQi4jizo
Brad stank,In the Midst of You,Cry Baby,spotify:track:63aDJ5QU4GRShLk60kadlZ
Brad stank,In the Midst of You,Long Distance,spotify:track:3h0F6j9sBEFs1CTBmX12tz
Brenk Sinatra,Rob Roly,Rob Roly,spotify:track:1ErrOtjEdnin7vLbkc21T9
Brent Faiyaz,Sonder Son,All I Want,spotify:track:3JtlNOV0Huz9O9Ten4cUXV
Brent Faiyaz,Sonder Son,Burn One (Interlude),spotify:track:6WgkOAIOPoumdilSCdYFPB
Brent Faiyaz,Sonder Son,First World Problemz / Nobody Carez,spotify:track:042wd4CrF4WTAwiKs0F7Ve
Brent Faiyaz,Sonder Son,Gang Over Luv,spotify:track:7LaI3mRTJu66r9HKdv7iBx
Brent Faiyaz,Sonder Son,Home,spotify:track:34JL3n6rUwQbuDCYl43ozx
Brent Faiyaz,Sonder Son,L.A.,spotify:track:3phwC9mMlIwLuTuhReiYia
Brent Faiyaz,Sonder Son,Missin Out,spotify:track:2Lwe7PQk7mROzGezTrRVap
Brent Faiyaz,Sonder Son,Needed,spotify:track:1P5l3fAjZ7Z9XTmFHzSck5
Brent Faiyaz,Sonder Son,So Far Gone / Fast Life Bluez,spotify:track:3Lj4DA8yaVF17X2buYZGJC
Brent Faiyaz,Sonder Son,Sonder Son (Interlude),spotify:track:1uzVgNkXqQC7hsJhFZ749o
Brent Faiyaz,Sonder Son,Stay Down,spotify:track:4mwiRPRAUSSFD6lJ86m98B
Brent Faiyaz,Sonder Son,Talk 2 U,spotify:track:1Xm9CQRcJbOgTCpKCpS9s5
Brién,IDKWHY,IDKWHY,spotify:track:49ffruWocYiJtAPwLD4BAs
BROCKHAMPTON,ALL-AMERICAN TRASH,BEN CARSON,spotify:track:253490LtmZhYGUQy05eCNV
BROCKHAMPTON,ALL-AMERICAN TRASH,BREAKFAST,spotify:track:1gH88s30KaEJO1mTFCyaka
BROCKHAMPTON,ALL-AMERICAN TRASH,CONTACTS,spotify:track:0hkxAENNrJ18AzHqync5n3
BROCKHAMPTON,ALL-AMERICAN TRASH,COTTON HOLLOW,spotify:track:5u0ST4fd1oLp4SOpoWWXGl
BROCKHAMPTON,ALL-AMERICAN TRASH,ENCINO,spotify:track:0ZAwk2NAraPJX5SBaA4prX
BROCKHAMPTON,ALL-AMERICAN TRASH,FLIP MO,spotify:track:0x8HtI3EVt71sczlt9m88k
BROCKHAMPTON,ALL-AMERICAN TRASH,HOME,spotify:track:2anAr4t1wpiy2qBK9CGnyn
BROCKHAMPTON,ALL-AMERICAN TRASH,INFATUATION,spotify:track:77SvwoWoNeed5uWuxbyujk
BROCKHAMPTON,ALL-AMERICAN TRASH,LOST IN LOVE,spotify:track:6TnLGwBYhlTQFn7gzaxgHG
BROCKHAMPTON,ALL-AMERICAN TRASH,MICHIGAN,spotify:track:1QYpYXj7uPYa0obpLF0HFW
BROCKHAMPTON,ALL-AMERICAN TRASH,MOSSCLIFF,spotify:track:29uhwK9UBQFfwQTWisCHpF
BROCKHAMPTON,ALL-AMERICAN TRASH,PALACE,spotify:track:7dQLzGuOPiJ4h6sI3MXW4j
BROCKHAMPTON,ALL-AMERICAN TRASH,POISON,spotify:track:35Ltt0LLmwy9NkUkX432Rx
BROCKHAMPTON,iridescence,BERLIN,spotify:track:7GxBuIJugWanLsYj0mDrFX
BROCKHAMPTON,iridescence,DISTRICT,spotify:track:7oYvZtOelvW0mDrcUZ3m67
BROCKHAMPTON,iridescence,FABRIC,spotify:track:5jQAnD4ISqs7v8FT7povMS
BROCKHAMPTON,iridescence,HONEY,spotify:track:6cgFCTrw2kWwZm7SF7r6Po
BROCKHAMPTON,iridescence,J'OUVERT,spotify:track:3djWN7th03XZtmF5s3C1Lv
BROCKHAMPTON,iridescence,LOOPHOLE,spotify:track:1mj5oaEpqjciXkJ5Y6pu5b
BROCKHAMPTON,iridescence,NEW ORLEANS,spotify:track:5kkxyqYSQrnHpfsmkjKi81
BROCKHAMPTON,iridescence,SAN MARCOS,spotify:track:1Bn8jBSmtSQdvAFXU3ok1w
BROCKHAMPTON,iridescence,SOMETHING ABOUT HIM,spotify:track:2S11ZvEfuFSqInfxWxkx36
BROCKHAMPTON,iridescence,TAPE,spotify:track:60srrpZaXm72T4i3ZAoT5w
BROCKHAMPTON,iridescence,THUG LIFE,spotify:track:2c09gumRCmu3qmbcqdQbUN
BROCKHAMPTON,iridescence,TONYA,spotify:track:0QV83q2vzzOM4uODVyXf7i
BROCKHAMPTON,iridescence,VIVID,spotify:track:5DL2L5OuyZg1v2OWRAitFD
BROCKHAMPTON,iridescence,WEIGHT,spotify:track:6tGwDY47NZVeQ5X83HDK6u
BROCKHAMPTON,iridescence,WHERE THE CASH AT,spotify:track:3t1cMXPS25j8hpzJyLY3Pn
BROCKHAMPTON,SATURATION,2PAC,spotify:track:3Xvu5uFWbyHd0qixrvIxxE
BROCKHAMPTON,SATURATION,BANK,spotify:track:68nnMoLj2Oamzlisy3Mg4e
BROCKHAMPTON,SATURATION,BOYS,spotify:track:1H3GqbebLfBjqY8rW9oVyq
BROCKHAMPTON,SATURATION,BUMP,spotify:track:6ntPF24RtHotzc3FhcFMH7
BROCKHAMPTON,SATURATION,CASH,spotify:track:0yvxop3XdQyWStwvuYP4dw
BROCKHAMPTON,SATURATION,FACE,spotify:track:5bknBRjKJZ643DAN2w8Yoy
BROCKHAMPTON,SATURATION,FAKE,spotify:track:4m2lVqfPeSTD3azgBJHowK
BROCKHAMPTON,SATURATION,GOLD,spotify:track:7HRv1sYuwgoea1m0JRvChV
BROCKHAMPTON,SATURATION,HEAT,spotify:track:2maEFaoAyNjQVv14Hm4esN
BROCKHAMPTON,SATURATION,MILK,spotify:track:7ttVZD2510CE1pXJPJp0OQ
BROCKHAMPTON,SATURATION,SKIT 1,spotify:track:5GR2ZJL0bRGvDHD5GfUVdE
BROCKHAMPTON,SATURATION,SKIT 2,spotify:track:6t7gHCcVCMMxQwFJgJvoP5
BROCKHAMPTON,SATURATION,SKIT 3,spotify:track:48Xt0Xy89L8gcwGyVqj3ug
BROCKHAMPTON,SATURATION,STAR,spotify:track:1xfFPJdRjgDAaMcDgbXwyh
BROCKHAMPTON,SATURATION,SWIM,spotify:track:5Jp0avXwxgYt75sjxQJxWw
BROCKHAMPTON,SATURATION,TRIP,spotify:track:0oLQRGhq7ltPDF6ThfqQdc
BROCKHAMPTON,SATURATION,WASTE,spotify:track:1cuYCAodLWgzhwE2KFZ8rC
BROCKHAMPTON,SATURATION II,CHICK,spotify:track:6bMLXWNukxfiUqH1D0ud1Z
BROCKHAMPTON,SATURATION II,FIGHT,spotify:track:7sJ7zlySCbRw6OjlLhVQMt
BROCKHAMPTON,SATURATION II,GAMBA,spotify:track:4zbb4mISfck5isCpFsjsr3
BROCKHAMPTON,SATURATION II,GUMMY,spotify:track:42tBlHWL3VfDkUM2iWcc5p
BROCKHAMPTON,SATURATION II,JELLO,spotify:track:1ZuQVisBNDRm51QIN9MajR
BROCKHAMPTON,SATURATION II,JESUS,spotify:track:2WVsyRWVM6xyKkZadKu32E
BROCKHAMPTON,SATURATION II,JUNKY,spotify:track:7ujucw8kFBPIy9mz7DlmAq
BROCKHAMPTON,SATURATION II,QUEER,spotify:track:4sEnZad9gvLSLkyt8DW11O
BROCKHAMPTON,SATURATION II,SCENE,spotify:track:5Kkmnf0Xi1pv6CaT3e7czy
BROCKHAMPTON,SATURATION II,SCENE 2,spotify:track:3zAjkGy22FCXrCqSosQYkk
BROCKHAMPTON,SATURATION II,SUMMER,spotify:track:66dQdXAbtuPdSasezCQVZE
BROCKHAMPTON,SATURATION II,SUNNY,spotify:track:6C1wn08cac9wcvJvGtuHi1
BROCKHAMPTON,SATURATION II,SWAMP,spotify:track:6MTA4AwgmjVASTXpBEwvn8
BROCKHAMPTON,SATURATION II,SWEET,spotify:track:2DgMxFMUQRPthW4ROhjen1
BROCKHAMPTON,SATURATION II,TEETH,spotify:track:4x3gJSZ2CeyGW9I8X7DtAs
BROCKHAMPTON,SATURATION II,TOKYO,spotify:track:1CKhx6sSkUxzomXnYZqSMh
BROCKHAMPTON,SATURATION III,ALASKA,spotify:track:7tI8c0zPTCulElXIw9aSbg
BROCKHAMPTON,SATURATION III,BLEACH,spotify:track:0dWOFwdXrbBUYqD9DLsoyK
BROCKHAMPTON,SATURATION III,BOOGIE,spotify:track:3NuN59jpH3B5cNa2M4r7XG
BROCKHAMPTON,SATURATION III,CINEMA 1,spotify:track:2I1nii7UgtRh9zSvglybAJ
BROCKHAMPTON,SATURATION III,CINEMA 2,spotify:track:0czE98V6Vm2twAZNSgXoME
BROCKHAMPTON,SATURATION III,CINEMA 3,spotify:track:2NYj7YnwO6MmcrLKVVab7V
BROCKHAMPTON,SATURATION III,HOTTIE,spotify:track:5lbCjKgdT9pvYjrtmSiRvL
BROCKHAMPTON,SATURATION III,JOHNNY,spotify:track:0q788echtkCMpQoQes4P6b
BROCKHAMPTON,SATURATION III,LIQUID,spotify:track:557JEBNqSn0RU4H5RtY286
BROCKHAMPTON,SATURATION III,RENTAL,spotify:track:4O9tOyMOq8Oioun2MsULH5
BROCKHAMPTON,SATURATION III,SISTER/NATION,spotify:track:3ITHWKL9AmbFqtVnDnaXZh
BROCKHAMPTON,SATURATION III,STAINS,spotify:track:0R6UBiz3fJk4lxhKR5799F
BROCKHAMPTON,SATURATION III,STUPID,spotify:track:01oc1NWevpGhtCkiX5flPH
BROCKHAMPTON,SATURATION III,TEAM,spotify:track:3dzi1yJbrxUaPS3yjn9SgV
BROCKHAMPTON,SATURATION III,ZIPPER,spotify:track:1m4C9zlV89rXTfXStluvec
brother portait,Blink​.​Blink (Rework),Blink​.​Blink (Rework),spotify:track:5QGKyijeAcvFzCL8yGxj9D
Brothers Moving,Minnie The Moocher,Minnie The Moocher,spotify:track:6kIm6NejP3hxeccPGTr1NY
Burial,Untrue,Archangel,spotify:track:6evpAJCR5GeeHDGgv3aXb3
Burial,Untrue,Dog Shelter,spotify:track:0WGgup9sYlZNyvvVhuv85q
Burial,Untrue,Endorphin,spotify:track:76IDWmL8XSFZcypYvqdnI5
Burial,Untrue,Etched Headplate,spotify:track:6ywV7Z9xjtmMsePdDpZtnS
Burial,Untrue,Ghost Hardware,spotify:track:77JTZFqpdShRe5ljKirsxq
Burial,Untrue,Homeless,spotify:track:4bXkJxL5o6ro4iLmBAl80E
Burial,Untrue,In McDonalds,spotify:track:4TDKgsDEAAP33JA8ByukSm
Burial,Untrue,Near Dark,spotify:track:59Bd9Z1Vmsv0pI8JQ7bu8X
Burial,Untrue,Raver,spotify:track:6KhPQZ76b0qvNtMXxyIfS4
Burial,Untrue,Shell of Light,spotify:track:29Gr10bFvvbsIrLRg7Yibi
Burial,Untrue,UK,spotify:track:7dPIoNEka9pDmjsGh25oHX
Burial,Untrue,Untitled,spotify:track:6RuKIUlAjLTUA1ARraObu0
Burial,Untrue,Untrue,spotify:track:06dyS71Qi8996xUckx1hFg
Burna Boy,Outside,Ye,spotify:track:3FskQrDXcY24ur2fCvz35O
C.Tappin,Ashes to Ashes,Alexi,spotify:track:6FlcSltH9mKFJAqRnuDPWI
C.Tappin,Crumbling,Crumbling,spotify:track:5JOkf9gXoXlIXeQhnXzH5b
C.Tappin,High Moon,High Moon,spotify:track:13QDeabNsq5hbIRd68lMZn
C.Tappin,This World,Small Talk,spotify:track:5Qk2swhDHlFp3jvofo6sfr
CAPYAC,Headlunge,Disco Muse,spotify:track:32I6edzovlIwrYjewDJkmx
Caribou,Our Love,All I Ever Need,spotify:track:32AuEH5z72TTuzIfBIJ1d3
Caribou,Our Love,Back Home,spotify:track:4lEVH9kljnvLAUPp4vhQt9
Caribou,Our Love,Can't Do Without You,spotify:track:5RXXT5j1KKgCpq8ZzSSIRg
Caribou,Our Love,Can't Do Without You - Extended Mix,spotify:track:1lnXf9pM3tDUG1P4UCIRBr
Caribou,Our Love,Can't Do Without You - Tale of Us & Mano Le Tough Remix,spotify:track:5VNMwEWMgH4LLKbsLFbKyz
Caribou,Our Love,Dive,spotify:track:0AXrVxAwWpFpRZJsPveP4W
Caribou,Our Love,Julia Brightly,spotify:track:0y8gn1gVXcayXP1Yr7E4Pz
Caribou,Our Love,Mars,spotify:track:1XFGSaAsBuKC6R92Wn7gl0
Caribou,Our Love,Mars - Head High's Core Remix,spotify:track:6tmSmt2QtnoO1IT4lrYUfB
Caribou,Our Love,Mars - Head High's Venus Remix,spotify:track:4fap7sd4O2OU1yvDsGm4cR
Caribou,Our Love,Our Love,spotify:track:1LwuLXlAI0pVDekCsUqz69
Caribou,Our Love,Our Love - Daphni Mix,spotify:track:1DXx0mNL1yHedfUWTxZp07
Caribou,Our Love,Second Chance,spotify:track:5WbWdSyH0tvtoH61F9TKGf
Caribou,Our Love,Second Chance - Cyril Hahn Edit,spotify:track:49aipbA5zAlTVLxWagVYJr
Caribou,Our Love,Silver,spotify:track:5bO3qKgQFUrbPC7ebHVbAM
Caribou,Our Love,Your Love Will Set You Free,spotify:track:3Xgd31sokRnUIbw4Yck0u7
Caribou,Our Love,Your Love Will Set You Free - c2's Set U Free RMX,spotify:track:6lnLAEwWTeinLSbDDAp67j
Caribou,Swim,Bowls,spotify:track:6WIIoR52relQs6HLi5ceEh
Caribou,Swim,Found Out,spotify:track:39xoLh1KrYRknPZLrbmwqA
Caribou,Swim,Hannibal,spotify:track:32cTlpJqKrWXCwOlzchK3m
Caribou,Swim,Jamelia,spotify:track:3xAPqbYOdAWxnmBN4JcLO8
Caribou,Swim,Kaili,spotify:track:20LparU3kXUpJHtZIQ1yAr
Caribou,Swim,Lalibela,spotify:track:2mCtB7u4Bx6Wg637jAqIzh
Caribou,Swim,Leave House,spotify:track:15NPZ2ev924HA3gSFT69cO
Caribou,Swim,Odessa,spotify:track:305tGJy16yTTFe6Ya9nMKJ
Caribou,Swim,Sun,spotify:track:0c7V10APHbimDgQppV8dFz
CARLA,DROPPING SEEDS,DROPPING SEEDS,spotify:track:6tUO8COj2Q4vZpo4K9dMiL
Carla Thomas,The Spirit Of Memphis (1962-1976),B-A-B-Y,spotify:track:5aV7pGqZ5bR2AtBOwmSkNb
Carla Thomas,The Spirit Of Memphis (1962-1976),How Do You Quit (Someone You Love),spotify:track:4ZaDnrWrwsl24nCnFPY4O3
Carla Thomas,The Spirit Of Memphis (1962-1976),Let Me Be Good To You,spotify:track:09DpjWY0ldrzE0TYQ5cpor
Castello Branco,Aloe Vera,Aloe Vera,spotify:track:6uGP6oIykMl8qbsbRJqLb9
Catching Flies,The Stars,Mt. Wolf - Life Size Ghosts - Catching Flies Remix,spotify:track:3gE9U5mNrJewDXN1wU7d8x
Celeste,Compilation 1.1,Summer,spotify:track:0zHJXfLTfk8m0oBzdjwFde
Central Cee,GBP (feat. 21 Savage),GBP (feat. 21 Savage),spotify:track:5emD8K39MmotlCLOx9qzCH
Cesar B.,Morning,Morning,spotify:track:1U8n4luHLWuuf9VfUtB0D8
Chance the Rapper,65th & Ingleside,65th & Ingleside,spotify:track:5H0NU2sHWUnWCcZyYlX46X
Chance the Rapper,Coloring Book,All Night (feat. Knox Fortune),spotify:track:60xaS8mYBKUW4VQQ666N0T
Chance the Rapper,Coloring Book,All We Got (feat. Kanye West & Chicago Children's Choir),spotify:track:3ZLyt2ndLFBh148XRYjYYZ
Chance the Rapper,Coloring Book,Angels (feat. Saba),spotify:track:0jx8zY5JQsS4YEQcfkoc5C
Chance the Rapper,Coloring Book,Blessings (feat. Jamila Woods),spotify:track:2VQc9orzwE6a5qFfy54P6e
Chance the Rapper,Coloring Book,"Blessings (feat. Ty Dolla $ign, Anderson .Paak, BJ The Chicago Kid, Raury & Jamila Woods)",spotify:track:5IdQEHgtmj9th3OkfQKhf8
Chance the Rapper,Coloring Book,D.R.A.M. Sings Special,spotify:track:6VndlbaMjAscnEeqrVkMN2
Chance the Rapper,Coloring Book,"Finish Line / Drown (feat. T-Pain, Kirk Franklin, Eryn Allen Kane & Noname)",spotify:track:2AgnbuzvnfPvq1sAYNB4pj
Chance the Rapper,Coloring Book,How Great (feat. Jay Electronica & My cousin Nicole),spotify:track:0OT0cCKbSmSMRvyWeqEFBq
Chance the Rapper,Coloring Book,Juke Jam (feat. Justin Bieber & Towkio),spotify:track:3eze1OsZ1rqeXkKStNfTmi
Chance the Rapper,Coloring Book,Mixtape (feat. Young Thug & Lil Yachty),spotify:track:0WCbhE2evMrIwRM0DlMy9k
Chance the Rapper,Coloring Book,No Problem (feat. Lil Wayne & 2 Chainz),spotify:track:0v9Wz8o0BT8DU38R4ddjeH
Chance the Rapper,Coloring Book,Same Drugs,spotify:track:6m9qPYXmhge2QhBLfFKnVF
Chance the Rapper,Coloring Book,Smoke Break (feat. Future),spotify:track:1Uq3IOIy1CUlHUgP6vWpum
Chance the Rapper,Coloring Book,Summer Friends (feat. Jeremih & Francis & The Lights),spotify:track:2fl0B0OaXjWbjHCQFx2O8W
Chance the Rapper,I Might Need Security,I Might Need Security,spotify:track:3EApebexZ7YqDIqw2EMTDh
Chance the Rapper,My Own Thing,My Own Thing,spotify:track:2ySRRtrAwDUF4FipiF1Djt
Chance the Rapper,The Man Who Has Everything,The Man Who Has Everything,spotify:track:3woRy7uxzl1lO2XO99oHsN
Chance the Rapper,Wala Cam,Wala Cam,spotify:track:2cEnYJKLSZPH7MFSk6C05c
Chance the Rapper,Work Out,Work Out,spotify:track:3PdgIdRXJjgxfOr7slldel
Channel Tres,Brilliant Nigga,Brilliant Nigga,spotify:track:0R43dXnNgF209Ygdgct0fP
Channel Tres,refresh,willow,spotify:track:5381zYqp4fjs2DkxeLv6jB
Chaos In The CBD,Accidental Meetings,Accidental Meetings,spotify:track:5hJz8q4RWuDmFqBN2jfXJG
Chaos In The CBD,Accidental Meetings,Distorted Fields,spotify:track:1RJjWGp0rXCtMdqCJrpys0
Chaos In The CBD,Accidental Meetings,North Pole Cafe,spotify:track:6URVsUNKsUnbfyTH59GQ3x
Chaos In The CBD,Accidental Meetings,United Identities,spotify:track:0c8CfXQhvhWMQ5iQQtRn2B
Chaos In The CBD,Dusty Sundays,In Between,spotify:track:4Ibnp9Kxa1tlIe12Q8QtDG
Chaos In The CBD,False Awakening / Scumbag Unity,False Awakening,spotify:track:3X1RdtyfPh57wXcFngP0n4
Chaos In The CBD,Global Erosion / Background Explorer,Background Explorer,spotify:track:67F1wDR9q3dlYeLame49cE
Chaos In The CBD,Global Erosion / Background Explorer,Global Erosion,spotify:track:69CDqUSbInrIg3UBqTNh0o
Chaos In The CBD,Invisible Spectrum,Invisible Spectrum,spotify:track:5Gqvw88IqvyKNkSBNs7VeW
Chaos In The CBD,Invisible Spectrum,"Observe, Pt. 2",spotify:track:6UnDHRxTvxYCFVgr5tZ5v3
Chaos In The CBD,Invisible Spectrum,Significant Others,spotify:track:3Qr9VZGf5aKandRxLj5WVO
Chaos In The CBD,Midnight in Peckham,Common Unity,spotify:track:4oRiNI0TWEJRJlkU7bPeu7
Chaos In The CBD,Midnight in Peckham,Luxury Motivation,spotify:track:7lvClagxhYkR6j8A7TaT9G
Chaos In The CBD,Midnight in Peckham,Midnight in Peckham,spotify:track:6luwqAS5Iw4grq6r3CT6a9
Chaos In The CBD,Midnight in Peckham,Observe,spotify:track:0AmfEDMT5wYucgPtJXOh2E
Chaos In The CBD,Midnight in Peckham,Trust Is Key,spotify:track:30hJfMV6NtunAufUyUiz6n
Chaos In The CBD,Multiverse,Double Dribble,spotify:track:0OlM5w1RG9fJp8gGMKFZNr
Chaos In The CBD,Multiverse,Drum Therapy,spotify:track:5ydei2p3KXlTZGUHbvePZg
Chaos In The CBD,Multiverse,Kaitaia Fire,spotify:track:6s4NH4h3LTnspOWQ4urTkq
Chaos In The CBD,Multiverse,Multiverse,spotify:track:7sgkFVX0Ui4KUbOuCX6Qd7
Chaos In The CBD,Orange Blank / Green Dove,Green Dove,spotify:track:1LIj1SX2uO1TSIuQE6n26l
Chaos In The CBD,Orange Blank / Green Dove,Orange Blank,spotify:track:11Ho7rjvIikZpPSAv3myQ8
Charlie Rich,The Spirit Of Memphis (1962-1976),Love Is After Me,spotify:track:1X67bzbI7JRr3PvVUvUvyK
Charlie Rich,The Spirit Of Memphis (1962-1976),When Something Is Wrong With My Baby,spotify:track:7bXumKKFV3YvIwx3cmiKVo
Charlotte Day Wilson,Late Night Tales: Badbadnotgood,Work,spotify:track:1YzjKrBdWheeI2nBKmUvQn
Chartreuse,Swedish Water,Swedish Water,spotify:track:6Eb5KlWpRlKJRbeN0kvIXk
Chelou,Halfway to Nowhere,Halfway to Nowhere,spotify:track:7GwYyptT4tgRrCzcmA5DUX
Chelou,Mothership EP,Missing in Action,spotify:track:4NYxpXURMc9DpoSrYFZTDC
Chelou,Mothership EP,Mothership - Demo,spotify:track:3Xhx5R1yK6hBmP50CdRU4t
Chelou,Mothership EP,Telstar,spotify:track:5sktWXGRyQg0XemKz42DTq
Chelou,Mothership EP,You're So Good,spotify:track:09oT5bryCiXdjaJyJ3Mne0
Chelou,Out of Sight,It's Not Easy,spotify:track:6uQbsvuYxkgtUyYbWjON7r
Chelou,Out of Sight,Just a Thought,spotify:track:7hlmBJBJVyziLOWrHFSOdZ
Chelou,Out of Sight,Lifeline,spotify:track:0XL0fDxKn15mAllyVjSR6p
Chelou,Out of Sight,Lil Sis,spotify:track:5gTDiQrY24G5AwnM7G9tPT
Chelou,Out of Sight,Old Maccy,spotify:track:2DJGXUpoTeiAA8zkFVs5Gf
Chelou,Out of Sight,Out of Sight,spotify:track:2RxsAGH6AoELYhigY3EsT2
Chelou,Out of Sight,Punch My Ticket,spotify:track:6k0zExgo2e1h3WAHsZ3HY7
Chelou,Out of Sight,She Rock I Roll,spotify:track:5KxkrtKf9OnSLOtouHJqqN
Chelou,Out of Sight,Ships in the Wind,spotify:track:4Pw9B8KDTImynvoluHWLAg
Chelou,Out of Sight,Sorry,spotify:track:2skYxdS64NfoTAHOQevQ13
Chelou,Out of Sight,Tricks,spotify:track:1WROhK5itbdvMCuNwN7ROR
Chelou,Out of Sight,Words to Share,spotify:track:2xSnDJoF3JwBUeizELv1zR
Chelou,The Quiet,Concrete Dog,spotify:track:3lwlLtzg387ms0sbl7rpc8
Chelou,The Quiet,Like a Dream - Demo,spotify:track:7ClxwovnFFeS04jleKdbyH
Chelou,The Quiet,Reverse (RV$$$$$E),spotify:track:62VlIUkFTc0mxkSu1tdkg4
Chelou,The Quiet,The Quiet,spotify:track:4ES9irjyS2WrfseUTpZoOv
Chet Faker,Built on Glass,/,spotify:track:1V4igmUU7t0LBaCETArqsb
Chet Faker,Built on Glass,1998,spotify:track:0iHwnccPp214om2eGT5gzm
Chet Faker,Built on Glass,Blush,spotify:track:6Ny6ZruYFAkcskjqpSvrdX
Chet Faker,Built on Glass,Cigarettes & Loneliness,spotify:track:63YsXakppvKl1MsCYcn4zV
Chet Faker,Built on Glass,Dead Body,spotify:track:4gFWzCATnOfBkyJM8tpU3b
Chet Faker,Built on Glass,Gold,spotify:track:1g7zNtcGrWt8gcBRwDQEkf
Chet Faker,Built on Glass,Lesson In Patience,spotify:track:0CpntTz4Mon5NXycUkc6GO
Chet Faker,Built on Glass,Melt,spotify:track:7F9NJCMko9LLUrHxBS2Spb
Chet Faker,Built on Glass,No Advice - Airport Version,spotify:track:08pv23Z6uuRlMjz0e9HuMJ
Chet Faker,Built on Glass,Release Your Problems,spotify:track:4IrwwrvilWDSEP38LUEcVl
Chet Faker,Built on Glass,Talk Is Cheap,spotify:track:0240T0gP9w6xEgIciBrfVF
Chet Faker,Built on Glass,To Me,spotify:track:7v4vFLq2syogKodEaMrpYe
Chet Faker,Thinking In Textures,Cigarettes And Chocolate,spotify:track:67lP8OFXJ3vR7VNyblGnAv
Chet Faker,Thinking In Textures,Everything I Wanted,spotify:track:0fX5NeDjh2ZeFReVFmP1tR
Chet Faker,Thinking In Textures,I'm Into You,spotify:track:2mbu1ssfb7h1RNO5jBv4cW
Chet Faker,Thinking In Textures,Love And Feeling,spotify:track:5hEuOsMNUlvq5WcTMhspp0
Chet Faker,Thinking In Textures,No Diggity,spotify:track:0PB8KUQHpc7GveSOaWhGwb
Chet Faker,Thinking In Textures,Solo Sunrise,spotify:track:6WLUoXJmiHweg7RaHP8ptj
Chet Faker,Thinking In Textures,Terms And Conditions,spotify:track:1kaO9xVNqidlnVQEt0CF5j
Childish Gambino,"""Awaken, My Love!""",Baby Boy,spotify:track:2qbw3lSGERDdUawZ736wmN
Childish Gambino,"""Awaken, My Love!""",Boogieman,spotify:track:0SunFlwqT44E0BU0yrgM7u
Childish Gambino,"""Awaken, My Love!""",California,spotify:track:6Ik9aiuaoEYxsEKGdQaEJB
Childish Gambino,"""Awaken, My Love!""",Have Some Love,spotify:track:3baESV24ilV6meyqLUh0WU
Childish Gambino,"""Awaken, My Love!""",Me and Your Mama,spotify:track:31tf1qEai5o5f4r66Kd0pU
Childish Gambino,"""Awaken, My Love!""",Redbone,spotify:track:0wXuerDYiBnERgIpbb3JBR
Childish Gambino,"""Awaken, My Love!""",Riot,spotify:track:3YxunxpAExKBEvhuf7wQOK
Childish Gambino,"""Awaken, My Love!""",Stand Tall,spotify:track:25BSBxpCtoDbOpVd7cpqbw
Childish Gambino,"""Awaken, My Love!""",Terrified,spotify:track:5MKSl2ZHsImt0wOfBAs87U
Childish Gambino,"""Awaken, My Love!""",The Night Me and Your Mama Met,spotify:track:6iGPBcdGv5gVGFZiKAGID5
Childish Gambino,"""Awaken, My Love!""",Zombies,spotify:track:3rBOkpPCniY6AxOIavGGsg
Children of Zeus,The Story so Far...,Crown,spotify:track:7zY9DTzOT7L0pWUz3VV9sf
Children of Zeus,The Story so Far...,Don't Say a Word,spotify:track:6lfgGLZtZkdnCPg5BIEKrq
Children of Zeus,The Story so Far...,Elevate,spotify:track:5hhKlljdWD5tIBc5lljvNp
Children of Zeus,The Story so Far...,Happiness,spotify:track:6ywdqfJcCcI3mnOWu70bcU
Children of Zeus,The Story so Far...,I Can't Wait,spotify:track:54c5ypXtFQNJMOnfhAkQ0I
Children of Zeus,The Story so Far...,I Want You,spotify:track:7iBvw9UFLas7jbX5lh3itR
Children of Zeus,The Story so Far...,No Strings Attached,spotify:track:6hRpyUJnb3p4JhZ4FqRiQ4
Children of Zeus,The Story so Far...,No Sunshine Tomorrow,spotify:track:4VVafrPc4luUk5fp1TIR8u
Children of Zeus,The Story so Far...,Push On,spotify:track:7HTt6t0P08jmKJDbvREZff
Children of Zeus,The Story so Far...,Rock You Internally,spotify:track:7DRkqYdslA5EqyIRn05Dcb
Children of Zeus,The Story so Far...,Smoke with Me,spotify:track:3S9IEker4dKmMRJyLLdSUZ
Children of Zeus,The Story so Far...,Still Standing,spotify:track:4Wm7um6Da9cDCoG66eAubX
Children of Zeus,Travel Light,360°,spotify:track:6IycnC9DgEVmaYhsolMVPV
Children of Zeus,Travel Light,All on You (feat. [ K S R ] & DRS),spotify:track:3YjKAO4a1xlKHRnvbiju4w
Children of Zeus,Travel Light,Daddy's Car,spotify:track:4ElN5wBrYOpXChyu4uM5fV
Children of Zeus,Travel Light,Fear of a Flat Planet (feat. LayFullStop),spotify:track:3zaoZcMZZ2gXk8u8qmqzO0
Children of Zeus,Travel Light,Hard Work,spotify:track:4CuNDg0YWkNiSg0DZaAKuV
Children of Zeus,Travel Light,Hoodman2Manhood,spotify:track:3nzNv1EVkuWOp2OEzkF4LG
Children of Zeus,Travel Light,Kintsugi,spotify:track:5NJ9CQaSeAsqCQO228Ytl0
Children of Zeus,Travel Light,Respect Mine,spotify:track:7JKcLJT0wQWLTXxUEFaS1Q
Children of Zeus,Travel Light,Sling Shot Riddim (feat. Terri Walker),spotify:track:5NckCQ2tdiNaZEEHDx73F8
Children of Zeus,Travel Light,Slow Down,spotify:track:5NAPr3423X9JnKhsgMUSy6
Children of Zeus,Travel Light,The Heart Beat,spotify:track:1IelOzNpsE8AWCdlkjNd8m
Children of Zeus,Travel Light,The Story so Far...,spotify:track:1V0TgU7a1tUgK4nEYkfmvQ
Children of Zeus,Travel Light,Vibrations (Divine Signature),spotify:track:66WiwHUSW6GPVtImDYx0cc
Chrome Sparks,Be On Fire,Be On Fire,spotify:track:0t1OK2dnqpmwukzJxczi8o
Chrome Sparks,Be On Fire,I Could Be The Voice Inside Your Head,spotify:track:42u5Kst5Qlv8Q5bEXd6axz
Chrome Sparks,Be On Fire,In2 Your Love,spotify:track:39N5XxNaInVDIyE6dt9kIc
Chrome Sparks,Be On Fire,Juno Lion,spotify:track:5vpiP1vzXXeABVvhlc80kY
Chrome Sparks,Be On Fire,Ultraviolet Rainbow,spotify:track:3MvLovkjmg4SVAtQ0WgRtq
Chrome Sparks,Chrome Sparks,All Or Nothing,spotify:track:7nDufsvzemiifuugvyVrk3
Chrome Sparks,Chrome Sparks,Attack Sustain Release,spotify:track:4oppEwRS2Z3QnMNN4Qavft
Chrome Sparks,Chrome Sparks,I Just Wanna,spotify:track:6rgaAPjqs0JQzAttxzZghW
Chrome Sparks,Chrome Sparks,"O, My Perfection",spotify:track:5NOVIpF0ceDFdyJfVcHwVO
Chrome Sparks,Chrome Sparks,Rocket,spotify:track:6k8FotzHW1yOvtOhyVfHqy
Chrome Sparks,Chrome Sparks,Still Think,spotify:track:3lBmRItELTgJjFMgI76Onm
Chrome Sparks,Chrome Sparks,Sugar,spotify:track:763toF4jLoZkmO6hCK1Mbp
Chrome Sparks,Chrome Sparks,To Eternity,spotify:track:6DyxzV5oy6NpeJwYPbh6lh
Chrome Sparks,Chrome Sparks,What's It Gonna Take,spotify:track:6FMpq9zf0roW5kL2vuSIpJ
Chrome Sparks,Chrome Sparks,Wings,spotify:track:3S5IqbKJT9e2moy7jq3lIB
Chrome Sparks,Goddess,Enter the Chrome Forest,spotify:track:1K3eVRf8zHf2Cj518Ee1Gy
Chrome Sparks,Goddess,Goddess,spotify:track:2Xr6BAi499JiaYUslIqf7T
Chrome Sparks,Goddess,Lost in the Chrome Forest,spotify:track:6OMaAaXWVbZfb0kYyL6JH9
Chrome Sparks,Goddess,Star Step,spotify:track:0k8XQxpr8Y6ze6fzF8bMYi
Chrome Sparks,Goddess,The Meaning of Love,spotify:track:0tqfL9BbY7TTI68kmJrOBb
Chrome Sparks,Goddess,Zzzzzz,spotify:track:4fLg1IVUDt56VqTQzdx1f8
Chrome Sparks,Sparks EP,Cosmic Claps of Love,spotify:track:1uSLQyVEnJSQm3SZtjYImC
Chrome Sparks,Sparks EP,Gates of Heaven,spotify:track:2lV0pe3SBW00s19S8AIkJ6
Chrome Sparks,Sparks EP,Luna Luxor,spotify:track:4Xgk8q4SoFNLSNrNuYpnz6
Chrome Sparks,Sparks EP,Marijuana,spotify:track:5K4ExI2qvE1Ule3u7LxUDT
Chrome Sparks,Sparks EP,Send the Pain On,spotify:track:5yfLv1CtlTjBLI7qfJ0D5t
Chrome Sparks,Sparks EP,Your Planet,spotify:track:5JoNowL3RKEWvrtOz1tAyy
Chronixx,Exile,Market,spotify:track:55cZDWmlRnW9cNTZH2YdPI
Cigarettes After Sex,Affection,Affection,spotify:track:3uozbmBqY6tB7dQJFtb5l5
Cigarettes After Sex,Affection,Keep On Loving You,spotify:track:5OldcCCFInKEJSoIaEOWOT
Cigarettes After Sex,Cigarettes After Sex,Apocalypse,spotify:track:7McZS9J6h0SKoZBR6cfcFe
Cigarettes After Sex,Cigarettes After Sex,Each Time You Fall in Love,spotify:track:4Qj1zpjp5ZPria4BlKaCda
Cigarettes After Sex,Cigarettes After Sex,Flash,spotify:track:0kWYVs2Atu1Ilj5YpEiRIu
Cigarettes After Sex,Cigarettes After Sex,John Wayne,spotify:track:6lu7wJKWaybqyuBbd8Qjjj
Cigarettes After Sex,Cigarettes After Sex,K.,spotify:track:0mTHy19ihR54DdAxc9mU1C
Cigarettes After Sex,Cigarettes After Sex,Opera House,spotify:track:3FO2Ls69kxkXNqiv9Vod8h
Cigarettes After Sex,Cigarettes After Sex,Sunsetz,spotify:track:4rxpJOCjFVNAren0NdgO6I
Cigarettes After Sex,Cigarettes After Sex,Sweet,spotify:track:2T6SuvI5GJXbJOCM1jweuW
Cigarettes After Sex,Cigarettes After Sex,Truly,spotify:track:5YBhz96t0GfjQBud3QQjbM
Cigarettes After Sex,Cigarettes After Sex,Young & Dumb,spotify:track:3QQaF7h44OcBlapuE0yWiC
Cigarettes After Sex,Crush,Crush,spotify:track:17EqzktazJToYJEuc0I9Uo
Cigarettes After Sex,Crush,Sesame Syrup,spotify:track:6r84L0oJVmhmJIittkyGWI
Cigarettes After Sex,Each Time You Fall in Love,Each Time You Fall in Love,spotify:track:4ho76qriHdzQFaoKhrPvwr
Cigarettes After Sex,EP I.,Dreaming Of You,spotify:track:4oN4chSthywOGdYmlzkfCm
Cigarettes After Sex,EP I.,I'm a Firefighter,spotify:track:1dsApoYNWwMExil9N722DB
Cigarettes After Sex,EP I.,Nothing's Gonna Hurt You Baby,spotify:track:1W7Eajq8Hlqiy39QnuKjvD
Cigarettes After Sex,EP I.,Starry Eyes,spotify:track:72KzbyCXGiPAEq4jktftdg
Cigarettes After Sex,Neon Moon,Neon Moon,spotify:track:010gJrV78swYwVNAWjmWAb
Cinnaman,Kingfisher,Vérité,spotify:track:5LFckjiAEHV0Ee3WvgpNns
CKay,EMOTIONS,ADDICTED (feat. The Cavemen.),spotify:track:3GiwhPBfi4zqKl1qDPBy1i
Clap Cotton,Laidback,Laidback,spotify:track:1A4OUsXyuKITlwXSGPBUgc
Clbrks,Snake Soup,Snake Soup,spotify:track:4nZuUBAeftGrVM0JruypJg
Clever Austin,Pareidolia,Ark,spotify:track:2yqfyV3Hz3QkodBDDQl7gV
Clever Austin,Pareidolia,Blue Tongue,spotify:track:09qiIy1PqBtF8Jwo68xjVB
Clever Austin,Pareidolia,Catapult,spotify:track:2wKyZk92tp9Y7KhFCtCI91
Clever Austin,Pareidolia,Dime Head,spotify:track:19mXToJ9WvrUMNOmIpeqCw
Clever Austin,Pareidolia,Doves,spotify:track:4eWvwqzkoECzr9Y2RfkvjV
Clever Austin,Pareidolia,Hedgehog,spotify:track:4TNx5rsarYB2tfeU6BNZbu
Clever Austin,Pareidolia,Higher Plains,spotify:track:2djdnurX4KMMRQsPIINrM4
Clever Austin,Pareidolia,Mist,spotify:track:6woiHiCYNSukBzHZAbuC0d
Clever Austin,Pareidolia,Mother Ship Strip,spotify:track:1PjXeOBrMmq807n3yRlzvI
Clever Austin,Pareidolia,Planet Viewing,spotify:track:6JC3ZV82Qlsp1Pn7kAITah
Clever Austin,Pareidolia,Sazeq,spotify:track:5jDVsv4ZKIgPeDwv4fTSFa
Clever Austin,Pareidolia,Speckle,spotify:track:7aOGUV1STivQB3mmxLcn8Q
Clever Austin,Pareidolia,"Speckle, Pt. 2",spotify:track:7dR6bS7E7Cp1hJg2lkBOzj
Clever Austin,Pareidolia,Unipvich,spotify:track:5HiNPWZar0zn3qww3sLYdI
Clever Austin,Pareidolia,Utopia,spotify:track:0GRATYGISSU70S7oIpYvGK
Clever Austin,Pareidolia,You Are All You Need,spotify:track:29FL3UKAC9B1uERILATRh4
Cloud Control,Zone,Find Me In The Water,spotify:track:7ipHzVYPnTMdHjh5SRgGfj
Cloud Control,Zone,Goldfish,spotify:track:0BqbJgxtd5AFKnz1jI7mi1
Cloud Control,Zone,Lacuna,spotify:track:2GqMuwTB5QUESGuxJcdDVE
Cloud Control,Zone,Lights On The Chrome,spotify:track:4guyIcyXNbNACxoxk68KqC
Cloud Control,Zone,Mum's Spaghetti,spotify:track:4JhqCxvvyhsWR9jgTZFeiV
Cloud Control,Zone,Panopticon,spotify:track:2iP2nna1gZvE8OQTEB2pX0
Cloud Control,Zone,Rainbow City,spotify:track:3eeaLECxuKKCol36YGhAhq
Cloud Control,Zone,Summer Rave,spotify:track:0q8Tit3Mdk5XEoSMjtpw6s
Cloud Control,Zone,Treetops,spotify:track:0gRJmFSPlBXALBsVUyHn2f
Cloud Control,Zone,Zone (This Is How It Feels),spotify:track:4T0zOUic91tmmc1r9ggfYl
Coco Bryce,Beats Like This,Come 2 U,spotify:track:0lXsELE3jEU8UZ6jFjf2wS
Coco Bryce,Night On Earth,Wish We Didn't,spotify:track:3ApF4gKjT4Ne9YwnOUq0i5
Coco O.,It's A Process,Gwen,spotify:track:4pBZP2epLzSKYECZrSvevQ
Cody Chesnutt,DJ-Kicks (Moodymann),Serve This Royalty - Mixed,spotify:track:6vxKXPglUpbwyYUrYCFLoX
Col3trane,Perfect Timing,Perfect Timing,spotify:track:3ChuVFo1KP7PIzLTkb6jUe
Col3trane,Superpowers (with GoldLink),Superpowers (with GoldLink),spotify:track:7AOR3bPPaLBJKJB9EMURxI
Collard,Everglade,Everglade,spotify:track:5GH4fO1jfnT00c7XyJ3DOS
Collard,Ground Control,Ground Control,spotify:track:6x0biN6AS1Y5PBrfuNN13p
Collard,Hell Song,Hell Song,spotify:track:74ugs7payzWjryg7f0GxR6
Collard,Ode,Ode,spotify:track:6bZzayEsOJOpVXXzLwtgjQ
Collard,Sofa,Sofa,spotify:track:4517HNgK6TJxz21ygpIiKo
Collard,Unholy,Blood Red,spotify:track:5wBsxhZrRmeJZEg5yj1Ick
Collard,Unholy,Greyhound,spotify:track:2dTPIyjUNEwE1S1XScPqx7
Collard,Unholy,Ground Control,spotify:track:2aXOUrab5HieJCZR3fIqpY
Collard,Unholy,Hell Song,spotify:track:263G3C6j9zIMu5RZXswmzQ
Collard,Unholy,Merciless,spotify:track:0rom1tXCjZnLz9ubE0nviP
Collard,Unholy,Murder Murder,spotify:track:1TfPXNH1M36zaBkJ9uHred
Collard,Unholy,Sacrament,spotify:track:2pYVsUOXYS6N2rsuTJYpzS
Collard,Unholy,Vultures,spotify:track:2n50VcuqHQ65R2QxiSUHKG
Collard,Unholy,Warrior Cry,spotify:track:3j6C16R1SJ5EM9SrnKE9Z8
Collard,Warrior Cry,Warrior Cry,spotify:track:1wFiO2YF9WT66yqm02T27n
Common Saints,Honey,Honey,spotify:track:7qh5e5AVPHVsfi0NPrxylx
Common Saints,Idol Eyes,Idol Eyes,spotify:track:2gx8U4Ujtk3UL94tv8r8io
Computer Says No,DJ-Kicks (Mount Kimbie),Grab And Reform - Mixed,spotify:track:6vxvgReCNh8jsVkPUAX7Z6
Conducta,Ripe 'n' Ready (A Kiwi Rekords Sampler),Vitamin C,spotify:track:2iUTCtMPd4pZobc1y59eIc
Congi,Future Bubblers 1.0,Red,spotify:track:5g2UV1gcnI1tHe7eYV4t4a
Conic Rose,Young Man,Young Man,spotify:track:1ZmWBbTW4rARIm8ucN8dE9
Cordae,The Lost Boy,RNP (feat. Anderson .Paak),spotify:track:5lw8Mgb4LyhriPIC86gV6e
Cordae,Two Tens (feat. Anderson .Paak),Two Tens (feat. Anderson .Paak),spotify:track:6clDsO8HwhHEgJDDp88VdL
Cortex,Troupeau bleu,La rue,spotify:track:6lzDycd60SJ7H8y6wuESGl
CoryaYo,Ra,Pyramids,spotify:track:06XvnBpdwyJdjbKxYj4zCH
Cosmo Pyke,Just Cosmo,After School Club,spotify:track:7BpBtD7M2gVdAnKBkhSWPc
Cosmo Pyke,Just Cosmo,Chronic Sunshine,spotify:track:3pnGJPnBptOIEa4bvdcLlG
Cosmo Pyke,Just Cosmo,Great Dane,spotify:track:6OCFXXVmoPFtidXA7ey1SI
Cosmo Pyke,Just Cosmo,Social Sites,spotify:track:4jE1fmY1evwHShz81sCZlv
Cosmo Pyke,Just Cosmo,Wish You Were Gone,spotify:track:3PTW5X4BlDqVkxNoTTqBqb
Cosmo's Midnight,What Comes Next,Confidence (feat. Woodes),spotify:track:5jTsmVLwAvS3Fc7MmUQMwW
Cosmo's Midnight,What Comes Next,Dreamer (feat. Pauli The PSM),spotify:track:1GZGrDZh0Z8ujqAgr6c97N
Cosmo's Midnight,What Comes Next,Get To Know (feat. Winston Surfshirt),spotify:track:1LvASuCm9gPr9684FFNKdt
Cosmo's Midnight,What Comes Next,History,spotify:track:7rIfPMmf3h0JO2GT1C2m2z
Cosmo's Midnight,What Comes Next,Lovelight,spotify:track:6U8xJn8OqvgiVjOTWxMMcB
Cosmo's Midnight,What Comes Next,Lowkey (feat. Buddy & Jay Prince),spotify:track:53i1jPFdNigWpxUcvj87oG
Cosmo's Midnight,What Comes Next,Montego,spotify:track:1MXK9rAHiKe3nTtBHta7F6
Cosmo's Midnight,What Comes Next,Polarised,spotify:track:7qjuiTw148Qqxh544oniQe
Cosmo's Midnight,What Comes Next,Talk to Me (feat. Tove Styrke),spotify:track:4rjV9NFV51DrGXC2jbK2EN
Cosmo's Midnight,What Comes Next,What Comes Next - Interlude,spotify:track:4VwOg9aXIZMrmmKcLlmTqs
Cosmo's Midnight,What Comes Next,Where U Been (feat. Boogie),spotify:track:60eI3LOsC7mQpwkL0Kqd6s
Cosmo's Midnight,What Comes Next,With U,spotify:track:5nVSPgWyXzbYoRGb5S1F4m
Cousin,A Message from Q,A Message from Q,spotify:track:6KdRMGf4zYmCgh9jPr4AU8
Cousin Kula,Didn't Cha Know / Gone Baby Don't Be Long (Medley),Didn't Cha Know / Gone Baby Don't Be Long (Medley),spotify:track:7raFvJOQOCxHRy5jHfgNMp
Cousin Kula,Pixie Prog,Pixie Prog,spotify:track:7xKPm2DWZFC1tgljyPRKpd
Crayon,After the Tone,After the Tone - Duñe Remix,spotify:track:3z8Gx0Xb9HoyiUoeQnVfuh
Crumb,Locket,Locket,spotify:track:26AhgCPP2OKAnF4AyBf2Kg
Crumb,Locket,Plants,spotify:track:6IOCLzjYswSEHgpTWwAKO4
Crumb,Locket,Recently Played,spotify:track:0YUP8ar1GNHPFqMwUM7xCE
Crumb,Locket,Thirty-Nine,spotify:track:4Xv7LLwWVYwzPrMeeuXBdx
Cupidon,Feel It,Feel It,spotify:track:5qKEArG4jwMAYTAsuG4rpH
Current Joys,A Different Age,A Different Age,spotify:track:6TIOhfnPBw0k5s3KHN3VHO
Current Joys,A Different Age,Alabama,spotify:track:4qPwotm76UCOvQqRsYOU8U
Current Joys,A Different Age,Become the Warm Jets,spotify:track:5evpdnsSC59Ci4nXrWyXp7
Current Joys,A Different Age,Fear,spotify:track:6vxlUYyRVoXtgGNS9ciLBC
Current Joys,A Different Age,Fox,spotify:track:0GZYsPE5zP2VpWqsvLzmwf
Current Joys,A Different Age,In a Year of 13 Moons,spotify:track:5QPOxXee9Jg3JbaVPGwfGq
Current Joys,A Different Age,My Nights Are More Beautiful Than Your Days,spotify:track:3QFu0dgZ3ivX3E3i0lvifS
Current Joys,A Different Age,No Words,spotify:track:484QVSP2NM2Ut3500F0UNO
Current Joys,A Different Age,Way out Here,spotify:track:5r6nan8lQAZmoptqFEpzC4
D Tiberio,Timetable Vol. 2,Grade,spotify:track:0n3mC4FZSiM0UAgitE5Me3
D'Angelo,Black Messiah,1000 Deaths,spotify:track:5Zvp0QO5e9cGhYHywdrfyQ
D'Angelo,Black Messiah,Ain't That Easy,spotify:track:2yx7XX9v7M6yhm2fBG7K3E
D'Angelo,Black Messiah,Another Life,spotify:track:2f9mmR37OEceYERbXml0Nj
D'Angelo,Black Messiah,Back to the Future (Part I),spotify:track:6hAFh200VpVUPg1P14oaJr
D'Angelo,Black Messiah,Back to the Future (Part II),spotify:track:0BcLpX66X5fTdBSnsCMFyP
D'Angelo,Black Messiah,Betray My Heart,spotify:track:3RXr49TkL3wYHB7JJTnyn5
D'Angelo,Black Messiah,Prayer,spotify:track:6YOM2xqlJEdy35htURX7DS
D'Angelo,Black Messiah,Really Love,spotify:track:2RcanAJpudPNDkyIe9DzKS
D'Angelo,Black Messiah,Sugah Daddy,spotify:track:53l4LGUeZKCDZI1u25kQDN
D'Angelo,Black Messiah,The Charade,spotify:track:7gQzzsppcAezKh0HFjrG3q
D'Angelo,Black Messiah,The Door,spotify:track:10772yYCkLuadtiVAcHkk2
D'Angelo,Black Messiah,Till It's Done (Tutu),spotify:track:1tgmyTEKDOkwyvyE37AJDj
D'Angelo,Brown Sugar,Alright,spotify:track:047BRzLtWqQ0gwfwFQHGvU
D'Angelo,Brown Sugar,Brown Sugar,spotify:track:7hcPR8ZTDVF5BgkvbCx9TX
D'Angelo,Brown Sugar,Brown Sugar - Acapella,spotify:track:39sNf0WpFktJpf55w5hnbQ
D'Angelo,Brown Sugar,Brown Sugar - Alternate Version,spotify:track:3lXvqjhRQmHwXxeJWn1Iga
D'Angelo,Brown Sugar,Brown Sugar - C J Mackintosh Remix Edit,spotify:track:10xrTM1S3ap57yGnzeneSm
D'Angelo,Brown Sugar,Brown Sugar - Dollar Bag Mix,spotify:track:6hOUng1xHf5cRdkuJMv4Ii
D'Angelo,Brown Sugar,Brown Sugar - Incognito Molasses Mix,spotify:track:5cJRnKHe25G6DJVmWHXDby
D'Angelo,Brown Sugar,Brown Sugar - Instrumental,spotify:track:2xBCaGt5a9GeYthVNgrJYP
D'Angelo,Brown Sugar,Brown Sugar - King Tech Remix,spotify:track:6WeuMZtwApjk2D6E6GI8hs
D'Angelo,Brown Sugar,Brown Sugar - Soul Inside 808 Mix,spotify:track:2vVut5OULuTISBvwKvXK8t
D'Angelo,Brown Sugar,Cruisin',spotify:track:7K4px9WBDtNqRMy9KmnrEt
D'Angelo,Brown Sugar,Cruisin' - Cut The Sax Remix,spotify:track:6dlDOSP82Nd81cUQARr5Gw
D'Angelo,Brown Sugar,Cruisin' - Dallas Austin Remix,spotify:track:0hWpGcg1822JeRnRdfxHRY
D'Angelo,Brown Sugar,Cruisin' - God Made Me Funky Remix,spotify:track:1p5W7u9bhF1PTtLXNSvfSE
D'Angelo,Brown Sugar,Cruisin' - WET Remix,spotify:track:0UdHFPhuycl1WxHsU2ISpi
D'Angelo,Brown Sugar,Cruisin' - Who's Fooling Who Mix,spotify:track:4Nx6VnPb03cEy5N3enfKkb
D'Angelo,Brown Sugar,Higher,spotify:track:3EBnCpKN19prdlirodNQLJ
D'Angelo,Brown Sugar,Jonz In My Bonz,spotify:track:1A4hkOqHgiujLuADlw4sDK
D'Angelo,Brown Sugar,Lady,spotify:track:3kQDqftnrR7r7l6y9YNl8V
D'Angelo,Brown Sugar,Lady - 2B3 Shake Dat Ass Mix,spotify:track:0y13IuhUZ4izucEy0LDHUp
D'Angelo,Brown Sugar,Lady - C J Mackintosh Radio Edit,spotify:track:6rMm4ysIqAbSCiA0T6pahO
D'Angelo,Brown Sugar,Lady - Instrumental With Chorus,spotify:track:4JN3VFZjw4vGo6dZmxACqH
D'Angelo,Brown Sugar,Lady - Just Tha Beat Mix,spotify:track:2Zy8fRBxX8WtCqdaxueQvy
D'Angelo,Brown Sugar,Me And Those Dreamin' Eyes Of Mine,spotify:track:0SeC2P93pSYhrX90HjYkum
D'Angelo,Brown Sugar,Me And Those Dreamin' Eyes Of Mine - Acapella,spotify:track:6KKujGB2OcZSvD5kbq2ujL
D'Angelo,Brown Sugar,Me And Those Dreamin' Eyes Of Mine - Def Squad Remix,spotify:track:4X5xMFMXPgjHzRytqTRdNA
D'Angelo,Brown Sugar,Me And Those Dreamin' Eyes Of Mine - Dreamy Remix,spotify:track:3Uix1UroIY7oAk3lofh1EQ
D'Angelo,Brown Sugar,Me And Those Dreamin' Eyes Of Mine - Two Way Street Mix,spotify:track:6YGKupuqZQlBQ4LP3rOwit
D'Angelo,Brown Sugar,"Shit, Damn, Motherfucker",spotify:track:3lx7KIcIEmVCMPNuslnjBf
D'Angelo,Brown Sugar,Smooth,spotify:track:67p22uE6PaVvMmhxg5u9Zh
D'Angelo,Brown Sugar,When We Get By,spotify:track:5ISNIruipHp8AHnxbRBwtO
D'Angelo,Voodoo,Africa,spotify:track:6FTBZdL2sXXUSBXMwrQTut
D'Angelo,Voodoo,Chicken Grease,spotify:track:42uCM9saw5B3bCjEFLROlE
D'Angelo,Voodoo,Devil's Pie,spotify:track:5ILWEn8WXPezgpHkGHDk8s
D'Angelo,Voodoo,Feel Like Makin' Love,spotify:track:7hzgk557YLr0722EFkmp9Z
D'Angelo,Voodoo,Greatdayndamornin'/Booty,spotify:track:50k4cklYBbHthI5UDG24KU
D'Angelo,Voodoo,Left And Right,spotify:track:4EQ0dK6Sg7v685NGrQvuki
D'Angelo,Voodoo,One Mo'Gin,spotify:track:4KdHmcUVArJeN7XPjp6Czx
D'Angelo,Voodoo,Playa Playa,spotify:track:6j0FBH06L1YlVkxBvE972P
D'Angelo,Voodoo,Send It On,spotify:track:5LIwaG8Wl9LfExcmiRQm7J
D'Angelo,Voodoo,Spanish Joint,spotify:track:4euxFlxLWVGmZZLyYARTyE
D'Angelo,Voodoo,The Line,spotify:track:3RE93xPC29qZqbubAUeXTt
D'Angelo,Voodoo,The Root,spotify:track:2Qmkg3JVW6e0w55HQudjSW
D'Angelo,Voodoo,Untitled (How Does It Feel),spotify:track:4oPNN7syJYSjzDhRerF966
D'Marc Cantu,DJ-Kicks (Mount Kimbie),The Will and the End - Mixed,spotify:track:3v8Fr6xnETRIvuGFS95Zut
D. Tiffany,Blue Dream,Get Back To You Soon,spotify:track:748CMVnWaxAfIIcvBudngK
Daito Manabe,Timetable Vol. 2,What I Feel,spotify:track:1TQEtRj7bUYF7uE87oAbp0
Daktyl,The Act of Hesitation,The Act of Hesitation,spotify:track:2lmtkD3k4UvMU2iYovRsQj
Dal,The Dartmoor National Park Tapes,Cousin's Number,spotify:track:1pLexFzIOwhvIZm8BW1qAw
Dal,Those Days,Those Days,spotify:track:08rsctyZgjBgZdjbVP0eC4
Damar Davis,Timetable Vol. 2,Beach,spotify:track:010GNhG2PTochRANvVKkYT
Dan Kye,fabric presents Bonobo,Focus - Mixed,spotify:track:3mT9JOnYeGAz5GJ8aiLQIo
Daniel Bortz,DJ-Kicks (Moodymann),Cuz You're The One (Moodymann Edit) - Mixed,spotify:track:5rSjlBl82mfiyBqq0k9S67
Daniel Caesar,Call On Me,Call On Me,spotify:track:1M3O7iJBvb5wCAYQmWGWsC
Daniel Hanson,Song of the Mamuna Tribe of South Papua,Song of the Mamuna Tribe of South Papua,spotify:track:0RAWlVA77GwYNt4CemPKuS
Daniela Andrade,Puddles,Puddles,spotify:track:1HIkv4ULSAxJZPt2PYdYoV
Daniela La Luz,DJ-Kicks (Moodymann),Did You Ever - Mixed,spotify:track:5JVd8hzA7poQOKPu16CK4d
Danny White,The Spirit Of Memphis (1962-1976),Can’t Do Nothing Without You,spotify:track:7fqSKixVb6EEu3xZIlujWT
Danvers,Keep Holding On,Keep Holding On,spotify:track:7f2fbazo7QRkMzubmJsfns
Darius,Utopia,Night Birds,spotify:track:73FnPgVYoNpLoGb7sQEe7b
Darjeeling,Some Nights,56,spotify:track:2lwJrc7U2IcQtbhEfc3giz
Darjeeling,Some Nights,Nightless,spotify:track:685YAIXcqADsYnhh7rmW2J
Darjeeling,Some Nights,Off Peak,spotify:track:0620NJfcA4wqaTWY9sIiUP
Darjeeling,Some Nights,Sabi,spotify:track:6lf4B1AaDj5OAjLif6011Y
Dark Sky,fabric presents Bonobo,Cold Harbour - Mixed,spotify:track:1voUGCQJR7KDzkwbe6bDWD
Dark Sky,Othona,Angels,spotify:track:4TQmCn0e9L7XTiKY4Hk8X4
daste.,Same as It Ever Was,Telephone (What's Your Name?),spotify:track:5THsk36b3o0Hw2JKR9SRnk
daste.,What If?,What If?,spotify:track:1aXDdLQ8Aks6rL8uQUfRyc
Dave,Split Decision,Sprinter,spotify:track:08YvUaUsZktAG6zEMDwUqO
Dave + Sam,No Shade,Sauce,spotify:track:7K7ddcCvINXUSRC3vnqZ2s
David Porter,The Spirit Of Memphis (1962-1976),Can't See You When I Want To,spotify:track:4lCu3CZUaZ0jvMBEhBLqP3
David Porter,The Spirit Of Memphis (1962-1976),Can't See You When I Want To - Alternate Take,spotify:track:07LOwthagKv2ywswUWDfgM
Davido,Timeless,UNAVAILABLE (feat. Musa Keys),spotify:track:2kaH2Z8ezDUKf6fNw250rZ
De La Soul,and the Anonymous Nobody...,Pain,spotify:track:02vbwgCw4piXoMteswBt5I
De Leon,DJ-Kicks (Mount Kimbie),B1 - Mixed,spotify:track:4M7Kqn7nwBvYofBJyi4IsB
Dear Silas,Cadillac Leather in July,Out The Way,spotify:track:2CbcQtAKNERUkbArZo7Guf
Deauxnuts,Without Sleeping,Without Sleeping,spotify:track:7KrqVvJNSXY9xYNVH3fnvR
DECAP,Family,Family,spotify:track:62FZ5BVFbxuUF58FKWrRTo
Deem Spencer,heart don't know,heart don't know,spotify:track:02xdBtQwEZSzGfT5n1ZV5K
Deem Spencer,Pretty face,been,spotify:track:2Y7mLi7f3PoP1MaZWkczJK
Deem Spencer,Pretty face,but,spotify:track:5qqLH38xopdvv0IHRRPWE3
Deem Spencer,Pretty face,from me.,spotify:track:1Vcc3yAbgxQUoCbPmjEo2C
Deem Spencer,Pretty face,how beautiful,spotify:track:5LCGeEzBaJqVhyPgSGhBMB
Deem Spencer,Pretty face,is,spotify:track:2WBanqBPSJREzNjgqFWQzJ
Deem Spencer,Pretty face,not tryna hear it,spotify:track:7aAXXJIAmbQFNiKD73n1yq
Deem Spencer,Pretty face,"Really, I",spotify:track:41i39s3ES1ITV1H7JGbrlY
Deem Spencer,Pretty face,shorty (pt.1),spotify:track:4AHQIskxvMu6PDvrqCpkik
Deem Spencer,Pretty face,shorty (pt.2),spotify:track:2tyuko1Zm6p6OIiVDXfmIa
Deem Spencer,Pretty face,shorty (pt.3),spotify:track:2p2ZgltDrcJ2oYHOYFndU3
Deem Spencer,Pretty face,to me,spotify:track:56itTCvxViGMM4V2Y52m2H
Deem Spencer,Pretty face,tryna tell,spotify:track:21z6yTehL6SxyKrExaz0y9
Deem Spencer,We Think We Alone,Dirt,spotify:track:2ORymgCrr3qsJKQ9Ot74Om
Deem Spencer,We Think We Alone,Eve's Titties,spotify:track:0ROh4u5zZwWVlqf9gcPVjb
Deem Spencer,We Think We Alone,Look at the Bright Side,spotify:track:5bGAJMTIXxJmFOp2GG4iEw
Deem Spencer,We Think We Alone,Moonflower,spotify:track:4cxg5VWYQjnp9so9uapo9j
Deem Spencer,We Think We Alone,Mother Earth,spotify:track:2OOrul6rAANJqAlTekiLMR
Deem Spencer,We Think We Alone,Sex Makes Babies,spotify:track:2kTXkgbmL9d4qnzg4bvlxd
Deem Spencer,We Think We Alone,The Bright Side,spotify:track:3sEcGIc5TFcYMKwxmwy7f1
Deem Spencer,We Think We Alone,There Was Plenty Time Before Us,spotify:track:2e57IPqdq4vtyTpTe98FYh
Deema,Cat Food,Cat Food,spotify:track:5my58rUGlXWQMH6n6b0HL0
Deema,Kief,Kief,spotify:track:1vfcZce6FPM3p8S0JPXFNq
Deema,Maddie & Blame,Maddie,spotify:track:306dSRfjfPwocG6ipKGMjJ
Delegation,Late Night Tales: Badbadnotgood,Oh Honey,spotify:track:3eaGANw2FELxe4HjJdV7CS
Delegation,The Promise of Love,Back Door Love,spotify:track:4J4ZFWlaBuo0eHzeSor36O
Delegation,The Promise of Love,Heaven Is By Your Side,spotify:track:4kkgHocFXPmXDgN4dYTaUV
Delegation,The Promise of Love,Someone Oughta Write a Song About You Baby,spotify:track:0ZZS8ZaOFOlVAyoslYzVTk
Delegation,The Promise of Love,Soul Trippin',spotify:track:1bZBTYVNYW0eaKiYJaEg3V
Delegation,The Promise of Love,Stepping Out of Line,spotify:track:3WzrtnUWggz6ZyUDxNnKl0
Delegation,The Promise of Love,The Promise of Love,spotify:track:2g58aiWbybyFF1AYJWhqz1
Delegation,The Promise of Love,Things Get Better - Digital Bonus Track,spotify:track:2nNVhWwzVwMC97Y8JSWWC0
Delegation,The Promise of Love,We Can Make It,spotify:track:5Wedm43ZjrgCNvL77SkixR
Delegation,The Promise of Love,Where Is the Love - We Used to Know,spotify:track:6ekK3d6m1mxAwSkt19WKy2
Delegation,The Promise of Love,You & Your Love,spotify:track:2So52rXik1M38U5Hb1owfW
Delegation,The Promise of Love,You've Been Doing Me Wrong for So Long Now,spotify:track:7zsyraE6iyEF52Va2sd8za
Derek Carr,Reset EP,Dynamics,spotify:track:6Dr5F0GBHROUy0E4sd0x5W
Derek Carr,Reset EP,Exploration Module,spotify:track:1z3qjeRCHltOXJNzIRDPg3
Dexter,Grind 101,Grind 101,spotify:track:6suwabJR9NfNVsmGNnBFyV
Dexter,"Haare nice, Remix fly",Am Flughafen - Hubert Daviz Remix (Instrumental),spotify:track:3mBdG52ebCCbZ6XRlOe9Sl
DIPS,Mirinda,Mirinda,spotify:track:0Iy7j9mAjJl2qsRHx2Ydkw
Dirty Art Club,Heavy Starch,"Sincerely Yours, The D.A.C.",spotify:track:0lO1JSKQt3CefZHhWr10Ai
DJ Doberman,Timetable Vol. 2,Wait (ICU),spotify:track:2mlot7ZI5UYbJGiDOAKP9P
dj gummy bear,how u make me feel,how u make me feel,spotify:track:1k3eYNIwefsPBsdgYXTNAH
DJ Koze,Studio Barnhus Volym 1,Hawaiian Souldier,spotify:track:7aigqIgfZXwYpKRbSIFddQ
DJ Seinfeld,fabric presents Bonobo,Stargard - Mixed,spotify:track:4MSUuGg83MkD66jj7Cx9LI
DJ Shadow,Endtroducing,Best Foot Forward - Teeko Remix,spotify:track:4IRa3kDzBrylHBYEPMOngH
DJ Shadow,Endtroducing,Building Steam With A Grain Of Salt - Bondax & Karma Kid Remix,spotify:track:7dsW19EWnberAAX4PvKCTm
DJ Shadow,Endtroducing,Building Steam With A Grain Of Salt - Salva Remix,spotify:track:3Y6vb1gGyUe5Yr6tlRXK8O
DJ Shadow,Endtroducing,Changeling II - Adrian Younge Remix,spotify:track:3qC5T5FGSnrWWLOGPxcfVZ
DJ Shadow,Endtroducing,Midnight In A Perfect World - Hudson Mohawke Remix,spotify:track:7ynZF6zI1T5fcr0EBHEvkV
DJ Shadow,Endtroducing,Mutual Slump - Daedelus Remix,spotify:track:2hvfdJkGEOeKO7BNaF76SI
DJ Shadow,Endtroducing,Organ Donor - UZ Remix,spotify:track:2sKqgeVH36XqqbfWsB0HdJ
DJ Shadow,Endtroducing,Stem / Long Stem - Clams Casino Remix,spotify:track:3KAobXfdm0yMlzSGx2PtiW
DJ Shadow,Endtroducing,The Number Song - Lee Bannon Remix,spotify:track:1Z6FPXpIigrU6kQYCMhfhR
DJ Shadow,Endtroducing,Transmissions - Kuedo Remix,spotify:track:4CvCnRcw9zxqpkRl9J4ijm
DJ Shadow,Endtroducing,What Does Your Soul Look Like - Pt. 1 / Prince Paul Remix,spotify:track:0ZBb2uNl3ZsmSKnb5Ib6w4
DJ Shadow,Endtroducing,What Does Your Soul Look Like - Pt. 4 / Teklife Remix,spotify:track:4GtiXG33PbFO828HqZNcVq
DJ Shadow,Endtroducing.....,Best Foot Forward,spotify:track:57bS5MTsLew2MOjRyiyrnV
DJ Shadow,Endtroducing.....,Building Steam With A Grain Of Salt,spotify:track:4cucslsiEgezV2o900Ykg3
DJ Shadow,Endtroducing.....,Changeling,spotify:track:4TEdXKd9AKAclNPLLodIgM
DJ Shadow,Endtroducing.....,Midnight In A Perfect World,spotify:track:1z6zJqayfsAiiYtQ3minb7
DJ Shadow,Endtroducing.....,Mutual Slump,spotify:track:5n8Na7z10ZfpfygddJlz3W
DJ Shadow,Endtroducing.....,Napalm Brain / Scatter Brain - Medley,spotify:track:3l63ghLZ5cUakXfK3HrjQ2
DJ Shadow,Endtroducing.....,Organ Donor,spotify:track:6TdnvxC5E146AXv1doDshO
DJ Shadow,Endtroducing.....,Stem / Long Stem - Medley,spotify:track:3RkIKkpnTpA4kQxXHoHJGj
DJ Shadow,Endtroducing.....,The Number Song,spotify:track:5sogWK5j3QRvDhPtIpuLDQ
DJ Shadow,Endtroducing.....,Transmission 1,spotify:track:78oBdUBhJ0eCv8B1ONWw7c
DJ Shadow,Endtroducing.....,Transmission 2,spotify:track:1U3n6XpjZXK2EagLts0Mqa
DJ Shadow,Endtroducing.....,Transmission 3,spotify:track:1l6SXtuxr9Sn3BdSCrlzjr
DJ Shadow,Endtroducing.....,Untitled,spotify:track:3eVtnPi9k2lAh8oFnUEyDF
DJ Shadow,Endtroducing.....,What Does Your Soul Look Like - Pt. 1 / Blue Sky Revisit,spotify:track:4lYBuSINhkqFz2cHT4tJ3u
DJ Shadow,Endtroducing.....,What Does Your Soul Look Like - Pt. 4,spotify:track:7FujnTZphK15mC6eLYEaAV
DJ Shadow,Endtroducing.....,Why Hip-Hop Sucks In '96,spotify:track:7s7pfQzzJtvt9v6myfpjOv
DJ Shadow,Our Pathetic Age,"Taxin' (feat. Dave East, Loyle Carner) - Long Version / Bonus Track",spotify:track:11jPQq7v65j58sI9Fr7TWz
DJ Shadow,Reconstructed : The Best Of DJ Shadow,Blood On The Motorway,spotify:track:5WIdZ2yxGHePFocXnelCel
DJ Shadow,Reconstructed : The Best Of DJ Shadow,Building Steam With A Grain Of Salt,spotify:track:7omlNpfVt2ay97bWEKrJ4E
DJ Shadow,Reconstructed : The Best Of DJ Shadow,Dark Days - Main Theme,spotify:track:2zjEk7cov8PO5T6bHuRh7H
DJ Shadow,Reconstructed : The Best Of DJ Shadow,Divine Intervention,spotify:track:7y7vDjBaSieh3OvnvIcGbh
DJ Shadow,Reconstructed : The Best Of DJ Shadow,High Noon,spotify:track:4GblofF1pKJvQM3PS7LL2G
DJ Shadow,Reconstructed : The Best Of DJ Shadow,Hindsight,spotify:track:1ZQJH01eKKafPQgcfnqZwD
DJ Shadow,Reconstructed : The Best Of DJ Shadow,I Gotta Rokk,spotify:track:6y0jkN4Be4VXmV770dv6RL
DJ Shadow,Reconstructed : The Best Of DJ Shadow,I've Been Trying,spotify:track:2qyC0FAJXhA7zvhieWYuQu
DJ Shadow,Reconstructed : The Best Of DJ Shadow,Listen,spotify:track:55YjkTGn8F00L4ILHkzytA
DJ Shadow,Reconstructed : The Best Of DJ Shadow,Lost And Found - S.F.L.,spotify:track:2E85clOXrZ4uqEVcTtwlfr
DJ Shadow,Reconstructed : The Best Of DJ Shadow,Midnight In A Perfect World - Extended Vision,spotify:track:1QBF5BTjvn3hJj70r2ukzm
DJ Shadow,Reconstructed : The Best Of DJ Shadow,Organ Donor - Extended Overhaul,spotify:track:37s6IKgaIiv31SO4664GYt
DJ Shadow,Reconstructed : The Best Of DJ Shadow,Redeemed,spotify:track:5PO5pa1cbeKtJ0Osgwir7r
DJ Shadow,Reconstructed : The Best Of DJ Shadow,Scale It Back - Radio Edit,spotify:track:7nrjrLsrHY0br3t3n1vRMi
DJ Shadow,Reconstructed : The Best Of DJ Shadow,Seein' Thangs,spotify:track:4zai0aBs1fqnEhA99dipRQ
DJ Shadow,Reconstructed : The Best Of DJ Shadow,Six Days,spotify:track:6weAZS5Kt1nyYrCG2U4Ubv
DJ Shadow,Reconstructed : The Best Of DJ Shadow,Skullfuckery,spotify:track:3gmPW9U111Y6dfcUNVh9iB
DJ Shadow,Reconstructed : The Best Of DJ Shadow,Stem,spotify:track:7IiV1Rr8vPGzzFfbp8cobi
DJ Shadow,Reconstructed : The Best Of DJ Shadow,This Time (I'm Gonna Try It My Way),spotify:track:3QCBEgd0b2huUOF0xvg689
DJ Shadow,Reconstructed : The Best Of DJ Shadow,Won't You Be,spotify:track:4E3Se0jAbvGLREGCyJK1xp
DJ Shadow,Reconstructed : The Best Of DJ Shadow,You Can't Go Home Again,spotify:track:2muMXjstbvf51fCVk0kEGd
DJ Shadow,Reconstructed : The Best Of DJ Shadow,You Made It,spotify:track:6Bu9cLV2KpJmTnOiHMLbpj
DjRUM,Portrait with Firewood,Blood in My Mouth,spotify:track:2j99yeFnWhjKquM4ACAD74
DjRUM,Portrait with Firewood,Blue Violet,spotify:track:1vFamdetUBxidfNQmOd2vk
DjRUM,Portrait with Firewood,"Creature, Pt. 1",spotify:track:38KFHXttkrIpnUd0tTvkZj
DjRUM,Portrait with Firewood,"Creature, Pt. 2",spotify:track:6Z9g0bEZOwzGrAscmZqlcv
DjRUM,Portrait with Firewood,Sex,spotify:track:5g1PPfVJKxaTweGxJhgnue
DjRUM,Portrait with Firewood,"Showreel, Pt. 3",spotify:track:7KQTzqmRk04lNX2Nere77K
DjRUM,Portrait with Firewood,Sparrows,spotify:track:2QeNJfky2A9SQhiGvoEnZx
DjRUM,Portrait with Firewood,Unblocked,spotify:track:7ijN9YMVkJ3QWte6p7JoVq
DjRUM,Portrait with Firewood,Waters Rising,spotify:track:46MTErkMonXd2RURhe2H2q
DjRUM,Seven Lies,Comos Los Cerdos,spotify:track:2Wq5aoPe60dUZPm5QWDJFx
Dolphin Love,gardenfulloflight,gardenfulloflight,spotify:track:7oExVYEtZWvRK4kYpJv9JQ
Domenique Dumont,Miniatures de auto rhythm,Quand,spotify:track:3MCLBag6KkzAisoKZgDRiT
Don Leisure,Halal Cool J,4am in Kadikoy,spotify:track:77tPzb54SoQwRyMs01DSV9
Don Leisure,Halal Cool J,Borek Break,spotify:track:3PTiOudEuYzmGmotTwL97E
Don Leisure,Halal Cool J,Buyakada,spotify:track:2G9MDVMHUPXH9Mdc35Ubzf
Don Leisure,Halal Cool J,Doug's Hop,spotify:track:4ZmuaUoyBUKvT4o9K2J0uJ
Don Leisure,Halal Cool J,Emirgan Sunrise,spotify:track:14YlhYENFPziKpJ7h6qsO5
Don Leisure,Halal Cool J,Gulum,spotify:track:3X4CVlyU8ORs5GbjjVlc79
Don Leisure,Halal Cool J,Horse Thieves,spotify:track:34GMk6G6Yio2nLh7IIRSOX
Don Leisure,Halal Cool J,Kaymak,spotify:track:7bhMfWpuLYNCoZdlOI0eVM
Don Leisure,Halal Cool J,Kazakh Honey,spotify:track:0CU1ItE3JG3Um7dxp0g3fz
Don Leisure,Halal Cool J,Live in Ankara '74,spotify:track:4ZXfdTsxTsToJZNgaErDZK
Don Leisure,Halal Cool J,Maybe Logic,spotify:track:2E332DZuQnDvOJBazDuXJZ
Don Leisure,Halal Cool J,Mehmet Tarantino,spotify:track:5PaYh7g4726wJpTbWJRHcb
Don Leisure,Halal Cool J,One for Hamit,spotify:track:4fojO5qizB0Jpo7z4pPSmN
Don Leisure,Halal Cool J,Only Built 4 Turkish Linx,spotify:track:0qffQWTNXv5Bw1RY4EgEqs
Don Leisure,Halal Cool J,Street Cats,spotify:track:0zrmcAxzRbIDlcakWbTsq4
Don Leisure,Halal Cool J,The Eyes of Izmir,spotify:track:6SAurUkvHyxox013osB1f5
Don Leisure,Halal Cool J,Turkish Samurai,spotify:track:1BlNULpJiMg74tEDMubl62
Don Rattray,D To The Izzo,D To The Izzo,spotify:track:0m1YypDsc6IwxK4t8rOtyX
Dontcry,Veggie / Ciruela,Ciruela,spotify:track:5IgVgcvWjHoHVRpbLFHKM6
DOPE LEMON,Honey Bones,Best Girl,spotify:track:0uQ4RVpI7Qf3HJ4MaJTqlI
DOPE LEMON,Honey Bones,Coyote,spotify:track:1IFEiJuUW4WYfXM9JeyKIL
DOPE LEMON,Honey Bones,Fuck Things Up,spotify:track:2Poo4caj1UwCxbKJP5lcD6
DOPE LEMON,Honey Bones,Honey Bones,spotify:track:6BoXcNAjYwddyg9oKLpfvv
DOPE LEMON,Honey Bones,How Many Times,spotify:track:1YMXZr6KrGmqKkC6nOa0TG
DOPE LEMON,Honey Bones,Marinade,spotify:track:2N60TAtXaCbmi7zqdUoW61
DOPE LEMON,Honey Bones,Stonecutters,spotify:track:6JckISQKS5IwOH4YrFrfIB
DOPE LEMON,Honey Bones,The Way You Do,spotify:track:19jOzOAp0TbHUsVMYizaQF
DOPE LEMON,Honey Bones,Uptown Folks,spotify:track:0qb7bl4PDIsVI02UMJpyiC
DOPE LEMON,Honey Bones,Won't Let You Go,spotify:track:68rYjKuMhbrunH0eYastEG
DOPE LEMON,Hounds Tooth,Home Soon,spotify:track:6jcRHJwZgpFkdOZClVqVa1
DOPE LEMON,Hounds Tooth,Hounds Tooth,spotify:track:1s5NfvqBndDqx8vV94FlX2
DOPE LEMON,Hounds Tooth,Lovers Left to Die,spotify:track:4IMt8FAHS8ndl6w0gzbt6q
DOPE LEMON,Hounds Tooth,Neon Lights,spotify:track:1SpbCSYufaMtpi6Oi2a1ic
DOPE LEMON,Hounds Tooth,Where Do You Go,spotify:track:42hiq7CpRuUjhT2AheJjXb
DOPE LEMON,Salt & Pepper,Salt & Pepper,spotify:track:6lXRYYjaon6WWN1iKpmtWc
Dopehead,DJ-Kicks (Moodymann),Guttah Guttah - Mixed,spotify:track:6OJMsIqpNUcVDwAB7N2Egt
DORJ,MUAR,EMUNA,spotify:track:5wo3wtROLHuNocMtU0diav
DORJ,MUAR,MARGISH,spotify:track:5FgyIam0vWCyBQYVtfEHgc
DORJ,MUAR,MISTORI,spotify:track:73BwPNhLlm8rEYUaudl59W
DORJ,MUAR,SAMEAH,spotify:track:2aRHZAp4gibdfldyKSCkUH
DORJ,MUAR,SHABUR,spotify:track:4z27Il3miEgAmHKgoWSr5o
Dorothy Ashby,Late Night Tales: Bonobo,Essence of Sapphire,spotify:track:13PqmoiHO8rzblmaNFHY4g
Dr. Dundiff,Snow Day,December,spotify:track:2nKvf4aJlm7asEj8ufjmH3
Drake,On The Radar Freestyle,On The Radar Freestyle,spotify:track:1L0OmJV0LnPDWuHCIGmBV6
Dre'es,Shy Boy,Shy Boy,spotify:track:2YpMxh4QdWBZeBzVX1FmkQ
Dre'es,Swamp 00,Corolla V4,spotify:track:4eB8nWLhDVKUKs6TVuSL41
Dre'es,Swamp 00,Fox Body // Dangerous,spotify:track:0dnWKzNrlSYfGSJgg8ayBN
Dre'es,Swamp 00,Heatwave,spotify:track:10gsjGNglY0FUrrBQL90vk
Dre'es,Swamp 00,Koufax,spotify:track:6M393pJvmq64IhrZi4S8cC
Dre'es,Swamp 00,Mansion,spotify:track:0M4ZYS7nM2dj4snV7rvlOM
Dre'es,Swamp 00,Mayjune,spotify:track:49XS58VtyjeJc9GLjOwOBF
Dre'es,Swamp 00,Recluse,spotify:track:36pUvT2tkKLVxM6ftQiYzr
Dre'es,Swamp 00,Red Comb,spotify:track:1wZl4QpIIZEJROpwkESWS5
Dre'es,Swamp 00,See Flaws,spotify:track:2mCpXZIcN6Ywhq3Lt6ve7Q
Dre'es,Swamp 00,Speed Speed Speed,spotify:track:1dR1bpfCIE9HLUw4Ueq1By
Dre'es,Swamp 00,Tulip Garden,spotify:track:54DFVDmpc3EQqGgkRB8C40
Dre'es,Swamp 00,Update,spotify:track:0oqpsbgDtCUTYVGe1tIM1b
Dre'es,Swamp 00,Zero Degrees,spotify:track:6MKgKBEBM097EXaXhj3sbK
Dre'es,Warm (feat. Mia),Warm (feat. Mia),spotify:track:3kBofOTKMUZ62a311eUwvx
Drugdealer,Hiding in Plain Sight,Pictures of You,spotify:track:0dpusM1gM6ULx0QvjJctbT
Duke Hugh,Canvas,2005,spotify:track:1DL63CLyEic91wY6FTsfM8
Duke Hugh,Canvas,Believe,spotify:track:1ncHpmuECN37yENeA9XUzW
Duke Hugh,Canvas,Butterflies,spotify:track:4f3rGsxzONla9AbdiKCNHL
Duke Hugh,Canvas,Canvas,spotify:track:4jJ4GcC92r8jNNKZ9Ch5zA
Duke Hugh,Canvas,Church in the Wild,spotify:track:5DG9R3m9IrAJWMkjYZDHQk
Duke Hugh,Canvas,Greenleaf,spotify:track:1Dq9v38I2fKm8zRXSTdsGX
Duke Hugh,Canvas,Home,spotify:track:7nNr8xeHc0RSr9E6kQpnwx
Duke Hugh,Canvas,Loft Nights,spotify:track:2sMzQslD6lOFP6cFmu1xOo
Duke Hugh,Canvas,Your Number,spotify:track:7Ke8h8HT2xMIVpyHX6c8y9
Duke Hugh,Zoë,Zoë,spotify:track:6fd6PaAxm5J6C99g8MqQbA
Durand Jones & The Indications,American Love Call,Sea Gets Hotter,spotify:track:5ZK62nSchTamBy8F6HIZov
Durand Jones & The Indications,Witchoo,Witchoo,spotify:track:0AizRfHUi7y1cSl1HqwEij
Durante,fabric presents Bonobo,Maia - Mixed,spotify:track:3SVA1mdufULt9keV2TRvz8
Dustin O'Halloran,Late Night Tales: Bonobo,"An Ending, a Beginning",spotify:track:2t6aXckrRWNnKb0ysc1vBc
Duñe,Duñe x Crayon,So Bad,spotify:track:2czhrDhRNZVSslq8KC1mKm
Dwight Trible,Inspirations,Black Is the Colour of My True Love's Hair,spotify:track:2a5ERH0rfx3aAPJqRny2K7
Dwight Trible,Inspirations,Dear Lord,spotify:track:2APZBpDZZ3gGS6rTRCLzKw
Dwight Trible,Inspirations,Deep River,spotify:track:7cSjBKbAVpXznxkUQPz6X3
Dwight Trible,Inspirations,Feeling Good,spotify:track:2MDeelLYqlOxmzw924TlCt
Dwight Trible,Inspirations,Heaven & Hell,spotify:track:6Zcx8LqEOQGpzhQP80wZFz
Dwight Trible,Inspirations,I Love Paris,spotify:track:3VDPTmvnJg7Hx3rJZyzbBC
Dwight Trible,Inspirations,Tryin' Times,spotify:track:2LlT4Lzayj6DXS09Xb7x7b
Dwight Trible,Inspirations,What the World Needs Now Is Love,spotify:track:1wHKJVT3yjn4IVO5LdL7Mv
Dwight Trible,Mothership,Brother Where Are You?,spotify:track:64A9SdiqoceI2ZRhdp1t2O
Dwight Trible,Mothership,Desert Fairy Princess,spotify:track:5AspyexDJjpy300E2RWMc2
Dwight Trible,Mothership,It's All About Love,spotify:track:24qyiluKmpYxOhriuNkPMW
Dwight Trible,Mothership,Mother,spotify:track:6ZKMWU87t2mN02qbVeXD3H
Dwight Trible,Mothership,Mothership,spotify:track:0OzCnotUl5xi8ILCOMmw3v
Dwight Trible,Mothership,Some Other Time,spotify:track:5AurtfBo32rCBV9Mpm3XDQ
Dwight Trible,Mothership,Song for My Mother,spotify:track:60i2OsYufvUIBZ5KJBMvIc
Dwight Trible,Mothership,Standing in the Need of Prayer,spotify:track:4nSWkW0JkE2OZhozTmtwD6
Dwight Trible,Mothership,Thank You Master,spotify:track:7KXZ2uD0qG0ir9Q12SeiYH
Dwight Trible,Mothership,These Things You Are to Me,spotify:track:1nyfizMtGXHYFE9zlJQFJG
Dwight Trible,Mothership,Tomorrow Never Knows,spotify:track:5CfQ7HmhW9lc3NO7HroP9q
Dwight Trible,Mothership,Walkin' to Paradise,spotify:track:440QO4AGHfSvjir2aknBc2
Earl Sweatshirt,Doris,20 Wave Caps (feat. Domo Genesis),spotify:track:0yNecIrNLTIsF5ULCraPgl
Earl Sweatshirt,Doris,523,spotify:track:1MqC1CyfmBiEgauT4sqhSE
Earl Sweatshirt,Doris,Burgundy (feat. Vince Staples),spotify:track:43tVqovviXhkmOV5LOkTn7
Earl Sweatshirt,Doris,Centurion (feat. Vince Staples),spotify:track:6mrRJpEOqNEKygu4fesH1e
Earl Sweatshirt,Doris,Chum,spotify:track:6plT7nFGiXKSBP9HFSI4ef
Earl Sweatshirt,Doris,Guild (feat. Mac Miller),spotify:track:7y6EHdn8KFJUD2F6zWNWhZ
Earl Sweatshirt,Doris,Hive (feat. Vince Staples & Casey Veggies),spotify:track:6JKoTnberZoBgUuxa6l4Kh
Earl Sweatshirt,Doris,Hoarse,spotify:track:49aTv96mDjvlDb74XvVSc9
Earl Sweatshirt,Doris,Knight (feat. Domo Genesis),spotify:track:2LbL1HaoZrXrCR538uxUjl
Earl Sweatshirt,Doris,Molasses (feat. RZA),spotify:track:7lhkOb0VNnTlshwifCEoSr
Earl Sweatshirt,Doris,Pre (feat. SK La' Flare),spotify:track:4B31QOL13iBeuIsaGD20BS
Earl Sweatshirt,Doris,"Sasquatch (feat. Tyler, The Creator)",spotify:track:5BikEzeYYFtRvR1CL1UTRg
Earl Sweatshirt,Doris,Sunday (feat. Frank Ocean),spotify:track:0fAehaneUJdlSlWXYe1KZp
Earl Sweatshirt,Doris,Uncle Al,spotify:track:76wXoUkBme6E5yPhXv6zfR
Earl Sweatshirt,Doris,"Whoa (feat. Tyler, The Creator)",spotify:track:1rW2nkUbmKD2MC22YrU8cX
Earl Sweatshirt,"I Don't Like Shit, I Don't Go Outside: An Album by Earl Sweatshirt",AM // Radio (feat. Wiki),spotify:track:3cR19PDGb6w48V96kMaZOf
Earl Sweatshirt,"I Don't Like Shit, I Don't Go Outside: An Album by Earl Sweatshirt",DNA (feat. Na-Kel Smith),spotify:track:0oOvCyoDVfZ5FOQzR6hxoR
Earl Sweatshirt,"I Don't Like Shit, I Don't Go Outside: An Album by Earl Sweatshirt",Faucet,spotify:track:7KKW3MSfqCCai76gKSZEco
Earl Sweatshirt,"I Don't Like Shit, I Don't Go Outside: An Album by Earl Sweatshirt",Grief,spotify:track:47A4a2ZxJaZz5nBME2HtXs
Earl Sweatshirt,"I Don't Like Shit, I Don't Go Outside: An Album by Earl Sweatshirt",Grown Ups (feat. Da$H),spotify:track:0jEAMq8CdCWh7o0sQCZRON
Earl Sweatshirt,"I Don't Like Shit, I Don't Go Outside: An Album by Earl Sweatshirt",Huey,spotify:track:3iut542DAj1c44VzyA6CpN
Earl Sweatshirt,"I Don't Like Shit, I Don't Go Outside: An Album by Earl Sweatshirt",Inside,spotify:track:6e1Vn7zlOKQ14SdOfAZlpS
Earl Sweatshirt,"I Don't Like Shit, I Don't Go Outside: An Album by Earl Sweatshirt",Mantra,spotify:track:7kF3pqmT3wAYq8m8HsGoOB
Earl Sweatshirt,"I Don't Like Shit, I Don't Go Outside: An Album by Earl Sweatshirt",Off Top,spotify:track:0Tnv9pQJ1CZfqTpW15xOCL
Earl Sweatshirt,"I Don't Like Shit, I Don't Go Outside: An Album by Earl Sweatshirt",Wool (feat. Vince Staples),spotify:track:228nYWqXzsBS9Ha0SIpM7q
Earl Sweatshirt,Making The Band (Danity Kane),Making The Band (Danity Kane),spotify:track:2VSDVmmjXRy5PTGsbCJJvb
Earl Sweatshirt,Some Rap Songs,Azucar,spotify:track:1mAEQbdq0dZQWfujWG6rCd
Earl Sweatshirt,Some Rap Songs,Cold Summers,spotify:track:0xUbrvxYljD4OZ02BbuPpK
Earl Sweatshirt,Some Rap Songs,December 24,spotify:track:0LppLsxXXDBTqihx84BJGo
Earl Sweatshirt,Some Rap Songs,Eclipse,spotify:track:1L0UPMI58AfRHG7wsUklFA
Earl Sweatshirt,Some Rap Songs,Loosie,spotify:track:77Zm1VR4gVmpUL9n7QOcmD
Earl Sweatshirt,Some Rap Songs,Nowhere2go,spotify:track:2KrHM3YwVwewEAxss7iuj7
Earl Sweatshirt,Some Rap Songs,Ontheway! (feat. Standing On The Corner),spotify:track:4HJ4L8hpX9YjTwipKTYwaW
Earl Sweatshirt,Some Rap Songs,Peanut,spotify:track:4N5QbNdzjLT9jSdnCgIOxP
Earl Sweatshirt,Some Rap Songs,Playing Possum (feat. Cheryl Harris & Keorapetse Kgositsile),spotify:track:1qqEKh4wmdcQGG1c2z8sH0
Earl Sweatshirt,Some Rap Songs,Red Water,spotify:track:6GsLY75eZHnOAWFqdKmZ4b
Earl Sweatshirt,Some Rap Songs,Riot!,spotify:track:6cmt9CRoK0KGcNg9Tpje53
Earl Sweatshirt,Some Rap Songs,Shattered Dreams,spotify:track:2LQb3iYBzoxbxct2IexjBc
Earl Sweatshirt,Some Rap Songs,The Bends,spotify:track:2O2l5DJirlZAwLwpOAVbXR
Earl Sweatshirt,Some Rap Songs,The Mint (feat. Navy Blue),spotify:track:5uLZ3YIQGC0mOk6q3lJ6Ng
Earl Sweatshirt,Some Rap Songs,Veins,spotify:track:2EQMxDwbcaaGIKb7EPDfLF
Earth Trax,fabric presents Bonobo,If You (Club Mix) - Mixed,spotify:track:3MzXWH3ZKFkZlkzwAtTBME
Earthen Sea,Grass and Trees,Existing Closer or Deeper in Space,spotify:track:6kzNAm0RiDW3UyxTOimSLU
Eden777,Parsley God,Body,spotify:track:1OUhq2pxjEYJr7wBSZwrpj
Eden777,Parsley God,In Love,spotify:track:1Z3XN1yqrm0A41lUsskuQd
Edmondson,Hemisphere,Adapt 2,spotify:track:1QNSC0tEDlORmyZEQ7Ra7q
efdemin,DJ-Kicks (Mount Kimbie),America (Terrence Dixon MInimal Detroit Mix) - Mixed,spotify:track:6YBFngpgmIej0cLrQsywfY
Ego Ella May,How Long 'Til We're Home,How Long 'Til We're Home - Josette Joseph Remix,spotify:track:6B8Wzr0tuYKEzyKcjkQGXF
El Train,Puzzles,Keep It Clear,spotify:track:0rlDqQgEixxiZwiAfQoE83
Elder Island,Feral,Feral - letherette Remix,spotify:track:7j8IuM0nkPSCcunpMeTXBu
Eli Keszler,Eli Keszler,III - feat. Sam Gendel,spotify:track:5psiYSWFroHCQJjKRt9syA
ELIZA,A Real Romantic,All Night,spotify:track:5q9oDBF0ElKsJsSrs3Z5kd
Elle Valenci,Freedom,Full City,spotify:track:1OasncxhvkwATyp5l0C5Mo
ELWD,20:00,Dreamsalot//Thingschanged,spotify:track:5aEyXmH7jMUhoLM2QiZPxJ
ELWD,20:00,Dreamslikethat//See4evr,spotify:track:2I6N6By0sWTEybkIZBCBUr
ELWD,20:00,Gleamin//Alteredstate,spotify:track:15C0a6SlnyHUEHJa9n36vW
ELWD,20:00,Iwish//Jammiedodger,spotify:track:7pXSHCsReQZE36zPFW28kI
ELWD,20:00,Minute1//Goesaround,spotify:track:7nFQeBnFxXaZ8rdtEcUdzl
ELWD,20:00,No1here//Plztellmi,spotify:track:4aRyhlKxMc9bsQRIssAkCz
ELWD,20:00,Plants//Roasted,spotify:track:2hA7U8DAxdXJXILMpdgMfb
ELWD,20:00,Sinsisaw//Thedeepestblue,spotify:track:6Nqt86dyc1crxPhGkWgTS6
ELWD,20:00,Tme2shine//Forgotten,spotify:track:1I6g95o7Snv8LAxFeNyuMN
ELWD,20:00,Utellme//Numbered,spotify:track:2IDxS283ZTjXiIxHeYy9CZ
ELWD,All Good Things,32Hundred,spotify:track:3m39lJjjOjFGdqjUztVDMW
ELWD,All Good Things,99Volts / Chips,spotify:track:1PhOO6w45CC9oEdbYi6yh7
ELWD,All Good Things,Allofthis / Notellin,spotify:track:4xhLRcycbm15fMqX0jpciK
ELWD,All Good Things,Badman,spotify:track:7Dge81tJ1wDUsoJ6TojKlP
ELWD,All Good Things,Dayspass / Time2Think,spotify:track:5DTIB4MYpkoGOlG5vVRKQl
ELWD,All Good Things,Dreamdntsleep,spotify:track:4kAaMpAIwRwY7jnuIP0fqI
ELWD,All Good Things,Fewghosts,spotify:track:1QLQ70loMTsOU2x8p3wdnU
ELWD,All Good Things,Finite,spotify:track:7KKaT9rZee264Sm6UWeHOy
ELWD,All Good Things,Hands / Oldcolours,spotify:track:6ns2g7PxyN02CET6AQKXFY
ELWD,All Good Things,Illdoit2Moro / Wishuwell,spotify:track:2BE9lBnnUaq7XpzpTQqGJY
ELWD,All Good Things,Inbloom,spotify:track:4UKLabgOMEelSpdZo5OVvp
ELWD,All Good Things,Lottalivin,spotify:track:0IYDvCOx7iyLlqxO6HlXAl
ELWD,All Good Things,Makings / 2Dozen,spotify:track:0Xf88oJQ6SMCJDyOQv5crQ
ELWD,All Good Things,Neededu / Realeyes,spotify:track:3G0LUZP2oEvSALp2IGzYsf
ELWD,All Good Things,Newcolours,spotify:track:0Zm3VfqbPmzNd65B077zTS
ELWD,All Good Things,Noicecream,spotify:track:6vuQdi1OBsWFNVZhWiKUXw
ELWD,All Good Things,Realityis / Opia,spotify:track:5YvOHHiBCmqMkgAb8Ws844
ELWD,All Good Things,Sleepyhead,spotify:track:0jWvgePtX7hnMeS1hQAUJj
ELWD,All Good Things,Venustas,spotify:track:56mM5C2WVVReCdB7ehh9Gm
ELWD,All Good Things,Yemaybe,spotify:track:2JIaC3KrVjNttnmHYXl0kD
ELWD,BAD TIMING,80 WINKS,spotify:track:4juxshNAbaepIon5K8rzxs
ELWD,BAD TIMING,DAYTIME TELLY,spotify:track:0kBlBPJ26qS8QVXDsPy7eM
ELWD,BAD TIMING,DREAM MAKER 164,spotify:track:7EpUkhMYostV5vQspf5DeI
ELWD,BAD TIMING,IF I,spotify:track:7sGB0suwQvc30mj3Ic6t1X
ELWD,BAD TIMING,LMK,spotify:track:153jdumWZgKufnKdVJnoAN
ELWD,BAD TIMING,NEW ENVIRONMENTS,spotify:track:5E4no28Pw9M5fZFYNF4QEg
ELWD,BAD TIMING,PROPER WARM,spotify:track:7g4uorMvVXrNYvuxsX9k0K
ELWD,BAD TIMING,R,spotify:track:7CHSurYO1QxS0IekMzhWQF
ELWD,BAD TIMING,SO IT SEEMED,spotify:track:05Hdpo1coEGunyVWT3Pg4i
ELWD,BAD TIMING,TESCO BLUE,spotify:track:2Eh8DCjZbH1gPAIyyBcBsM
ELWD,BAD TIMING,THAT EYE,spotify:track:24Vnpfxq2kDHTF3ZN1wYub
ELWD,BAD TIMING,WAKE,spotify:track:5A1MF3il9gkmdqiLvI4KP4
ELWD,BAD TIMING,WHAT IS IT?,spotify:track:0gABj90r8Ui03rzsdcDQTx
ELWD,Too Many Days,2mornings//Subject,spotify:track:1fr1uC3OFCIcnt8Kbs6UAQ
ELWD,Too Many Days,2wice,spotify:track:5aAK3krslz9c77hGbHWW07
ELWD,Too Many Days,Anew//Perfectrun,spotify:track:4KWVqoHxKFk1hU2lDbw1Ye
ELWD,Too Many Days,Elwdslament//Thetvz,spotify:track:68oo5Wqo3kk2KYiltX2Mt6
ELWD,Too Many Days,Highlikefly//Bringo,spotify:track:2SwSKIXIjxKGt3KmJqlPlg
ELWD,Too Many Days,Keeprisin,spotify:track:1pfK8lp1miyUqAQukpPmNY
ELWD,Too Many Days,Live4life//Lastbreakfast,spotify:track:1x9SrL6SlqyrSSidTK2Dv5
ELWD,Too Many Days,Lookin4//Allmypplz,spotify:track:21QUuN1QVAkQm098VBNTxW
ELWD,Too Many Days,Nopropz,spotify:track:1YID40FYwcT7274ZXEC2pH
ELWD,Too Many Days,Sunstruck//Feelthereal,spotify:track:1yb0BkuYgPuKIdziaO13ho
ELWD,Too Many Days,Thepressures,spotify:track:5wCOhCl9D8b2VRGdwriwiJ
ELWD,Too Many Days,Thinkimgunna//Areminder,spotify:track:0FrO89oZxJkNAnB2GRhLPO
ELWD,Too Many Days,Toomany//Likeseasons,spotify:track:6jp0dj9jaE7SLMez7002A5
ELWD,Too Many Days,Trynagtbk//Whenudo,spotify:track:4dDoMrZI9vKIkOHXdCfsLd
ELWD,Too Many Days,Urvbrtnz,spotify:track:4SQtbTLycD1bZrSkQB6D5t
ELWD,Too Many Days,Wheredobirdsfly//Asimportantas,spotify:track:28bScI7uMcFimMtSEHEglI
ELWD,Too Many Days,Whereuheadin,spotify:track:7DriYYoQ3gHNdyr5uHrVXw
ELWD,Too Many Days,Yanoodle,spotify:track:5RTPXbvORHWRyoM8OeRyxG
Emma-Jean Thackray,Rain Dance / Wisdom,Rain Dance / Wisdom,spotify:track:3ljnwiAYQH90bxJQbUP12o
Emmit Fenn,"The Last Dance, Pt 2",The Chase,spotify:track:0SANWT6WZgajOViFe0EkCO
Erick the Architect,Ezekiel's Wheel,Ezekiel's Wheel,spotify:track:4jB5y3nekrMH0HOFSm1rC0
Esbe,Late Night Headphones Vol. 2,5 AM,spotify:track:5xpeaoMDingMiyNiblefNq
Escape Deep,The Secret Of Love,No Bribe No Job,spotify:track:2G1nvfBKrH1NTh2aMO0Md0
Everyone You Know,Cheer Up Charlie - EP,Burning Down,spotify:track:5EjlsTLtdjNERDO1JCju5L
Everyone You Know,Cheer Up Charlie - EP,Cheer Up Charlie (Skit),spotify:track:1rZ4L1o5WAJChvJfFILWE0
Everyone You Know,Cheer Up Charlie - EP,Dance Like We Used To,spotify:track:6fwMzdFGHLP6BrsebsNNeT
Everyone You Know,Cheer Up Charlie - EP,Father's Temper,spotify:track:4t2UNSuNyYr3eKQXcduJpP
Everyone You Know,Cheer Up Charlie - EP,Our Generation,spotify:track:2qBAywBgoSMqpDBHKDTDz2
Everyone You Know,Cheer Up Charlie - EP,Sinners,spotify:track:5ABcAZl2XZ3K7zpIVXtgI5
Everyone You Know,Cheer Up Charlie - EP,Where's Your Roll Up (Skit),spotify:track:35OCVCeMlHbMvQzCfmNh1N
Everyone You Know,The Drive,The Drive,spotify:track:2x8hN5ch6vph8YK2Cw7n0h
Everyone You Know,Think About His Mother,Think About His Mother,spotify:track:5nKXKW2j1YnS1kA90OwtZj
Everyone You Know,Waiting,Hoodies & Hats,spotify:track:38FSWKT9xdj8iWaoDnLcc5
EXCISE DEPT,BILLO,BILLO,spotify:track:2sTlWKiitII8bAawkHYDvE
Ezra Collective,God Gave Me Feet For Dancing (feat. Yazmin Lacey),God Gave Me Feet For Dancing - feat. Yazmin Lacey,spotify:track:3t5jf0Qgk9oJU6kOOHU7cZ
Ezra Collective,Juan Pablo: The Philosopher,Dylan's Dilemma,spotify:track:0porUV68kp6zFnUiXfbhvI
Ezra Collective,Juan Pablo: The Philosopher,Intro,spotify:track:0G2UzBQLT8WWP6cvJCfPRY
Ezra Collective,Juan Pablo: The Philosopher,James Speaks to the Galaxy,spotify:track:3fAc3HiopNmnGP5Dwhbdnb
Ezra Collective,Juan Pablo: The Philosopher,Juan Pablo,spotify:track:1NBYiZddXPfudblVrD2Bps
Ezra Collective,Juan Pablo: The Philosopher,People in Trouble,spotify:track:0kOeiC0WNiyrt3tF14fBex
Ezra Collective,Juan Pablo: The Philosopher,Space is the Place,spotify:track:55Sp5GX5B62gPtAkf2NODu
Ezra Collective,Juan Pablo: The Philosopher,The Philosopher,spotify:track:1BHIbjTSQaJNl2vuTCdisw
Ezra Collective,We out Here,Pure Shade,spotify:track:6dTtt1ytDLLwPaYVXbDyXy
Ezra Collective,You Can't Steal My Joy,Chris and Jane,spotify:track:7onbeUUrlezPATh6XEfOAW
Ezra Collective,You Can't Steal My Joy,King Of The Jungle,spotify:track:5GLKffENxseJ5Q8xGB4KfV
Ezra Collective,You Can't Steal My Joy,People Saved,spotify:track:6bU7KxX3VNn7C8C4E6jbUN
Ezra Collective,You Can't Steal My Joy,Philosopher II,spotify:track:08Nvp4hRFfo1UqWhi8g4op
Ezra Collective,You Can't Steal My Joy,Quest For Coin,spotify:track:4YyH3DnYu0A70L1Myrd15H
Ezra Collective,You Can't Steal My Joy,Reason in Disguise,spotify:track:0ebJuVgQ6VoS1mc7b713J2
Ezra Collective,You Can't Steal My Joy,Red Whine,spotify:track:3Zh8LbcUiARpOSPqKJr3dK
Ezra Collective,You Can't Steal My Joy,Shakara,spotify:track:5CEyBtMq03mmwYbRIxHciI
Ezra Collective,You Can't Steal My Joy,Space is the Place,spotify:track:38PFECJBX4yGhiHFH9XgYX
Ezra Collective,You Can't Steal My Joy,São Paulo,spotify:track:7kj9z5Zpp8krH0672EnHyJ
Ezra Collective,You Can't Steal My Joy,What Am I to Do?,spotify:track:7CLzqUggnD6KW5q8GG95ja
Ezra Collective,You Can't Steal My Joy,Why You Mad?,spotify:track:56kZuGD4pzlCLS9UWp2wUc
Ezra Collective,You Can't Steal My Joy,You Can't Steal My Joy,spotify:track:1OlXIlGPGhoXI8f0Kj778C
Family Event,Demo Tape,Prince Why Don't You Call Me Anymore,spotify:track:7AnJhsR5GVBsXkhkozpoww
Family Time,The Golden Years,New Positions,spotify:track:440iBei7gVG8EjvcZWsHE0
Farhot,Feel Ugly,Feel Ugly,spotify:track:4uJQriMNNU4GIkbubD7Vuw
Fatima,And Yet It's All Love,And Yet It's All Love,spotify:track:2ns4mM2YFsCu2TnUtFBG7m
Fatima,And Yet It's All Love,Attention Span of a Cookie,spotify:track:2nG3798jzlPC2K7Vq3Fu12
Fatima,And Yet It's All Love,Caught in a Lie,spotify:track:0MfnCwZACV6szCJsHoCBAc
Fatima,And Yet It's All Love,Dang,spotify:track:6c1worY8lCn9vmih2k8LU5
Fatima,And Yet It's All Love,I See Faces in Everything,spotify:track:1BKKOjdcKvz6ENarUmBDOg
Fatima,And Yet It's All Love,Movie,spotify:track:4ym4d7V5cjR6ufcqxml9H9
Fatima,And Yet It's All Love,Note to Self,spotify:track:4qTDLRSjc7eJnXO0E1dik8
Fatima,And Yet It's All Love,So Rite,spotify:track:5qVEThNtvl3L96GiGHkvp4
Fatima,And Yet It's All Love,Somebody Else,spotify:track:5UjNSdqNKhD0zFQ96GaFsA
Fatima,And Yet It's All Love,Take It All (feat. Roc Marciano),spotify:track:1eLPLjjx2NbyUzSjYPRV7R
Fatima,And Yet It's All Love,Waltz,spotify:track:1HQGRvYEya374r43ucG6Kh
Fatima,And Yet It's All Love,Westside,spotify:track:4ZUNsv1bK7CIbL3stEteW6
Fatima,Follow You EP (feat. Floating Points),Cinnamon,spotify:track:2OtuRIfYfiernzgrAgRpvi
Fazer,Wasi,Wasi,spotify:track:3woquvMFRQsGGV0JNDQE0p
Feng Suave,Feng Suave,By the Poolside,spotify:track:0DHRNZ26HFLPnmwDUjGB89
Feng Suave,Feng Suave,"Honey, There's No Time",spotify:track:6utl2puTMct2t0ntNnZc68
Feng Suave,Feng Suave,Noche Oscura,spotify:track:0ZvWdGaWqnPs99z1Xso8YG
Feng Suave,Feng Suave,Sink into the Floor,spotify:track:4UCiDcv0yO9tNLZbkZeBBA
Feng Suave,Venus Flytrap,Venus Flytrap,spotify:track:6B1Q7hi48RVUvak1SLoiJX
Finn Foxell,Clear to Me,Clear to Me,spotify:track:6HYyZWtH2eauQrohxWE7Cj
Finn Foxell,Make It Count,Make It Count,spotify:track:0xeZKZWfIoguF0pvQec376
Finn Foxell,Stuck in Motion,Money Calling,spotify:track:1bW1chRTuLwryeyvFs17hp
Finn Foxell,TYSON,TYSON,spotify:track:341gRwF2amC0B8Ow2K2ION
Fitz Ambro$e,Villa Rosa,Fresca,spotify:track:766Rty3Unmkc5FoAkYlnj0
Fitz Ambro$e,Villa Rosa,Serena,spotify:track:55PKWOydKfoIxe5XvDHzzg
FKJ,French Kiwi Juice,Better Give U Up,spotify:track:4c60yLpE5lXvICT0pyEaZ5
FKJ,French Kiwi Juice,Blessed,spotify:track:6VE2189Tetcqmaxrrf4if3
FKJ,French Kiwi Juice,Canggu,spotify:track:5Wx9xfNURyR3OaMNNlEk8j
FKJ,French Kiwi Juice,Die with a Smile,spotify:track:00xjXIoyDIQYSYve03VsXf
FKJ,French Kiwi Juice,Go Back Home,spotify:track:3KrTlYioYhUIvd8IoptcTN
FKJ,French Kiwi Juice,Joy,spotify:track:1962HRBinZRAbyfm75CsK9
FKJ,French Kiwi Juice,Lying Together,spotify:track:1WNOscEdUrRvDwHotfeAW5
FKJ,French Kiwi Juice,Lying Together - Interlude,spotify:track:0l11X0LjNaMJnYahwcR7l1
FKJ,French Kiwi Juice,Skyline,spotify:track:5kc6erfW0v4PtsBtRJpf0Z
FKJ,French Kiwi Juice,Vibin' Out,spotify:track:6SEolIp22t0DzeBfCBo3hr
FKJ,French Kiwi Juice,We Ain't Feeling Time,spotify:track:0uPA6fX70cCdfG172jdcKO
FKJ,French Kiwi Juice,Why Are There Boundaries,spotify:track:0qGQXQdUNwPYQadGuELgEI
FKJ,Leave My Home,Leave My Home,spotify:track:3XnhFQRvNH5LyR9fBKjjh7
FKJ,Take Off,Higher in Love,spotify:track:3uy0WUeHrujCPAdLeB4rDq
FKJ,Take Off,Learn to Fly,spotify:track:50gMJizkOotN58gXTMqmp5
FKJ,Take Off,Open the Door,spotify:track:11VLGF4XnGUiNOlSrZLQRJ
FKJ,Take Off,Waiting,spotify:track:1Xu47hsEbyKfdmlV2DgQw9
FKJ,Time for a Change,Between Moods,spotify:track:7dKdozRcmMd2Q0XC45jv0U
FKJ,Time for a Change,Instant Need,spotify:track:6obKvh06VvBZP98oqU6YR7
FKJ,Time for a Change,So Much to Me,spotify:track:3MUr32NXC2wO7v5iFrluiC
FKJ,Time for a Change,Unchained,spotify:track:6dHr9VgzPbY4N5Yut4JBg7
Fleetwood Mac,Rumours,Dreams - 2004 Remaster,spotify:track:0ofHAoxe9vBkTCp2UQIavz
Floating Points,Elaenia,Argenté,spotify:track:2RHxlUmzc94KLeaak8EIzU
Floating Points,Elaenia,Elaenia,spotify:track:4edhlKj2Yh1Ltv40Q5g8xS
Floating Points,Elaenia,For Marmish,spotify:track:12NAOnJ8gM8iUPO2XX4R6a
Floating Points,Elaenia,Nespole,spotify:track:582dLlwlwkxs2jZq9l3ZR1
Floating Points,Elaenia,Peroration Six,spotify:track:3cXi9vaGoNhxxPBIV6vZwc
Floating Points,Elaenia,"Silhouettes (I, II & III)",spotify:track:13LqCh4tcyxDJbALYVCN8b
Floating Points,Elaenia,Thin Air,spotify:track:1HKDgw12DYZ4sZooxkjGch
Floating Points,King Bromeliad / Montparnasse,King Bromeliad,spotify:track:6f1S3mOpU4TeoTZOJCmRXl
Floating Points,King Bromeliad / Montparnasse,Montparnasse,spotify:track:1nUhsyKZemnCd0t7WKZaDK
Floating Points,Kuiper Part 1 & 2,Kuiper Part 1,spotify:track:2bHWtrl8GXfPepDeda4GDJ
Floating Points,Kuiper Part 1 & 2,Kuiper Part 2,spotify:track:6C1uIA2SG2FipIgzUPoRoB
Floating Points,Late Night Tales: Floating Points,Late Night Tales: Floating Points - Continuous Mix,spotify:track:56mA2l0FyXEMV7WYawE4Bi
Floating Points,Late Night Tales: Floating Points,"The Sweet Time Suite, Part I - Opening",spotify:track:0yyP7V4KhKky7Ku43kAuju
Floating Points,Nuits Sonores / Nectarines,Nectarines,spotify:track:4TSKf90FtjqFS7t0O0UdJs
Floating Points,Nuits Sonores / Nectarines,Nuits Sonores,spotify:track:30sg5TXrB6tgCdvzpvhRg1
Floating Points,Reflections - Mojave Desert,Kelso Dunes,spotify:track:2G4bGLUhGOAsaHdcTwear5
Floating Points,Reflections - Mojave Desert,Kites,spotify:track:6aNao5wIl2fXXtRF4jTtXD
Floating Points,Reflections - Mojave Desert,Lucerne Valley,spotify:track:5MNgiQ6LIsAlCGVFJLCord
Floating Points,Reflections - Mojave Desert,Mojave Desert,spotify:track:0fh5Rieaz3KuWCsBeXOXin
Floating Points,Reflections - Mojave Desert,Silurian Blue,spotify:track:54wzr96nTnxry42Qy8cfuL
Floating Points,Shadows,ARP3,spotify:track:2pRew1oUayKVoIBMBdfoce
Floating Points,Shadows,Myrtle Avenue,spotify:track:5AK87pEAvCIJ46MSN316aC
Floating Points,Shadows,Obfuse,spotify:track:1bJ3LlXVyt6NAmwgeuoXLZ
Floating Points,Shadows,Realise,spotify:track:2YDbBo1LiVoLLYAaqoxy0h
Floating Points,Shadows,Sais,spotify:track:6rYHbJ4ckbC4XgHSXl5pjf
Floating Points,Vacuum Boogie,Argonaut,spotify:track:3yedAPQR40bvg10auxmJZG
Floating Points,Vacuum Boogie,Truly,spotify:track:4fpWMULSaxoLWHNwDfjlfp
Floating Points,Vacuum Boogie,Vacuum Boogie,spotify:track:6ZhhE6TW7rb1NSa9KgtTvU
Floyd Newman,The Spirit Of Memphis (1962-1976),Sassy,spotify:track:60pLfGBBOdX1zmH89NVWpB
Flughand,EXPEDITion Vol. 7: Moonloops,Feblu,spotify:track:0BD9XqvXSSxlHsdBlLKhqA
Flying Lotus,Cosmogramma,...And The World Laughs With You,spotify:track:6F0UFeNt06zoRSRt9zOZ4z
Flying Lotus,Cosmogramma,Arkestry,spotify:track:5SZw9E4I8wQfJaVJkVUlaY
Flying Lotus,Cosmogramma,Clock Catcher,spotify:track:3C1z7AyGWhSNITaiz5tgws
Flying Lotus,Cosmogramma,Computer Face//Pure Being,spotify:track:3PovGredRP1qYTZZME7DDR
Flying Lotus,Cosmogramma,Dance Of The Pseudo Nymph,spotify:track:4iRf6daikCpjbmscGxwBV7
Flying Lotus,Cosmogramma,Do The Astral Plane,spotify:track:6psC59ooTxage8npmtg74G
Flying Lotus,Cosmogramma,Drips//Auntie's Harp,spotify:track:7FYXvZO8Gqp8m8EKnhdhqC
Flying Lotus,Cosmogramma,Galaxy In Janaki,spotify:track:4sh8PiGNm67BfgUkd7iQFH
Flying Lotus,Cosmogramma,German Haircut,spotify:track:1Pv5j7BtAEDnuvdHNyuOtC
Flying Lotus,Cosmogramma,Intro//A Cosmic Drama,spotify:track:61z0V2sucJ90PkegVA0up3
Flying Lotus,Cosmogramma,MmmHmm,spotify:track:32ThzXPiQKs4CYqvlE7CFq
Flying Lotus,Cosmogramma,Nose Art,spotify:track:1yPmVRjVjyJ9CPVlXx5Wfb
Flying Lotus,Cosmogramma,Pickled!,spotify:track:49L575qiC0McAdIfEMglbr
Flying Lotus,Cosmogramma,Recoiled,spotify:track:6nE26UACGb5GDoz5wDsFPS
Flying Lotus,Cosmogramma,Satelllliiiiiiiteee,spotify:track:34ZzShdUn1PRMftg2Dj4x6
Flying Lotus,Cosmogramma,Table Tennis,spotify:track:4HyhcY8J1NWnOu1YjUwy6h
Flying Lotus,Cosmogramma,Zodiac Shit,spotify:track:4GtN7yHlsvQanJfp2Qzw1A
Flying Lotus,DJ-Kicks (Moodymann),Tea Leaf Dancers (Moodymann Edit) - Mixed,spotify:track:2TgEVm0e8w9zn2bt4U3Rse
Flying Lotus,Flamagra,9 Carrots,spotify:track:2f0VlO0xSJtgt2jkmOJzhT
Flying Lotus,Flamagra,Actually Virtual,spotify:track:4K7mFTcBw6G4rWAIt7hdU3
Flying Lotus,Flamagra,All Spies,spotify:track:4BUucqdpwD58gp9MD4F9EZ
Flying Lotus,Flamagra,Andromeda,spotify:track:46yEQPrtCsPMS3YuVy4XHv
Flying Lotus,Flamagra,Black Balloons Reprise,spotify:track:2csZLnXBMuw6ETZuRxdUZF
Flying Lotus,Flamagra,Burning Down The House,spotify:track:0FoVmWBwMGEJZWmHvvBtCT
Flying Lotus,Flamagra,Capillaries,spotify:track:7k1C70XxpCgCYzn2KhbTpt
Flying Lotus,Flamagra,Debbie Is Depressed,spotify:track:7M9fm1ZQKeJptsQG0MXpOW
Flying Lotus,Flamagra,FF4,spotify:track:4yHLejQxBnufgbFPALQkK3
Flying Lotus,Flamagra,Find Your Own Way Home,spotify:track:5mwiI2ekFCST3xK4WPfAsu
Flying Lotus,Flamagra,Fire Is Coming,spotify:track:185ZAmEXHzplBXOWqNtwAa
Flying Lotus,Flamagra,Heroes,spotify:track:4d9B8XK0EZ4KVlFg6ULY8l
Flying Lotus,Flamagra,Heroes In A Half Shell,spotify:track:4GffI4aeObhiSwsb17FMqN
Flying Lotus,Flamagra,Hot Oct.,spotify:track:44VUR8S9PdMrTVTDDwvmo0
Flying Lotus,Flamagra,Inside Your Home,spotify:track:4ksvv50PSOE0s82WUaz5Dq
Flying Lotus,Flamagra,Land Of Honey,spotify:track:1j49Jcm99RNCmFrnRZgliG
Flying Lotus,Flamagra,More,spotify:track:5vvxulBeCeY49Ha3JThZMj
Flying Lotus,Flamagra,Pilgrim Side Eye,spotify:track:2XLgLkVbqe99hRK6WT8BVa
Flying Lotus,Flamagra,Post Requisite,spotify:track:5l25WurqQFTmdBqCLqLZ4Z
Flying Lotus,Flamagra,Pygmy,spotify:track:4GGQzO0FnuInP6GHPNuPEU
Flying Lotus,Flamagra,Remind U,spotify:track:20Yef2VRD3b1jviEJetBLB
Flying Lotus,Flamagra,Say Something,spotify:track:3b2SEcQjfMuGdHcxCPQxlh
Flying Lotus,Flamagra,Spontaneous,spotify:track:5h3uwxELUVyVpMuLXjdKKV
Flying Lotus,Flamagra,Takashi,spotify:track:7vRfnHlFoZ9CnNhut347AF
Flying Lotus,Flamagra,Thank U Malcolm,spotify:track:5idqXfeV9ziFMOceJdfGcx
Flying Lotus,Flamagra,The Climb,spotify:track:0et8cwwawoxWTwozJiFJl3
Flying Lotus,Flamagra,Yellow Belly,spotify:track:6khOQwnrLV7JJU85KbwyH2
Flying Lotus,More,More,spotify:track:51I1yDlnp13kwxBEjc1xIm
Flying Lotus,Spontaneous / Takashi,Takashi,spotify:track:4jo0KX3f0uEKCJljcfkkGe
Flying Lotus,You're Dead!,Cold Dead,spotify:track:0DsXqOdVf65gutV7SEQ1aH
Flying Lotus,You're Dead!,Cold Dead - Instrumental,spotify:track:2Hrz5tlvmcVqnWpchHUH5M
Flying Lotus,You're Dead!,"Coronus, the Terminator",spotify:track:4XasuGHL2xKpO3fgWrYWFC
Flying Lotus,You're Dead!,"Coronus, the Terminator - Instrumental",spotify:track:1ZaBhaw2BBoebpqYFxephc
Flying Lotus,You're Dead!,Dead Man's Tetris,spotify:track:2kOSDAZvCyHvm1xoYX3UfM
Flying Lotus,You're Dead!,Dead Man's Tetris - Instrumental,spotify:track:1AUT1mb9S6CjPDZ4yDI38J
Flying Lotus,You're Dead!,Descent Into Madness,spotify:track:7KjUFMLiCdalMtGiAfuScC
Flying Lotus,You're Dead!,Descent Into Madness - Instrumental,spotify:track:5qNe1xq5pZrcVOwQNt4sKU
Flying Lotus,You're Dead!,Eyes Above,spotify:track:4VJJ3V3V5Cn76nkXCf54Zo
Flying Lotus,You're Dead!,Eyes Above - Instrumental,spotify:track:1iUpq2hySew2o5mTagrTCw
Flying Lotus,You're Dead!,Fkn Dead,spotify:track:1SOmtFLiCq5NLcUletIYwr
Flying Lotus,You're Dead!,Fkn Dead - Instrumental,spotify:track:4VIxOcay5ioIvTYhWkI0ji
Flying Lotus,You're Dead!,Moment of Hesitation,spotify:track:1mh37goPOhdBH2sBDWsoPe
Flying Lotus,You're Dead!,Moment of Hesitation - Instrumental,spotify:track:6NBLldU7JEi2Tn1qtm9eNX
Flying Lotus,You're Dead!,Never Catch Me,spotify:track:7j4meQkdoe8VcvVgApCxFe
Flying Lotus,You're Dead!,Never Catch Me - Instrumental,spotify:track:2PT6to8NW8PXYrXSn744WT
Flying Lotus,You're Dead!,Obligatory Cadence,spotify:track:6xPBB5Nangoztg8AsBCxrF
Flying Lotus,You're Dead!,Obligatory Cadence - Instrumental,spotify:track:60trb9E44epRw6d9jPxvVJ
Flying Lotus,You're Dead!,Protector - Instrumental,spotify:track:7hOwQuHPXEafOUMnLJmCXN
Flying Lotus,You're Dead!,Ready err Not,spotify:track:60c3Lqn80qMQaQvz3av50h
Flying Lotus,You're Dead!,Ready err Not - Instrumental,spotify:track:2oUmr2Kaxup6iOglqK0FK3
Flying Lotus,You're Dead!,Siren Song,spotify:track:00jZwC2jNVrckx8BZXAHRI
Flying Lotus,You're Dead!,Siren Song - Instrumental,spotify:track:63nkkWxNRtDpAhmWVQN7Uh
Flying Lotus,You're Dead!,Stirring,spotify:track:569wtKG9r2OjdwvE1a1OYf
Flying Lotus,You're Dead!,Stirring - Instrumental,spotify:track:1Uyk5xl6LFbKmDCtsWRmgT
Flying Lotus,You're Dead!,Tesla,spotify:track:3DSsi2PSnF0yjYdHVyKG7D
Flying Lotus,You're Dead!,Tesla - Instrumental,spotify:track:2hSmepy8nZkB1sljf5GsBQ
Flying Lotus,You're Dead!,The Boys Who Died in Their Sleep,spotify:track:32cwDUwN4ohrCpMM7xWPbd
Flying Lotus,You're Dead!,The Boys Who Died in Their Sleep - Instrumental,spotify:track:5CzAbxT29TsIontzeJGBBT
Flying Lotus,You're Dead!,The Protest,spotify:track:2vtRk4ti9ucvUZbHjHS1wH
Flying Lotus,You're Dead!,The Protest - Instrumental,spotify:track:042V5fw0OLAPlEXagjHo0a
Flying Lotus,You're Dead!,Theme,spotify:track:2iiVDZM7xLx0uWXw11teJn
Flying Lotus,You're Dead!,Theme - Instrumental,spotify:track:4r6MfONPJ4pfLvKyMuHYq6
Flying Lotus,You're Dead!,Turkey Dog Coma,spotify:track:2mziiEvCEEgVPIaRReHvvk
Flying Lotus,You're Dead!,Turkey Dog Coma - Instrumental,spotify:track:38IAfQxE5axuPn6ph3vsuW
Flying Lotus,You're Dead!,Turtles,spotify:track:7cwHsYYxaTLCCIRmkyOZCC
Flying Lotus,You're Dead!,Turtles - Instrumental,spotify:track:3tKUMuk58CYLcbFZWfko2M
Flying Lotus,You're Dead!,Your Potential//The Beyond,spotify:track:29QeiAsXxS1IeHRfdpmArh
Flying Lotus,You're Dead!,Your Potential//The Beyond - Instrumental,spotify:track:3WP6fatROmO17U6LtTQKTO
Foals,Antidotes,Balloons,spotify:track:1Ofy67k2ofFwEcIxZyX2va
Foals,Antidotes,Big Big Love (Fig. 2),spotify:track:1hca9kcz9s1lCz7xeRyx4r
Foals,Antidotes,Brazil Is Here - B-Side,spotify:track:7wFEG8XuAKIIrlrnxhN066
Foals,Antidotes,Cassius,spotify:track:55SfSsxneljXOk5S3NVZIW
Foals,Antidotes,Dearth - B-Side,spotify:track:08VxKWeGWcoavtdWNP1inC
Foals,Antidotes,Electric Bloom,spotify:track:10fjzHeMTALiELGyC3lFkl
Foals,Antidotes,Heavy Water,spotify:track:4t9EUynDFrkoWSOKxABXwh
Foals,Antidotes,Like Swimming,spotify:track:1yiJG9ElOnrXPvlALeRRo6
Foals,Antidotes,Olympic Airways,spotify:track:6N2SM36vLwcTvgOSssoA4r
Foals,Antidotes,Red Socks Pugie,spotify:track:7I47HANN2FITxyANkTtPLd
Foals,Antidotes,The French Open,spotify:track:5dBrdiY1eVRGLK7DUPSLsD
Foals,Antidotes,Tron,spotify:track:51soJxtsIrCpBth8L2KN3K
Foals,Antidotes,"Two Steps, Twice",spotify:track:6VyAdiXrCAhbX3PoQzcVPL
Foals,Everything Not Saved Will Be Lost Pt. 1,Cafe D'Athens,spotify:track:4dWITy5mDS1zVOSDqOt8v5
Foals,Everything Not Saved Will Be Lost Pt. 1,Exits,spotify:track:7gVGBGI4ZqvkYBlh2LdrQy
Foals,Everything Not Saved Will Be Lost Pt. 1,I'm Done with the World (& It's Done with Me),spotify:track:06aX9B7cYMOpPFkTUfgqj1
Foals,Everything Not Saved Will Be Lost Pt. 1,In Degrees,spotify:track:2muJzxNCRL7M2QeCmjPubU
Foals,Everything Not Saved Will Be Lost Pt. 1,Moonlight,spotify:track:2KBFXH9E7Hwfz430Gy45jf
Foals,Everything Not Saved Will Be Lost Pt. 1,On the Luna,spotify:track:0Sfj5fPqZzCq9o3f1NNphz
Foals,Everything Not Saved Will Be Lost Pt. 1,Sunday,spotify:track:4Wt0oSeCIfNSuzXXgi4eXC
Foals,Everything Not Saved Will Be Lost Pt. 1,"Surf, Pt. 1",spotify:track:0YSZTYQzqPrnsudN5qP5GR
Foals,Everything Not Saved Will Be Lost Pt. 1,Syrups,spotify:track:3HteidpVk31b0a3Swfw0Oe
Foals,Everything Not Saved Will Be Lost Pt. 1,White Onions,spotify:track:36GhBMw1CVJpsrazHYbXQy
Foals,Total Life Forever,----,spotify:track:2PbGoi1QvzVuUAIkBpCBTN
Foals,Total Life Forever,2 Trees,spotify:track:2bkIqYnBay1IFhiBWZkUe9
Foals,Total Life Forever,After Glow,spotify:track:4JjlNxr4xLE3zsPvP2hkWI
Foals,Total Life Forever,Alabaster,spotify:track:24AkAYlzwzYiNBWPVg2v53
Foals,Total Life Forever,Alabaster,spotify:track:1RZYYXuqrR1q9N5HhYrPQ9
Foals,Total Life Forever,Black Gold,spotify:track:0kymtQz7nktTSRO91iGktE
Foals,Total Life Forever,Black Gold,spotify:track:7u8scPOXDQ2DgdDPICWQbp
Foals,Total Life Forever,Black Gold 2,spotify:track:1mXwkgjw5NLxjc8rWWJnMk
Foals,Total Life Forever,Bloo Blood,spotify:track:2cACIDGfc67tz7qZqsnxR0
Foals,Total Life Forever,Bloo Blood 2,spotify:track:5kD8Nkv9ayp1nrwKPXFhzx
Foals,Total Life Forever,Blue Blood,spotify:track:2Oh7OZXmAkpq22ucJSDXGy
Foals,Total Life Forever,Fugue,spotify:track:0EVcALHKpAP8Bj8rWuGrQJ
Foals,Total Life Forever,Miami,spotify:track:6oTMA89Zs1BHm5cdaSKd56
Foals,Total Life Forever,Remains,spotify:track:5eZ4GUFI7l7xSqahRqLLCl
Foals,Total Life Forever,Spanish Sahara,spotify:track:2fWSJxOHKSqXOkhxyo3Gly
Foals,Total Life Forever,Spanish Sahara (Sonar),spotify:track:6YbB1CB8y80sJF1KeWTX4Y
Foals,Total Life Forever,Spanish Sahara - Deadboy Remix,spotify:track:14dhdwyshgNJ5IB04yXOjP
Foals,Total Life Forever,This Orient,spotify:track:7M9GePnsZGTAQKUZr6u7Xf
Foals,Total Life Forever,TLF,spotify:track:6deUQP0hBQN9bD21PKv6xs
Foals,Total Life Forever,TLF 2,spotify:track:797WcabHe3g5niRpvdlG20
Foals,Total Life Forever,TLF 3,spotify:track:1bQC3peGK4G05YQPGXWiFN
Foals,Total Life Forever,TLF 4,spotify:track:6Dz5XUZeTQQeyJG98pjktM
Foals,Total Life Forever,TLF 5,spotify:track:0GSO1vRD1p2NsnW3nrUAcj
Foals,Total Life Forever,Total Life Forever,spotify:track:5L0XV0mhaRwXsRsiONSTL7
Foals,Total Life Forever,Two Trees,spotify:track:5codRrigKdWKCorlHGeAU2
Foals,Total Life Forever,Two Trees 2,spotify:track:6f8JJqlVTyeO7BzD8lrJb2
Foals,Total Life Forever,What Remains,spotify:track:2NV68sjUIz5Gpk0ERgzC2I
Foals,What Went Down,A Knife in the Ocean,spotify:track:66IHpS7V8P8jaWQR7yfTyj
Foals,What Went Down,Albatross,spotify:track:08FGTSIe1HZ0WpdxD95ESy
Foals,What Went Down,Birch Tree,spotify:track:5mOPeaSXywGZX3mDflbDsq
Foals,What Went Down,Give It All,spotify:track:1dawtCVI1A3nYxJX32lBH2
Foals,What Went Down,London Thunder,spotify:track:55H7cdGXn6670EiHiTuOtU
Foals,What Went Down,Lonely Hunter,spotify:track:7BXoTlwSu8FwgsNs4RjDGM
Foals,What Went Down,Mountain at My Gates,spotify:track:53L6A3I9vf7rgEZnMzx54E
Foals,What Went Down,Night Swimmers,spotify:track:0ZRpZMW2kl3b52w9dn2oUM
Foals,What Went Down,Snake Oil,spotify:track:1fn1RZO7oiEmLm1MIGLb27
Foals,What Went Down,What Went Down,spotify:track:5h27GYpKZWWhFov8fOunF6
Folamour,Ordinary Drugs,After Winter Must Come Spring feat. Elbi,spotify:track:1DqJcl5u7EMtiKb3f9pt5s
Folamour,Ordinary Drugs,Between The Nights,spotify:track:48ELZiTPFu8v2Wg4sArYGy
Folamour,Ordinary Drugs,Christmas Is Only Beautiful In TV Shows,spotify:track:5QCv4VdgYxWkwhZm4cZyth
Folamour,Ordinary Drugs,"Don't Make Me Leave You Again, Girl",spotify:track:4vL6PGYOQyK85jeD7JALOD
Folamour,Ordinary Drugs,I Don't Sleep At Night But I Wake Up At 6AM,spotify:track:4IFUXLQycakl3L7Pg6nonM
Folamour,Ordinary Drugs,I Only Remember You When I Sleep feat. Mark Borgazzi,spotify:track:7qJogFLhbnsGBXZrIqwzx6
Folamour,Ordinary Drugs,Intro,spotify:track:6WJRPkPQwE4EAJ7H6xgxCC
Folamour,Ordinary Drugs,Parfums D'Aurore,spotify:track:4af1kpO4SnakpwcM3sLSqG
Folamour,Ordinary Drugs,Theme For Marie Marvingt,spotify:track:2pjBZg18vOFpoH4WNd7fZN
Folamour,Ordinary Drugs,These Are Just Places To Me Now,spotify:track:6M5IPW3c81qXicxsOGAJgf
Folamour,Ordinary Drugs,Underwater Memories feat. Wayne Snow,spotify:track:0zP5z0b3EvjMWlyLXLnIfy
Folamour,The Journey (feat. Zeke Manyika),The Journey (feat. Zeke Manyika),spotify:track:6KuZfqzhbfTU8HEIALDgP2
Footshooter,Footshooter / Technicolour Nights,Juan's Stairwell,spotify:track:4beRhr6bS4qgRkUMNd5ycy
Fort Knox Five,DJ-Kicks (Moodymann),Uptown Tricks (Rodney Hunter Remix) - Mixed,spotify:track:4Iy0M7knioBXJrM73c5owm
Fortunes.,Disc Read Error,Body Clock,spotify:track:5IKpBz9vxhAHovt4JSK4qM
Fortunes.,Disc Read Error,Braille,spotify:track:25RI7HQc5ScADiAaroWmcu
Fortunes.,Disc Read Error,Disc Read Error,spotify:track:6HfeFsxortuxH1O0sZ1O9k
Fortunes.,Disc Read Error,Donuts,spotify:track:20R3lmsT6bODXULzSAiyI3
Fortunes.,Disc Read Error,Karioi,spotify:track:4Ai217SyqdbiN3f7QiwEK8
Fortunes.,Jacket - EP,Angel,spotify:track:5M6fi738NQOogk3RvI0FiD
Fortunes.,Jacket - EP,Bomber,spotify:track:4oRfknlAgx7l7hd6hGx6he
Fortunes.,Jacket - EP,Energy,spotify:track:0TehD0OTbLqbt10vyLEfRw
Fortunes.,Jacket - EP,FKWTU,spotify:track:4dMklgQINeDHeORs5qfVQH
Fortunes.,Jacket - EP,Justin Bieber,spotify:track:23rJ7JPG3YcgTSevtsuV17
Fortunes.,Undress - EP,501's,spotify:track:4O0fyK98zqEDiOE2jJksvs
Fortunes.,Undress - EP,Focus,spotify:track:31UoHnTyjHlYfUiijYW0WB
Fortunes.,Undress - EP,Hero Man,spotify:track:4JpVej6zXqtypwTen1DNkO
Fortunes.,Undress - EP,Linen,spotify:track:6VTgSZZCokqay5iF8rPgHW
Fountaindale,Teach Me To Fly,Teach Me To Fly - Little People edit,spotify:track:39GoIi0Ox6mTpz3gM3x6xr
Four Tet,Beautiful Rewind,Aerial,spotify:track:206B9hfye0qhMsAy45r6Su
Four Tet,Beautiful Rewind,Ba Teaches Yoga,spotify:track:4gKUybezMhjRvoKmTfrNHO
Four Tet,Beautiful Rewind,Buchla,spotify:track:1gUFqfi5WHugd5LFJUktWE
Four Tet,Beautiful Rewind,Crush,spotify:track:6GArDCIo6ScjYQgMPtca8c
Four Tet,Beautiful Rewind,Ever Never,spotify:track:4ftI4MoJrPb1DkfhLr5Cnq
Four Tet,Beautiful Rewind,Gong,spotify:track:0zxw7oUcWVO5S4SKNyibzz
Four Tet,Beautiful Rewind,Kool FM,spotify:track:4cOh2zxZHeltmzVDFC3Nyn
Four Tet,Beautiful Rewind,Our Navigation,spotify:track:7GfVMqaBfm2cSgsqnO5qPj
Four Tet,Beautiful Rewind,Parallel Jalebi,spotify:track:73cn6vDBBOS74HXf27l9t4
Four Tet,Beautiful Rewind,Unicorn,spotify:track:5HbQmBAlDCO4ksmcbvAeHX
Four Tet,Beautiful Rewind,Your Body Feels,spotify:track:6c27svZZ0wwmjn6JTP7aGW
Four Tet,Morning / Evening,Evening Side,spotify:track:3AZliPSO2TXzuGCBhOxqvY
Four Tet,Morning / Evening,Morning Side,spotify:track:5j0XMz0nlx3uysAvoQNHjO
Four Tet,New Energy,10 Midi,spotify:track:4NI4vAv7Mu8zS7RbSnphCi
Four Tet,New Energy,Alap,spotify:track:0O8UJs2QAtV5HetSC0hOlK
Four Tet,New Energy,Daughter,spotify:track:4H4p1B3GrZHnh71vgPtHQW
Four Tet,New Energy,Falls 2,spotify:track:6EOZBOQzTVZh9737ULhb0j
Four Tet,New Energy,Gentle Soul,spotify:track:2aeUaNxToB2xb5kNoqNQBC
Four Tet,New Energy,LA Trance,spotify:track:3DIqOukIhN6BbXzdvC5iZW
Four Tet,New Energy,Lush,spotify:track:4KjNEsQ4jkqXwCmsn71a9p
Four Tet,New Energy,Memories,spotify:track:0QIyJvZOkzMFLJb6mTLFUM
Four Tet,New Energy,Planet,spotify:track:4U6ThqF3jiaUVgYcxmpOXQ
Four Tet,New Energy,Scientists,spotify:track:4W7f4EzaVPJfLvmYwls6l6
Four Tet,New Energy,SW9 9SL,spotify:track:2xN54cw14BBwQVCzQS2izH
Four Tet,New Energy,Tremper,spotify:track:1tpBdgM1LZXSfQ6gF2d8Ps
Four Tet,New Energy,Two Thousand and Seventeen,spotify:track:2ZIaH69kaz55RM4Pjx6KXl
Four Tet,New Energy,You Are Loved,spotify:track:5OokYDHFAJceLdDuPmtvZ7
Four Tet,Pink,128 Harps,spotify:track:6J5eXXEePNJItSPwyzCaYU
Four Tet,Pink,Jupiters,spotify:track:049Rx8e7OAJedD59gpPo90
Four Tet,Pink,Lion,spotify:track:7GlJPrCHR5zJH4xDIgyPoP
Four Tet,Pink,Locked,spotify:track:1vBxzMZGCneeEemHVMw6Q3
Four Tet,Pink,Ocoras,spotify:track:2UstCTe6NPOFZpHvMfZu4d
Four Tet,Pink,Peace for Earth,spotify:track:78QUWHmZOv0lv5OKSoqAPN
Four Tet,Pink,Pinnacles,spotify:track:1Ir2Jvx1GEXjUVYPcR6Ldj
Four Tet,Pink,Pyramid,spotify:track:2v69EHdp1U69GecvyqL5l2
Four Tet,Rounds,And They All Look Broken Hearted,spotify:track:6RavOGeNW1TARKj5xXswAt
Four Tet,Rounds,As Serious As Your Life,spotify:track:4VyWe1PYyh1p8hfTl0dSDt
Four Tet,Rounds,Chia,spotify:track:0bhOtYuXVVuaIu6BuC6vqj
Four Tet,Rounds,First Thing,spotify:track:1XtR5oQsad0JY5dJakjGOL
Four Tet,Rounds,Hands,spotify:track:6VfWccY3UTDtXFa7WFMyz8
Four Tet,Rounds,My Angel Rocks Back And Forth,spotify:track:3b1gPWKiAsWXe6bPjE2rm1
Four Tet,Rounds,She Moves She,spotify:track:4kenHKdPL2geBCAUrhkO5P
Four Tet,Rounds,Slow Jam,spotify:track:6JL5fKe4sNzSOm6qG3nE3z
Four Tet,Rounds,Spirit Fingers,spotify:track:4uzS94EFTGTY8lneSZnBXC
Four Tet,Rounds,Unspoken,spotify:track:7t85fcTuz1O9QDFLQ1qUGf
Four Tet,There Is Love in You,Angel Echoes,spotify:track:0Zuw3doXy3H4HCfyb9cMK3
Four Tet,There Is Love in You,Angel Echoes - Caribou Remix,spotify:track:5x9lEsHECeeiFyxYxgDtcA
Four Tet,There Is Love in You,Angel Echoes - Jon Hopkins Remix,spotify:track:03Pk15VHJTE8FpDGFgpoqk
Four Tet,There Is Love in You,Circling,spotify:track:7CW0mjMKKTMCE6i4hwtvXU
Four Tet,There Is Love in You,Love Cry,spotify:track:715pqm2gTUrewlbJH3Sats
Four Tet,There Is Love in You,Love Cry - Joy Orbison Remix,spotify:track:4RPpfem8cs06UHa3FtjY3L
Four Tet,There Is Love in You,Love Cry - Roska Remix,spotify:track:4T81TIkBZLKJ79J21AmPjc
Four Tet,There Is Love in You,Our Bells,spotify:track:2mupWpE51i16PmIKqzGwMi
Four Tet,There Is Love in You,Pablo's Heart,spotify:track:4IpwXQ6ALvhhmfq54d9hCj
Four Tet,There Is Love in You,Plastic People,spotify:track:2iq4Ny7LOMiB81FXYBwXOs
Four Tet,There Is Love in You,Reversing,spotify:track:1hRn4UVn4yiVht4frTb7QP
Four Tet,There Is Love in You,She Just Likes to Fight,spotify:track:4TUg8KwfQoxv9wZN47yexC
Four Tet,There Is Love in You,Sing,spotify:track:6d12y1WO1Qr0iuAnAwVRKL
Four Tet,There Is Love in You,Sing - Banton's Indian Chants Remix,spotify:track:380Llb8K9kz6WjCWqc0C1g
Four Tet,There Is Love in You,Sing - Extended Mix,spotify:track:3UBq52Mnqm0ZYecK1s2M8O
Four Tet,There Is Love in You,Sing - Floating Points Remix,spotify:track:0d6dLgGunJ8QsPeiSIiVnT
Four Tet,There Is Love in You,Sing - Mosca Remix,spotify:track:0gz5N654AMEOdOoFObqzA7
Four Tet,There Is Love in You,This Unfolds,spotify:track:68nJayiMXiO8IBw75aDgDf
Francis and the Lights,"Farewell, Starlite!",Friends (feat. Bon Iver),spotify:track:0ZpBPavoID3eDbaXKSWpAD
Francis Bebey,Late Night Tales: Badbadnotgood,Sanza Nocturne,spotify:track:4E5m6I2fXQsU9oIXNxkALI
Frank Apollo,Yinhle,Yinhle,spotify:track:6MSDLjcuCvclOVzRxtEXqO
Frank Medley,first of all,first of all,spotify:track:29ncVxIkQBbQJf8JvkqRfS
Frank Medley,scars,scars,spotify:track:2PuOXlJG5mmvf17Chwrzjf
Frank Ocean,DHL,DHL,spotify:track:2INhKpUdzh7v0j041gZNsz
Frankie Knuckles,Frankie Knuckles Presents: His Greatest Hits from Trax Records,Your Love,spotify:track:0IEtL7nw7nfcMrmVBOPoxY
Frankie Stew and Harvey Gunn,The Lakes,Brothers Keeper,spotify:track:2ygd9vBPquJkpx6MIN6ORV
François N'Gwa,Ogooué,N'Kene,spotify:track:7e7bWo53hCu410Ir8qRyv4
Fred again..,adore u,adore u,spotify:track:3YgtkOxZsTuaZdL8McA1FQ
Fred again..,USB,scared,spotify:track:0ZVozjmLnWpmhgbGp32pkB
Fredfades,Fruitful,Back to the Streets,spotify:track:3qBuH8z7a891TxEX4cnzO0
Fredfades,Fruitful,Behold,spotify:track:6K5i7xrc5WbbuAokZ9yt0g
Fredfades,Fruitful,Dukkk,spotify:track:1ds6A1zlTjsgQ34LJ0Sz5o
Fredfades,Fruitful,Fruitful,spotify:track:3DBpf5A8FNVOdVsnbQWw4b
Fredfades,Fruitful,Get Paid,spotify:track:264OiQVFaq0Blb8eWBk072
Fredfades,Fruitful,Never Seen,spotify:track:4agHjypVn8Lvdadb2eR6iM
Fredfades,Fruitful,Phrase Three,spotify:track:729sLWcY8YYF97UZUguiLH
Fredfades,Fruitful,Reaping,spotify:track:7Ehwb8owKVC3SpQZmjzld6
Fredfades,Fruitful,Walking Home,spotify:track:6ihiAHASPXgdsk7eUrXtc2
Fredfades,Fruitful,Watchin U,spotify:track:3c9I2RsmjCSLzQbzyVyPpH
Fredfades,Fruitful,Waters,spotify:track:0lwfXHZQPLnJ0Lh8CtPiea
Fredfades,Fruitful,We Out,spotify:track:2UqrhscwmD4Q4TUYCPQyJA
Free Nationals,Beauty & Essex (feat. Daniel Caesar & Unknown Mortal Orchestra),Beauty & Essex (feat. Daniel Caesar & Unknown Mortal Orchestra),spotify:track:4ej94zqr9xYLbWphCH3TcD
Free Nationals,Eternal Light,Eternal Light,spotify:track:5NM8v7DOexgrrxefEnKR2V
Free Nationals,Free Nationals (Instrumentals),Shibuya - Instrumental,spotify:track:1KwIHDiA7GqySNMrTH0A8f
Free Nationals,Time,Time,spotify:track:05v5mPkLAOoa7M5tnXXOwq
Full Crate,A Storm on a Summers Day,A Storm on a Summers Day,spotify:track:4svk9KGtIVSEoeG2VjIUSy
Funny Weather,Funny Weather,Little i,spotify:track:7yUfwS6DyXqvHeViBKlFCz
Gabriels,Loyalty,Loyalty,spotify:track:1qvcgLTmeptueTaAdjaaiA
Galaxians,Let the Rhythm In,Elements,spotify:track:5Btp7SQCG7ReTlPZ6rLnYL
Galaxians,Let the Rhythm In,How Do U Feel,spotify:track:6Rg8fhdcVCTqZvGstJ9I2v
Galaxians,Let the Rhythm In,Midnight Connection,spotify:track:1wqdyjHsgWHg4JCSdPJW79
Galaxians,Let the Rhythm In,Sanctuary,spotify:track:5WzZEweeq3RUln1kVefhbQ
Galaxians,Let the Rhythm In,Street Level,spotify:track:5TyivFrtNdy6Rc9jBdWfTF
Galaxians,Let the Rhythm In,Subway Dancers,spotify:track:0KcaVNdy0p0gJJHmLwzKkV
Galaxians,Let the Rhythm In,Working Weekend,spotify:track:28befXwJqhz0eDjWup2fS9
Galaxians,Let the Rhythm In,Worldwide Experience,spotify:track:10QtxStplF01z71Ree3Kko
Galcher Lustwerk,200% GALCHER,Life,spotify:track:6shlrqMyqGLIfXLt6eeR0I
Gareth Donkin,GEEK OUT!,GEEK OUT!,spotify:track:5BHJAKnYZ4GGlxTmpnPGab
GEE LEE,Nights That Never Happened,Sub Cloda,spotify:track:0uXCB09yGq5rHsJIXX1qti
Geoffroy,Good Boy,Only Child,spotify:track:0eIo8bGvJMuph3tPTTgd1W
Gerry Read,Timetable Vol. 2,Doze,spotify:track:0jlc8lWbzSkAXwi2duEtLB
Ghetts,Double Standards (feat. Sampha),Double Standards (feat. Sampha),spotify:track:0eAXtuToazVgRJvKn8Rln9
Ghostpoet,Concrete Pony,Concrete Pony,spotify:track:6W9VJk6nZyArCOWlZe7tAF
Ghostpoet,Dark Days + Canapés,(We're) Dominoes,spotify:track:6UIVjOKdWGO21Q8oquqoU7
Ghostpoet,Dark Days + Canapés,Blind As a Bat...,spotify:track:39JL72uezM2tZkoRlAn4g6
Ghostpoet,Dark Days + Canapés,Dopamine If I Do,spotify:track:7za2IQdjWqWYAZTJfRD4WN
Ghostpoet,Dark Days + Canapés,End Times,spotify:track:523DgP8dUYSVqT9vxcGQzw
Ghostpoet,Dark Days + Canapés,Freakshow,spotify:track:7qyLjlerz2lCwdvXAJSzHk
Ghostpoet,Dark Days + Canapés,Immigrant Boogie,spotify:track:0HR59ASLd8184Pg8ks8gcz
Ghostpoet,Dark Days + Canapés,Karoshi,spotify:track:5uB6jfEgB1uNuzvfoi5gyi
Ghostpoet,Dark Days + Canapés,Live>Leave,spotify:track:2wTMAy4ncp0H7u62NFihPk
Ghostpoet,Dark Days + Canapés,Many Moods At Midnight,spotify:track:0UxsVpfEKJ3cI7EqioCn65
Ghostpoet,Dark Days + Canapés,One More Sip,spotify:track:0GgwKXNlv5EkrZDM1r8DCY
Ghostpoet,Dark Days + Canapés,Trouble + Me,spotify:track:4lHk1qVGspmiDx9yfrcDpw
Ghostpoet,Dark Days + Canapés,Woe Is Meee,spotify:track:7lIKiRvY0ptwzXhMqDzupj
Ghostpoet,Peanut Butter Blues and Melancholy Jam,Cash and Carry Me Home - Original,spotify:track:7Kdpnhin7d5B7gviQL5QPF
Ghostpoet,Peanut Butter Blues and Melancholy Jam,Finished I Ain't,spotify:track:7s7mmPHLSN9DZoNPrEhiY9
Ghostpoet,Peanut Butter Blues and Melancholy Jam,Gaaasp,spotify:track:0sqB57n2blkRjNwd8CV1od
Ghostpoet,Peanut Butter Blues and Melancholy Jam,Garden Path,spotify:track:0LcT3ULKwxgnpZBfmXfCxr
Ghostpoet,Peanut Butter Blues and Melancholy Jam,I Just Don't Know,spotify:track:53vCBZftFzcLMN83wRhx6B
Ghostpoet,Peanut Butter Blues and Melancholy Jam,Liiines,spotify:track:1pSdoZS7mBRSp8pxX2Fm9j
Ghostpoet,Peanut Butter Blues and Melancholy Jam,Longing for the Night - Yeah Pause,spotify:track:5aSEk7VaKQeQ4V1cUvZVmf
Ghostpoet,Peanut Butter Blues and Melancholy Jam,One Twos / Run Run Run,spotify:track:7ATyvp3TmYBmGW7YuC8DJ3
Ghostpoet,Peanut Butter Blues and Melancholy Jam,Survive It,spotify:track:4bBNQxnEE96mDCg0Rf2Xow
Ghostpoet,Peanut Butter Blues and Melancholy Jam,Us Against Whatever Ever,spotify:track:0FNanBLvmFEDyD75Whjj52
Ghostpoet,Shedding Skin,"Be Right Back, Moving House",spotify:track:1YO1etqDmIf4ThlipWa0XG
Ghostpoet,Shedding Skin,Better Not Butter,spotify:track:3yrO3WrJ1rShtZQ55Wpesj
Ghostpoet,Shedding Skin,Nothing In The Way,spotify:track:5HczB1cDx8DqRepn9PRBlM
Ghostpoet,Shedding Skin,Off Peak Dreams,spotify:track:4Re4daB6wQ03Lpy7i6UFc1
Ghostpoet,Shedding Skin,Shedding Skin,spotify:track:6kPvmQ1UTQYbnOq1TMxnJM
Ghostpoet,Shedding Skin,"Sorry My Love, It's You Not Me",spotify:track:54iDCSnyUxxRCrsirByL46
Ghostpoet,Shedding Skin,That Ring Down The Drain Kind Of Feeling,spotify:track:095Y6MN2cwszImTQ1q0feM
Ghostpoet,Shedding Skin,The Pleasure In Pleather,spotify:track:6yq3uTojyNyiUnrdt6LvaF
Ghostpoet,Shedding Skin,X Marks the Spot,spotify:track:3ltP3aaxTS5Hd1I4KNJe5i
Ghostpoet,Shedding Skin,"Yes, I Helped You Pack",spotify:track:57mrYh19FHwo2qVwakxPP8
Ghostpoet,Some Say I So I Say Light,12 Deaf,spotify:track:4FTEhWyvYMSWwfzRkNch2c
Ghostpoet,Some Say I So I Say Light,Cold Win,spotify:track:1Qu9UjCrCnrGRLWPEePdHd
Ghostpoet,Some Say I So I Say Light,Comatose,spotify:track:4N761g2YS52QwCWuwOjXWC
Ghostpoet,Some Say I So I Say Light,Dial Tones,spotify:track:1YQKDneBhmQ91X8vWxOzjH
Ghostpoet,Some Say I So I Say Light,Dorsal Morsel,spotify:track:1ab5YcQeBBMRJyCOeCsD34
Ghostpoet,Some Say I So I Say Light,Meltdown,spotify:track:617DXK6inqTNlOXxtEjkS0
Ghostpoet,Some Say I So I Say Light,MSI musmiD,spotify:track:66P9P8aZ2vKHSuUKX8aliY
Ghostpoet,Some Say I So I Say Light,Plastic Bag Brain,spotify:track:09Oi0VlyemjHEMGHMGMR4k
Ghostpoet,Some Say I So I Say Light,Sloth Trot,spotify:track:44I5kugXlFlYJrWLgD5m5q
Ghostpoet,Some Say I So I Say Light,Them Waters,spotify:track:1zY48IWfesOGDn75uaT7nY
Ghostpoet,Some Say I So I Say Light,Thymethymethyme,spotify:track:4b9Rp5hXioiwVpBBNQOriJ
Gianni Brezzo,New Magic,New Magic,spotify:track:0w9BldxthKBRKKOqJhLIt2
Girls of the Internet,When U Go,When U Go,spotify:track:37z8D58LzHMRAUNKBbRVmW
Glass Animals,How To Be A Human Being,[Premade Sandwiches],spotify:track:3pd68iZ0W9KKKRsxMu9zzD
Glass Animals,How To Be A Human Being,Agnes,spotify:track:6prvUr8l3t7x5GY7heQb5w
Glass Animals,How To Be A Human Being,Cane Shuga,spotify:track:7GHqPV9RCRofSXh68htAkg
Glass Animals,How To Be A Human Being,Life Itself,spotify:track:32zkKx35Et6A515oZKxDkD
Glass Animals,How To Be A Human Being,Mama's Gun,spotify:track:5o4znEHwozOHIgHoWAllnr
Glass Animals,How To Be A Human Being,Poplar St,spotify:track:3ApAsbQP7d5GlFwwdExaTY
Glass Animals,How To Be A Human Being,Pork Soda,spotify:track:5C5gvDZsl6d8bh89URfKHr
Glass Animals,How To Be A Human Being,Season 2 Episode 3,spotify:track:4vcoNCrTtunmJ9q8srpVly
Glass Animals,How To Be A Human Being,Take A Slice,spotify:track:37adYGaYaAWTGhBaOzX4Fh
Glass Animals,How To Be A Human Being,The Other Side Of Paradise,spotify:track:0rRjGruFonCGOt0S5zAJNQ
Glass Animals,How To Be A Human Being,Youth,spotify:track:1LPGwuFgIzbJoShfDdw7MY
Glass Animals,Leaflings,Cocoa Hooves,spotify:track:4tGQUAnrOXuM3epCM8OBYC
Glass Animals,Leaflings,Cocoa Hooves Part II,spotify:track:6HYBJdrUgFPco0tSaT2Dfn
Glass Animals,Leaflings,Dust In Your Pocket,spotify:track:714LbDMCzRGIszBfRviwqg
Glass Animals,Leaflings,Golden Antlers,spotify:track:3gC0JHukQwxtfkOzFiOe39
Glass Animals,ZABA,Black Mambo,spotify:track:7bfjVe06NIMNzE9G2cO5fO
Glass Animals,ZABA,Black Mambo - Stripped,spotify:track:1FhvSbjZmQQ5qeKXo6JilC
Glass Animals,ZABA,Cocoa Hooves,spotify:track:3mRBPZbnwsmddN0JH5BNVl
Glass Animals,ZABA,Cocoa Hooves - Stripped,spotify:track:43wtbrVn3ZSN8sz5MLgg4C
Glass Animals,ZABA,Flip,spotify:track:5INGJmayE2uzCeGZozNJC2
Glass Animals,ZABA,Gooey,spotify:track:68ClfNyV71AjdTfGIyu4Gx
Glass Animals,ZABA,Gooey - Stripped,spotify:track:4vQsywFuHBgwiCFe4Fg4iV
Glass Animals,ZABA,Hazey,spotify:track:2xdYO2kc8ZQ711YFCO2Wth
Glass Animals,ZABA,Hazey - Stripped,spotify:track:3hNKgQkCSn8eGTfyfiGWN3
Glass Animals,ZABA,Intruxx,spotify:track:08FkPtq0cXcOSNphaXJfwx
Glass Animals,ZABA,JDNT,spotify:track:0UAsTdeDE8UbXBOHQD1Hri
Glass Animals,ZABA,Pools,spotify:track:0pQjNxCnSkcIOzdJtI8DBR
Glass Animals,ZABA,Toes,spotify:track:2rzpeCJ9pACIsbDo071pQz
Glass Animals,ZABA,Walla Walla,spotify:track:09ml9rVHNtfvr6jJZPrcPX
Glass Animals,ZABA,Wyrd,spotify:track:2wbdVe8yLVVQ6Dt7neZdr2
Glue Trip,Glue Trip,Birds Singing Lies,spotify:track:1YVAzgcXSMgf472ZRtQIwY
Glue Trip,Glue Trip,Elbow Pain,spotify:track:0a0xmwa0ik3iBKf6SsIe14
Glue Trip,Glue Trip,La Edad del Futuro,spotify:track:6Wka2yr1nQMAbRQzaJtjMv
Glue Trip,Glue Trip,Lucid Dream,spotify:track:7kzoKUweUtcgZCyCruojmF
Glue Trip,Glue Trip,New Place to Start,spotify:track:3dbV0fvfujWCOL7IPK60Qs
Glue Trip,Glue Trip,Old Blood,spotify:track:5ihfHiGwhtedIFVfbuCGHr
Glue Trip,Glue Trip,Solomon,spotify:track:5RXYmgKIp1hl3BXdKdJbX4
Glue Trip,Glue Trip,Tropikaoss,spotify:track:0oWyjFAMWwngeYUlBke2HJ
Glue Trip,Sea at Night,Between Jupiter and Mars,spotify:track:0sBJ0BzBxo1mFyaOB1iELp
Glue Trip,Sea at Night,Closing Cycles,spotify:track:3Hc3fTts7omvgS1wFGPIvD
Glue Trip,Sea at Night,E.W.W.T,spotify:track:4IH12rD2TsYG5gnagbevBk
Glue Trip,Sea at Night,Fancy,spotify:track:6olEkuE802oLJI4a17R649
Glue Trip,Sea at Night,Friend Zone Forever,spotify:track:0HACl3tNHV0n0U6YbdHZHp
Glue Trip,Sea at Night,Honey,spotify:track:0mlT1ZOATo7edHK4A5gBQZ
Glue Trip,Sea at Night,The Future of Our Lives,spotify:track:0bWLoA0urywYfemdrysKHV
Glue Trip,Sea at Night,Time Lapses,spotify:track:3hfYFQfrI7NOLv8MbF2l7e
Glue Trip,Sea at Night,Waves,spotify:track:5WCpNZK0fpErnmjaWxkwtG
glue70,Aerophobia,Aerophobia,spotify:track:3dLwdgBYv1BEcO3QtMz2ot
Godblesscomputers,Solchi,How About U,spotify:track:6Xp12pj3TMMSRpzh4DhcjH
Godriguez,Vol.1 '14-'18,Make This Magic,spotify:track:5kVgxA0BJmq74Uf4ILx7uM
GODTET,Cactus Dance,Cactus Dance,spotify:track:7wiJV8CHLuziRQFLKBkD4R
GODTET,Godtet,Ensueño,spotify:track:2tCOdryTpRqRto1asfS0Jd
GODTET,II,Alice,spotify:track:6tQ2sZ6WuCH8SHlwA7crkj
GoGo Penguin,A Humdrum Star,A Hundred Moons,spotify:track:0u5s0aQBWHHvk1BMRBDN5j
GoGo Penguin,A Humdrum Star,A Hundred Moons - Alternative Version,spotify:track:6tzznN7gzX0rmsbU042Asv
GoGo Penguin,A Humdrum Star,Bardo,spotify:track:11D04GNTUyzImF2OLM7d3b
GoGo Penguin,A Humdrum Star,Prayer,spotify:track:13Ne6EgGCxrnaHUeBhWSTZ
GoGo Penguin,A Humdrum Star,Raven,spotify:track:28woJcutSKXdibqx4cJwis
GoGo Penguin,A Humdrum Star,Reactor,spotify:track:1YXkts9ukYmGM7yqyePfP4
GoGo Penguin,A Humdrum Star,Return To Text,spotify:track:2gr23tkZSNveVL2Fq9xq7V
GoGo Penguin,A Humdrum Star,So It Begins,spotify:track:4n9Zjllx2W1IWRK6sprPki
GoGo Penguin,A Humdrum Star,Strid,spotify:track:45NsxqJunn6u1CxV1RPzvu
GoGo Penguin,A Humdrum Star,Transient State,spotify:track:01GJ4yHLkGmbRSo5JxTdEs
GoGo Penguin,A Humdrum Star,Window,spotify:track:68KCSVlbdXTeUSkJCmAiYl
GoGo Penguin,Man Made Object,All Res,spotify:track:4crRKGFkUSZxJXPcjN9Y2e
GoGo Penguin,Man Made Object,All Res - Dabrye Remix,spotify:track:1Q3iEFDMXTcqrIH8dJGdiC
GoGo Penguin,Man Made Object,Branches Break,spotify:track:1KvAc16nNqXGgOXABbV1sA
GoGo Penguin,Man Made Object,GBFISYSIH,spotify:track:6dmoIa2eil8wcbQRR1O6S1
GoGo Penguin,Man Made Object,Initiate,spotify:track:6yecCJQkKA6NdqO2pjRaWM
GoGo Penguin,Man Made Object,Initiate - Stray Remix,spotify:track:4DmaKIq0WSYzwwwUAA7cW6
GoGo Penguin,Man Made Object,Protest,spotify:track:2gD2FWVtqmai0NpEYe3OHB
GoGo Penguin,Man Made Object,Quiet Mind,spotify:track:2kMPNsSwR8qBxa8RDpdkGS
GoGo Penguin,Man Made Object,Smarra,spotify:track:3AOwl0oEiIDcnwcbBvVnt3
GoGo Penguin,Man Made Object,Surrender To Mountain,spotify:track:5RPdVBXDawsG7VlmrEdbmr
GoGo Penguin,Man Made Object,Unspeakable World,spotify:track:2AVNSGI8V5V7k60bYE76bX
GoGo Penguin,Man Made Object,Unspeakable World - Matthew Herbert's Onc Workout,spotify:track:3t2yNQbEX1hWurbdn9rRS1
GoGo Penguin,Man Made Object,Weird Cat,spotify:track:5RqLLA9oIXrd5eVUJVod47
GoGo Penguin,v2.0 (Deluxe Edition),Break,spotify:track:789F4dyWpNj2BziV700jDm
GoGo Penguin,v2.0 (Deluxe Edition),Fort,spotify:track:6RFFOwpMGWomUoBiFjZ5dL
GoGo Penguin,v2.0 (Deluxe Edition),Garden Dog Barbecue,spotify:track:1A4iI9Ho0OG0lhXiiiWKWm
GoGo Penguin,v2.0 (Deluxe Edition),Home,spotify:track:7kfNpgReU0c6n85MoC85AM
GoGo Penguin,v2.0 (Deluxe Edition),Hopopono,spotify:track:0muFoIUwx0MBi5oxo8qixC
GoGo Penguin,v2.0 (Deluxe Edition),In Amber,spotify:track:5Koq7hQQ1D6McTAE7ctXKI
GoGo Penguin,v2.0 (Deluxe Edition),Kamaloka,spotify:track:3WKLNDbdt3yUxHbWcw7nyW
GoGo Penguin,v2.0 (Deluxe Edition),Murmuration,spotify:track:3rznUPFDTs2EiXXocD00pz
GoGo Penguin,v2.0 (Deluxe Edition),One Percent,spotify:track:0SrhH6sZ7LkZ9tFhxapGpX
GoGo Penguin,v2.0 (Deluxe Edition),Shock and Awe,spotify:track:5YciPfSdAVMyrHtn890InA
GoGo Penguin,v2.0 (Deluxe Edition),The Letter,spotify:track:4LcmGSB3WBlf1zUET1b3ET
GoGo Penguin,v2.0 (Deluxe Edition),To Drown in You,spotify:track:3bltcmRWHVgeZgg7VWin7D
GoGo Penguin,v2.0 (Deluxe Edition),Wash,spotify:track:19s2EtoDLlWir8a6AUZcNC
Golden Rules,Golden Ticket,Auntie Pearl's House,spotify:track:7LFStOjlB5tZtq6wGW1Vs1
Golden Rules,Golden Ticket,Don't Be,spotify:track:0aVYkBDSEgeFD8q01VvfDG
Golden Rules,Golden Ticket,Down South Boogie,spotify:track:63scvmGpENgVsdbYoCu6j0
Golden Rules,Golden Ticket,Fogged Window,spotify:track:4IAFeH6ZXAkjnTqpwxvsLy
Golden Rules,Golden Ticket,Golden Ticket,spotify:track:0fViRu4kKBynWHUzvW3Ibm
Golden Rules,Golden Ticket,Holy Macaroni,spotify:track:2VJwPJ9gQaLEO3ZnfGCFPu
Golden Rules,Golden Ticket,It's Over,spotify:track:011ocRXzRAU7NLwXhmULfn
Golden Rules,Golden Ticket,Life's Power,spotify:track:4uVLliQ3YNXfLsXjz4FwbM
Golden Rules,Golden Ticket,Making a Move,spotify:track:7vdGckbGsNAPsVSemkpnxL
Golden Rules,Golden Ticket,Never Die,spotify:track:6KwLadR19hQin77zs2c7Px
Golden Rules,Golden Ticket,Play Some Luther,spotify:track:1sH9IhWuGIDXTY2VLgZVfV
Golden Rules,Golden Ticket,Talkin' 'Bout,spotify:track:33kZQbGCThXW7TmpMUMDVy
Golden Rules,Golden Ticket,The Let Down,spotify:track:7lvnTHUQyIh6bEIGkQ3154
GoldLink,"And After That, We Didn't Talk",After You Left,spotify:track:58AIs9kqVTUAl7Is9VPP0n
GoldLink,"And After That, We Didn't Talk",Dance On Me,spotify:track:6Yh1OsdY5IMeUHPMplkQj2
GoldLink,"And After That, We Didn't Talk",Dark Skin Women,spotify:track:5q3KB1x3ijlmigg9nNJ3uE
GoldLink,"And After That, We Didn't Talk",Late Night (feat. Masego),spotify:track:60ZZNXIdwgUGkVGRt7foLT
GoldLink,"And After That, We Didn't Talk",New Black,spotify:track:4sH2Oc6BkJgDXvYLinK0sw
GoldLink,"And After That, We Didn't Talk",Palm Trees,spotify:track:1fpfYMT2RTc5W3Zluq5xVA
GoldLink,"And After That, We Didn't Talk",Polarized (feat. Demo-Taped),spotify:track:2EtJ5lVcs8x9m7I0dc4fck
GoldLink,"And After That, We Didn't Talk",See I Miss,spotify:track:1l9gHvHqUdu8RrA1GSIi65
GoldLink,"And After That, We Didn't Talk",Spectrum,spotify:track:2LvpVkv0z8oFMcc048FfJd
GoldLink,"And After That, We Didn't Talk",Unique (feat. Anderson .Paak),spotify:track:0M6gonJgoyBQsE42aWE5tW
GoldLink,"And After That, We Didn't Talk",Zipporah,spotify:track:7MIGNUCE2lKsWXHjUT4EHO
GoldLink,At What Cost,Crew (feat. Brent Faiyaz & Shy Glizzy),spotify:track:15EPc80XuFrb2LmOzGjuRg
GoldLink,At What Cost,Hands On Your Knees (feat. Kokayi),spotify:track:1QKoF35gNN3dCNSGlin8bW
GoldLink,At What Cost,Have You Seen That Girl?,spotify:track:0H57lJQoHSzP4nE7EvTJPP
GoldLink,At What Cost,Herside Story,spotify:track:564oa00vY05d1uYnTEAAmE
GoldLink,At What Cost,Kokamoe Freestyle,spotify:track:4wLJNd3zIfm68rMi36JtY4
GoldLink,At What Cost,Meditation (feat. Jazmine Sullivan & KAYTRANADA),spotify:track:7jaYiqwCFQDdtxfQaSzZuM
GoldLink,At What Cost,Opening Credit,spotify:track:0CN5UmtHPdenaE2yyT7JuZ
GoldLink,At What Cost,Pray Everyday (Survivor's Guilt),spotify:track:0nNY7kR1TjRcZYAMi08rCy
GoldLink,At What Cost,Roll Call (feat. Mya),spotify:track:7qcxGQNLJup67pQwTKsR8E
GoldLink,At What Cost,Same Clothes As Yesterday (feat. Ciscero),spotify:track:6AOcDjTt4jfe9ostQ6eAs7
GoldLink,At What Cost,Some Girl (feat. Steve Lacy),spotify:track:6wOdpwaVrRtWlVSQNMBNQU
GoldLink,At What Cost,Summatime (feat. Wale & Radiant Children),spotify:track:3NsPvsr9VrcMtAxJ50XCL9
GoldLink,At What Cost,The Parable of the Rich Man (feat. April George),spotify:track:3JnuGitHblAKCT9uAVGSEJ
GoldLink,At What Cost,We Will Never Die (feat. Lil Dude),spotify:track:7GbQdg0zBhXkNYbRiojA45
GoldLink,Got Muscle (feat. Peewee Longway & WaveIQ),Got Muscle (feat. Peewee Longway & WaveIQ),spotify:track:4CDzxLnX6f8IpaFo0Na51x
GoldLink,The God Complex,Ay Ay,spotify:track:2OFQb1abuWOhOx3ASEbgcT
GoldLink,The God Complex,Ay Ay (Flow-Fi Remix),spotify:track:6mzKuxh4XvKr47A0Ponx95
GoldLink,The God Complex,Bedtime Story,spotify:track:2oHxuNlj8cdpqxpum3DWkj
GoldLink,The God Complex,Cntrl,spotify:track:3D6FPNOCxVlYu4v3e331Xk
GoldLink,The God Complex,Divine (feat. Kali Uchis),spotify:track:5mYSYjfxGVz2y1TOEQTQdf
GoldLink,The God Complex,Fuck Being Polite,spotify:track:0wKyxkRnsx9pTU25zuGGcZ
GoldLink,The God Complex,Hip Hop Interlude,spotify:track:15BCEjS2LARPPazBPSRGxI
GoldLink,The God Complex,How It's Done,spotify:track:0CuckhWGTpDkPSUzvL49oK
GoldLink,The God Complex,Planet Paradise,spotify:track:3lGOuUoEYzWzRaWn10VKw7
GoldLink,The God Complex,Sober Thoughts,spotify:track:14kwLRnKSbe9t47ZA8pLvV
GoldLink,The God Complex,When I Die,spotify:track:3y2M9o8Z5iH1uCSXw8f3cn
Gorillaz,Demon Days,All Alone,spotify:track:76Ug1q4l6rGwJ2ubV5wh3X
Gorillaz,Demon Days,DARE (feat. Shaun Ryder & Roses Gabor),spotify:track:4Hff1IjRbLGeLgFgxvHflk
Gorillaz,Demon Days,Demon Days,spotify:track:2k6hpKTyubRVOmQR11ViY3
Gorillaz,Demon Days,Dirty Harry (feat. Bootie Brown),spotify:track:2bfGNzdiRa1jXZRdfssSzR
Gorillaz,Demon Days,Don't Get Lost in Heaven,spotify:track:4hjGZN8poACfjWCK3Og6vY
Gorillaz,Demon Days,El Mañana,spotify:track:0dcMqjeDpwqB2xhzMsld0p
Gorillaz,Demon Days,Every Planet We Reach Is Dead,spotify:track:2pw9RZWZibttZzoFhwjuy6
Gorillaz,Demon Days,Feel Good Inc.,spotify:track:0d28khcov6AiegSCpG5TuT
Gorillaz,Demon Days,Fire Coming out of the Monkey's Head,spotify:track:1S9tfxdFr4TqoqA14gnKj3
Gorillaz,Demon Days,Intro,spotify:track:2zavoMfVVPJMikH57fd8yK
Gorillaz,Demon Days,Kids with Guns,spotify:track:0eEgMbSzOHmkOeVuNC3E0k
Gorillaz,Demon Days,Last Living Souls,spotify:track:7JzmCjvB6bk48JghLyrg8N
Gorillaz,Demon Days,November Has Come,spotify:track:6lrDckuosGpwEHtm1hHBcf
Gorillaz,Demon Days,O Green World,spotify:track:4hNPMfFHauPIbOKvdYqFt7
Gorillaz,Demon Days,White Light,spotify:track:7hnW9af7GuGH5lyUUTa8UH
Gorillaz,Gorillaz,19-2000,spotify:track:71koAFCnGnugRdGIDfS7f4
Gorillaz,Gorillaz,19-2000 - Soulchild Remix,spotify:track:1PpfeNl5uYRBhfFcig2Uz6
Gorillaz,Gorillaz,5/4,spotify:track:5Q10MhatY5DkgBfbWUkRpN
Gorillaz,Gorillaz,Clint Eastwood,spotify:track:1RKUoGiLEbcXN4GY4spQDx
Gorillaz,Gorillaz,Clint Eastwood - Ed Case / Sweetie Irie Refix,spotify:track:2ZdBKCs47s8LxMUPU499vc
Gorillaz,Gorillaz,Double Bass,spotify:track:6rlPa5vO2PV7bpVDz1SAG5
Gorillaz,Gorillaz,Latin Simone (Que Pasa Contigo),spotify:track:5A0FQhWDBk2YSPiMjSZxe5
Gorillaz,Gorillaz,M1 A1,spotify:track:0zbSbnHtSrVl1CBaTvCLIH
Gorillaz,Gorillaz,Man Research (Clapper),spotify:track:0YPyKUa0AgAbt0ZuNWt8vS
Gorillaz,Gorillaz,New Genius (Brother),spotify:track:0rOG02q8ocSOeGHWrSAObK
Gorillaz,Gorillaz,Punk,spotify:track:6PuDxX1F5lw3jp6t8FsWvF
Gorillaz,Gorillaz,Re-Hash,spotify:track:0dYN5MqKzCfdpDb1bgvdsm
Gorillaz,Gorillaz,Rock the House,spotify:track:0UQNHlrHiz19Htk7YTLVe5
Gorillaz,Gorillaz,Slow Country,spotify:track:2VX5J8lHfBjlcY4xU3TqtA
Gorillaz,Gorillaz,Sound Check (Gravity),spotify:track:0HpJb4Lstb9R6wlu2jUBoy
Gorillaz,Gorillaz,Starshine,spotify:track:6Acl07q1DvzOyEskfmgsdv
Gorillaz,Gorillaz,Tomorrow Comes Today,spotify:track:6BL4PpswVjH9BAajbIbpmZ
Gorillaz,Laika Come Home,A Fistful of Peanuts,spotify:track:1r80Wxhma0eDH8mIU3KjOk
Gorillaz,Laika Come Home,Bañana Baby,spotify:track:3jnTX8p4kd3t2a5hRvNUIj
Gorillaz,Laika Come Home,Come Again,spotify:track:2PwQV0oSMOhXSpjL3bezF4
Gorillaz,Laika Come Home,Crooked Dub,spotify:track:26Mpu7DkbhdEXPGjT23LTK
Gorillaz,Laika Come Home,De-Punked,spotify:track:6J0F1G7RtJJJEOsms3K3Ky
Gorillaz,Laika Come Home,Dub Ø9,spotify:track:1oRYRF191YNsb0FGJdafs9
Gorillaz,Laika Come Home,Jungle Fresh,spotify:track:2q33naQJlfrIZHXcE1zK9E
Gorillaz,Laika Come Home,Lil' Dub Chefin (Contains Hidden Tracks 'Strictly Rubbadub Version' and 'A Fistful of Peanuts Version') - Contains Hidden Tracks 'Strictly Rubbadub (Version; Version,spotify:track:5Wqbsm4BdgipmNpP8LxUGL
Gorillaz,Laika Come Home,Monkey Racket,spotify:track:1L3XBXh3HqYcFmMRqgn2bI
Gorillaz,Laika Come Home,Mutant Genius,spotify:track:0q9dFnCDb7WufmHlP4Cv2d
Gorillaz,Laika Come Home,P45,spotify:track:2UzaBT68AKLWJBzslWFBko
Gorillaz,Laika Come Home,Strictly Rubbadub,spotify:track:3m3d8ZeN76SFSLRca3Od1K
Gorillaz,Meanwhile EP,Meanwhile (feat. Jelani Blackman & Barrington Levy),spotify:track:4AiFMZD1Etlg9KfejqZ2bB
Gotts Street Park,On The Inside,Got To Be Good,spotify:track:59QJsTw38Jj13WnR1qz1MC
Greentea Peng,Loving Kind,Loving Kind,spotify:track:2nVQOVIknggIZDGSvMJ6OG
Greentea Peng,Medicine,Medicine,spotify:track:64gUXKQOIJCiduFcKVrOOQ
Greentea Peng,Sensi,Loving Kind,spotify:track:5RdyWwpdfCPhYZYAiMt5Kc
Greentea Peng,Sensi,Medicine,spotify:track:2BYS75gOBlmur6rBUhKsIC
Greentea Peng,Sensi,Mind,spotify:track:5SumgksqfqsXJq7ChdiCe3
Greentea Peng,Sensi,Moonchild,spotify:track:24kqkiP4SibyTKZBMwdBlg
Greentea Peng,Sensi,Sensi,spotify:track:3rurUxbAqZznEesfOTC9Ei
Greentea Peng,Sensi,Used to,spotify:track:57ZQB5f4HQ99OgxtuEU7MC
Greentea Peng,Used to,Used to,spotify:track:0qE1DLBCFqTi3h8TecFNtn
GROUP,Everything I Know,EVERYTHING I KNOW,spotify:track:7CJNSfiHuKsQcGY6XXAEKp
Guts,Eternal (Deluxe Edition),All or Nothing,spotify:track:1nlPxbio7BEejafe8gfKAI
Guts,Eternal (Deluxe Edition),Back to the Streets - Bonus Track,spotify:track:2D2qS0VdQrUssMjakZBkNJ
Guts,Eternal (Deluxe Edition),"Dance, Love & Die",spotify:track:6m7Cp658QakZJcE8LaDSCq
Guts,Eternal (Deluxe Edition),Desintoxication,spotify:track:13syo23L32GjfByX1hn09W
Guts,Eternal (Deluxe Edition),Dirty Otter,spotify:track:3RUvtj2CQaDENd4N2P1vjT
Guts,Eternal (Deluxe Edition),Epic Poses,spotify:track:7pLoStvcRcYsN5PxUkQhY0
Guts,Eternal (Deluxe Edition),Every Generation,spotify:track:2NC9ds2RpCkL8BwXKRwl6C
Guts,Eternal (Deluxe Edition),Friends - Bonus Track,spotify:track:4IzPMyNDKUwxiaql5gqj5t
Guts,Eternal (Deluxe Edition),Give You Up,spotify:track:51fAJCHFhgaJnGO2cABP2t
Guts,Eternal (Deluxe Edition),Incomplete,spotify:track:12RItjfNYhwfSB76lDE6KT
Guts,Eternal (Deluxe Edition),Kiss My Converse,spotify:track:4jrXZU6985Fhol9ZejLgGQ
Guts,Eternal (Deluxe Edition),Kiss My Converse (Fulgeance Remix) - Bonus Track,spotify:track:4cPbqAjaridC1zRlSIWqGq
Guts,Eternal (Deluxe Edition),Nowhere,spotify:track:0W1xdgw6xLIAxe9gDywkZg
Guts,Eternal (Deluxe Edition),Opening,spotify:track:0RYgxnniofr3HgXoUsXhla
Guts,Eternal (Deluxe Edition),Peaceful Life,spotify:track:5YOTP1CdebhS5rjMleAqD6
Guts,Eternal (Deluxe Edition),Rest of My Life,spotify:track:5h9uyCxcEstWmSaNjf4kR1
Guts,Eternal (Deluxe Edition),Rest of My Life (Acoustic Version) - Bonus Track,spotify:track:3URDI3N9rD0HJTCY2W4Ms3
Guts,Eternal (Deluxe Edition),Score 20 - Bonus Track,spotify:track:4u91rr5teV3vrIbmk5niUB
Guts,Eternal (Deluxe Edition),Take Me Back,spotify:track:1T5B1cdCpn8KOyCGsz9H8v
Guts,Hip Hop After All (Deluxe Edition),A Glimpse of Hope,spotify:track:4A9Oyx8Wmy1zChcHO3DU2J
Guts,Hip Hop After All (Deluxe Edition),As the World Turns,spotify:track:5a8d0oO4WNXXGMpsadgGGV
Guts,Hip Hop After All (Deluxe Edition),Come Alive,spotify:track:3KM0esn8jtmovbDSMimD7B
Guts,Hip Hop After All (Deluxe Edition),Enlighten,spotify:track:2VaaompPfR1AarvzEYHOHo
Guts,Hip Hop After All (Deluxe Edition),Forever My Love,spotify:track:0IxEaH7BpXFR2j9jiZ0gCH
Guts,Hip Hop After All (Deluxe Edition),Forever My Love (DJ Suspect & Doc TMK Remix),spotify:track:7rvyrod2hjXCgt0lPRUFjK
Guts,Hip Hop After All (Deluxe Edition),Go for Mine,spotify:track:10PFlMGoZjcUlrAekw3jBV
Guts,Hip Hop After All (Deluxe Edition),Go for Mine (Blanka Remix),spotify:track:1U2ASOXRioiJjhf32JWUze
Guts,Hip Hop After All (Deluxe Edition),Hip Hop First of All,spotify:track:1IAk1dttBQdFUKnHgcG7KV
Guts,Hip Hop After All (Deluxe Edition),Innovation,spotify:track:0kqcUW9eCAXkuFDq0BQIBk
Guts,Hip Hop After All (Deluxe Edition),Innovation (Liqid & Tcheep Remix),spotify:track:0zlqBiZJJ7mGjNnF4yYep2
Guts,Hip Hop After All (Deluxe Edition),It's Like That,spotify:track:4LR1ZZQebW1lBqB2g98Lcz
Guts,Hip Hop After All (Deluxe Edition),It's Like That (Hugo LX Remix),spotify:track:2UL8eP4G3crjMRw7vGLM7A
Guts,Hip Hop After All (Deluxe Edition),Looking for the Perfect Rhodes,spotify:track:0b1FItkKHgLFvZrQhOgyqm
Guts,Hip Hop After All (Deluxe Edition),Man Funk,spotify:track:5hzi3BwxDLopsyiexM7hYc
Guts,Hip Hop After All (Deluxe Edition),Man Funk (Gary Gritness Uncut Funk Remix),spotify:track:52WP27wfRYwg4Lk3iCDoA3
Guts,Hip Hop After All (Deluxe Edition),Open Wide,spotify:track:3nVX1UEIrG3Y181PQGFyyt
Guts,Hip Hop After All (Deluxe Edition),Open Wide (Blanka Remix),spotify:track:5NhdTcFF4f0GyRH59vJWhw
Guts,Hip Hop After All (Deluxe Edition),Open Wide (Bonetrips Remix),spotify:track:6eQIVjjR24SHoXwedUurOk
Guts,Hip Hop After All (Deluxe Edition),Open Wide (Pumpkin & Vin's Da Cuero Remix),spotify:track:58Y1mrU3zem6hM7QVYT8iF
Guts,Hip Hop After All (Deluxe Edition),Roses,spotify:track:53hbmHkKpU647HTblKNrsh
Guts,Hip Hop After All (Deluxe Edition),The Forgotten (Don't Look Away),spotify:track:1FIArIx9J3XcmkD7fzi5cF
Guts,Hip Hop After All (Deluxe Edition),Want It Back,spotify:track:3A8ANHyX5xESt0HQ8BPOaK
Guts,Hip Hop After All (Deluxe Edition),We Are All Africans,spotify:track:1SplBol4IVtZKT58cf6y7y
Guts,Paradise for All (Deluxe Edition),Aimer sans amour,spotify:track:7yi1aBMIGLg3P25RNANtux
Guts,Paradise for All (Deluxe Edition),Back to the New School,spotify:track:1CIW9795O0Nb0HQHBdMY8x
Guts,Paradise for All (Deluxe Edition),Brand New Revolution,spotify:track:3WJYd63wivlKb2kvJrVBnn
Guts,Paradise for All (Deluxe Edition),Come Closer,spotify:track:3B2B9hUmvgBvHlIVRPMtHN
Guts,Paradise for All (Deluxe Edition),Freedom,spotify:track:1bhxuSQERyRtM5fQcvbzNp
Guts,Paradise for All (Deluxe Edition),Ghetto in Paradise,spotify:track:1IcRMcuRuAS3fkiK1Lj4fx
Guts,Paradise for All (Deluxe Edition),Laisser Lucie faire,spotify:track:5DYv2PkvmbNFNUvCDbrJKA
Guts,Paradise for All (Deluxe Edition),Libre je suis devenu,spotify:track:1uLZZFXn28mQkXNQ2St0Cg
Guts,Paradise for All (Deluxe Edition),Little Back Cat,spotify:track:5vSHR9dTCxOESGlNi99QDV
Guts,Paradise for All (Deluxe Edition),Mehdi in Paradise,spotify:track:63ddED8jkqZdzS7XPDh2ES
Guts,Paradise for All (Deluxe Edition),Mi Isla Tropical,spotify:track:6AaeN2GP3cWGpipTDcgXFA
Guts,Paradise for All (Deluxe Edition),My Dreams Come True,spotify:track:2TGSVkhPRtDkhGhuioGKUu
Guts,Paradise for All (Deluxe Edition),Senza,spotify:track:3kJykJXqtXr86SYuPVmNrM
Guts,Paradise for All (Deluxe Edition),What Is Love,spotify:track:5odGvPyhBixtWoUyD1njmE
Guts,Philantropiques,Bougé Bagay La,spotify:track:6FevLd2irCHAVSB8yGHkJ3
Guts,Philantropiques,Daddy Sweet,spotify:track:0bGs3noJgtX11OLiyKhr23
Guts,Philantropiques,"Dans la vie, j'aime",spotify:track:49kBaOfecOBWwGmYe195wU
Guts,Philantropiques,Groove ma poule,spotify:track:6i28a5i2sBSQZkOjPpu9Zc
Guts,Philantropiques,Já Não Há Mais Paz,spotify:track:7MkTozhpbi2j70ad3mbx54
Guts,Philantropiques,Kenke Corner,spotify:track:7DSe9aWkpnbDQTTRikkpYp
Guts,Philantropiques,Li Dous Konsa,spotify:track:2C6uuqDI3SflfW6q48WdWQ
Guts,Philantropiques,Matadou,spotify:track:2yXDVY6QXG3p1NrXc4c1i4
Guts,Philantropiques,Mucagiami,spotify:track:3JrrwVNNQYk7FTVk2CQfpi
Guts,Philantropiques,Nosso Carimbó é do Mundo,spotify:track:6ry3OEfEOY8IYaCEcPFCsj
Guts,Philantropiques,Penda,spotify:track:0ssNELZIuRWZNl0eWsEeQZ
Guts,Philantropiques,Sa Ce Kado,spotify:track:1nzojtTgdVWSEqcivSJ4YL
Guts,Philantropiques,Shake It and Rise Up,spotify:track:05SS76ij0hMoY9R5ocyM3Z
Guts,Philantropiques,Sé Nou Menm,spotify:track:2sgACbnoplBuUFgAZTIaW7
Guts,Philantropiques,Voyaging Bird,spotify:track:2I0i3emyh6f8CqrYKARGdc
Guts,Stop the Violence,Ain't Perfect,spotify:track:0vhKGCrvoTfO7ozKRAMzLe
Guts,Stop the Violence,Ain't Perfect - Instrumental,spotify:track:5jpIMVH19mQrkVlwpX7xO7
Guts,Stop the Violence,Drummer's Delight,spotify:track:56dMmqT2fgWJZf2MVXZXR7
Guts,Stop the Violence,Drummer's Delight - Instrumental,spotify:track:344ZNZbFKBlJtgvQRMQSwJ
Guts,Stop the Violence,Everybody Wants to Be a Star,spotify:track:4VnH60x2knCkkKPh8Ysc8p
Guts,Stop the Violence,Everybody Wants to Be a Star - Instrumental,spotify:track:1ai67cPixpbssL2aOUKpPT
Guts,Stop the Violence,Pick Me Up,spotify:track:1Mg9wmtPsI6cFoxlGbHn30
Guts,Stop the Violence,Pick Me Up - Instrumental,spotify:track:3XkdsMd9rFeD4UFBSAQ6g1
Guts,Stop the Violence,Stop the Violence,spotify:track:4ZUHWocbltrcyByLJ8Qlsf
Guts,Stop the Violence,Stop the Violence - Instrumental,spotify:track:33vmiJv9BIerNpwouCg6xF
Gábor Szabó,Live in Cleveland 1976,It Happens - Live,spotify:track:2s5WlxxWRsbHftkGZRCC9s
Haile Supreme,Elsewhere,Elsewhere,spotify:track:6zgkZL1m9IE1r6HUORFcwE
Hailu Mergia,Lala Belu,Addis Nat,spotify:track:7c5IAtqJB1A2etHIzdCh6b
Hailu Mergia,Lala Belu,Anchihoye Lene,spotify:track:3WUwVxK93GPtFEABh9PmQJ
Hailu Mergia,Lala Belu,Gum Gum,spotify:track:3zuaHmVE9g9Ev0O1mqWE18
Hailu Mergia,Lala Belu,Lala Belu,spotify:track:5UiIkqFIInNtTGxbOzPmJ7
Hailu Mergia,Lala Belu,Tizita,spotify:track:7egXfweRWED7bkn1VTaiOo
Hailu Mergia,Lala Belu,Yefikir Engurguro,spotify:track:3napxkfjwqP6WLI6ujwdQ2
Hailu Mergia,Nefas New Zemedie,Nefas New Zemedie,spotify:track:33FzMjahwnzBgEhgWt2Qp5
Hailu Mergia,Wede Harer Guzo,Almaz Eyasebkush,spotify:track:6KBgDI4IErGW9L1nAwwRBM
Hailu Mergia,Wede Harer Guzo,Anchin Kfu Ayinkash,spotify:track:2EqHdWyuLp2OnqznDt8X7n
Hailu Mergia,Wede Harer Guzo,Bati Bati,spotify:track:238XJHnktzSQgZfUTq7upf
Hailu Mergia,Wede Harer Guzo,Embuwa Bey Lamitu,spotify:track:0JvTAvStj9MtYuXlTomIpY
Hailu Mergia,Wede Harer Guzo,Migibima Moltual,spotify:track:13aU32nHg9iupx1mZL0RLE
Hailu Mergia,Wede Harer Guzo,Minlbelesh,spotify:track:2kZsHncOAnLY8TlguSBCQP
Hailu Mergia,Wede Harer Guzo,Sintayehu,spotify:track:52AUkY3eBz7b6BS2WXv1Uq
Hailu Mergia,Wede Harer Guzo,Wede Harer Guzo,spotify:track:6BBHu0wwIQZoqoPsrG7Bgz
Hailu Mergia,Wede Harer Guzo,Yemanesh Ayinama,spotify:track:0tMLedshtr3T5zPdf1MhRe
Hailu Mergia,Wede Harer Guzo,Yene Nesh Wey (Amalele),spotify:track:1YhY7G3GNWmF0wCFpboWwF
hard life,houseplants,houseplants,spotify:track:5y43hOTCUvfzhE2vxGhfp6
Harris Jayaraj,Unakkul Naane,Unakkul Naane (slowed + reverbed),spotify:track:6u4Hri8ePzAcIwmlljh9DL
Harrison Brome,Body High,9 to 5,spotify:track:6oWY9HGzxeMtb0UsL13oQo
Harrison Brome,Body High,Body High,spotify:track:0mlhJbEbT9KRIxcLbF0qBP
Harrison Brome,Body High,JADED,spotify:track:0fFaNskFXcsEYL2qDPBzkB
Harrison Brome,Body High,Looking At You,spotify:track:4JkAtM6z8ie60ZUlYYquDa
Harrison Brome,Father Figure,Father Figure,spotify:track:5cjeIw5nHZJ454NWHq6E62
Harrison Brome,Fill Your Brains,Boy - Bonus Track,spotify:track:1PvDWjQf2P8cwlUjZ3HCG6
Harrison Brome,Fill Your Brains,Fill Your Brains,spotify:track:2nH7DxQqCYHRo4uYozjmKq
Harrison Brome,Fill Your Brains,Gambling Hearts,spotify:track:0zgVse6N1Jiz0YRYaXiUY8
Harrison Brome,Fill Your Brains,Midnight Island,spotify:track:3esrb0fra9UyMRDTtLOgrd
Harrison Brome,Fill Your Brains,Pools,spotify:track:3lSqFvAT4c9Q1Yi31EfJ2G
Harrison Brome,Fill Your Brains,Sex Calls,spotify:track:3W5DfYKOBnpeLmgCyh473u
Harrison Brome,I Know,I Know,spotify:track:7jQPHBbnBeoilYSoHk3ZIF
Harrison Brome,No More Love Songs,Father Figure,spotify:track:4itM2EorSIQl8ZWAvWWQXG
Harrison Brome,No More Love Songs,I Know,spotify:track:7zUUdkziZfXIZB2FxiIMrj
Harrison Brome,No More Love Songs,No More Love Songs,spotify:track:35XenL7XkEIOnFT9JqZbKv
Harrison Brome,No More Love Songs,Shelter,spotify:track:70o7USMtWnQQNk3ryTxivP
Harrison Brome,Shelter,Shelter,spotify:track:1ZOdMm2vvooeVynJMcIygI
Harvey Sutherland,Brothers,Bamboo,spotify:track:4XYVrEEjssemAx9PLCANEM
Heavily Indicated,No Vaccine (COVID-1984),No Vaccine (COVID-1984),spotify:track:4ZGNYLvEyTISU0vyHg4KQ5
Hector Plimmer,Bossa B,Bossa B,spotify:track:60FkRROcEpHZgmwtMJpkCP
Hector Plimmer,Bossa B,Bossa B - Deoke Remix,spotify:track:5Tl9aemH22IxTSRNH036dQ
Hector Plimmer,Bossa B,Bossa B - Glenn Astro Remix,spotify:track:5fZFP9r4ylSe7babofUkr2
Hector Plimmer,Eastern System,Eastern System,spotify:track:2H3eWnNsP164zh9XM8wFS8
Hector Plimmer,Eastern System,Eastern System - Radio Edit,spotify:track:6QvnRZSsr87t3KEsgZjpYk
Hector Plimmer,Eastern System,Kalimba,spotify:track:3M2JlZPrHe2nRfUabs94XX
Hector Plimmer,Sunshine,Bossa B,spotify:track:1Yl4UBtnDAHZC8metMk2le
Hector Plimmer,Sunshine,Bulb,spotify:track:4sl7bsamKU6p8FHq1q1DCg
Hector Plimmer,Sunshine,Eastern System,spotify:track:68aX3zjFcT1gUzL0W3Hg3N
Hector Plimmer,Sunshine,I Wish,spotify:track:65YGPutTbbalZeGJbYCQKH
Hector Plimmer,Sunshine,Kalimba,spotify:track:3YGt9soOGcn7aoMvTLxaHL
Hector Plimmer,Sunshine,Kalimba 2,spotify:track:2padhLMe3OVp0uySpcVTq5
Hector Plimmer,Sunshine,Let's Stay,spotify:track:5CgwhJ5YyjPrzMJYwjwRav
Hector Plimmer,Sunshine,Lonely Man,spotify:track:5HQnLSjpF9BZjiodTl4oKX
Hector Plimmer,Sunshine,Shiver,spotify:track:3LKLYf1EEYFu3ClZMBagyh
Hector Plimmer,Sunshine,Sunshine,spotify:track:35DaLhQ9X4FxQ61QnMgo2c
Hector Plimmer,Sunshine Remixed,Bossa B - Deoke Remix,spotify:track:7AN7NThSdOfujfZ8XBAIfm
Hector Plimmer,Sunshine Remixed,Bossa B - Glenn Astro Remix,spotify:track:30n5Tsowvx3IFAwPigCw62
Hector Plimmer,Sunshine Remixed,Bossa B - Live at The Hideaway with Soothsayers & Wu-Lu,spotify:track:6BoZJyP7HkEeQpfayhBBcz
Hector Plimmer,Sunshine Remixed,Bulb - Deft's 2010 Throwback Remix,spotify:track:3VLE3EibPqFQVeJ6Sp1HxG
Hector Plimmer,Sunshine Remixed,Eastern System - Hello Skinny Remix,spotify:track:1LLpSw3ACcTqgOpoJ0erV7
Hector Plimmer,Sunshine Remixed,I Wish - Elsa Hewitt Remix,spotify:track:0DjNj67BYI81XQB7LbyvTM
Hector Plimmer,Sunshine Remixed,Kalimba 2 - Mr Beatnick Remix,spotify:track:0cf2KPzB6bzuzfVq9ma1ep
Hector Plimmer,Sunshine Remixed,Let's Stay - Francis Harris Reform,spotify:track:7rm8d5OZ4r7kQTQPTwXJ0p
Hector Plimmer,Sunshine Remixed,Lonely Man - Modified Man Remix,spotify:track:5WPTPGpctANKDl0CoPKC6g
Hector Plimmer,Sunshine Remixed,Shiver - Sarathy Korwar Remix,spotify:track:6dytHGNgVhQqQ05OkCSoHH
Hector Plimmer,Sunshine Remixed,Sunshine - Emma-Jean Thackray Remix,spotify:track:302ai9ydYWZ8DEJdEVsrdu
Hector Plimmer,Sunshine Remixed,Sunshine - Jonny Drop Remix,spotify:track:5Jxa5TRovtpe1AyypEfmgl
Hector Plimmer,Sunshine Remixed,Sunshine - Reginald Omas Mamode IV Remix,spotify:track:1lsCEWXmpq2GpCfQKcHjgc
Helado Negro,This Is How You Smile,Echo for Camperdown Curio,spotify:track:4hLBtD1dFYa6xGZjfW5Oc5
Helado Negro,This Is How You Smile,Fantasma Vaga,spotify:track:7JldbFXMMlQNXIvceL5x6X
Helado Negro,This Is How You Smile,Imagining What to Do,spotify:track:7wEUhXGYbeUuhXdbDOExZU
Helado Negro,This Is How You Smile,My Name Is for My Friends,spotify:track:1d2o5LgGEcLO6NkzaIh44w
Helado Negro,This Is How You Smile,November 7,spotify:track:50w3auIxa1jc4jOFoofghn
Helado Negro,This Is How You Smile,Pais Nublado,spotify:track:5lvBsLDwmZdpWOTRTl8dZu
Helado Negro,This Is How You Smile,Please Won’t Please,spotify:track:3tBv6X9z13TaMz8JOscHhF
Helado Negro,This Is How You Smile,Running,spotify:track:090a3fK6DnEKCECdfctvYy
Helado Negro,This Is How You Smile,Sabana de luz,spotify:track:4HhktyXKtwAHwXXBLtT1ev
Helado Negro,This Is How You Smile,Seen My Aura,spotify:track:5WlJKF4X5A5hFSuXPvMpNI
Helado Negro,This Is How You Smile,Todo lo que me falta,spotify:track:2PEMxmFCS4SCI1VCyKJVB1
Helado Negro,This Is How You Smile,Two Lucky,spotify:track:1XvLOHFuYm5HZt60nSsiKL
Hemai,"Eyes, Closed","Eyes, Closed",spotify:track:6kODqNMC0U1Vsuz7bcjclm
Hemlock Ernst,Back At The House,Messy,spotify:track:509YLNomYrzSWojfzRCjkb
Henry Wu,Good Morning Peckham,Croydon Depot,spotify:track:2222Kni7eNyr33Ijtm5OnO
Henry Wu,Good Morning Peckham,Dubplate Special,spotify:track:4lUj4NFSjiflyhS8stexT7
Henry Wu,Good Morning Peckham,Good Morning Pecknaam,spotify:track:3amH9ydQu6CPX5hUfxDFJw
Henry Wu,Good Morning Peckham,Intro - Rhythm & Rice,spotify:track:2iDEMlTMN3Tt13g2M9V1Hc
Henry Wu,Good Morning Peckham,Neezy - Wok,spotify:track:2hT5yvNoKKkWrhTVdbVVAg
Henry Wu,Good Morning Peckham,Yellow Brick,spotify:track:6W9qTis5fY5TvSzz6EEJlz
Henry Wu,Projections EP,Hi Life,spotify:track:0zKZ4lf2zNMWOOftahI462
Henry Wu,Projections EP,Projections,spotify:track:2A0BjaeCtJHKpYDoOJtfSN
Herbert,You Are Here,I Hadn't Known (I Only Heard),spotify:track:7K0zIiRhf2WdHStfJR3HMU
Herbie Hancock,Head Hunters,Watermelon Man,spotify:track:2zQl59dZMzwhrmeSBEgiXY
Hiatus Kaiyote,Choose Your Weapon (Track by Track Commentary),Atari - (Nai Palm) Commentary,spotify:track:7y0lGtdltdYDfjXY4OHlQX
Hiatus Kaiyote,Choose Your Weapon (Track by Track Commentary),Borderline with My Atoms - (Nai Palm) Commentary,spotify:track:2KoAH4QBd9MgoprRTDintD
Hiatus Kaiyote,Choose Your Weapon (Track by Track Commentary),Breathing Underwater - (Nai Palm) Commentary,spotify:track:3MwmDaCQzM2xUWzjIaniVG
Hiatus Kaiyote,Choose Your Weapon (Track by Track Commentary),Building a Ladder - (Nai Palm) Commentary,spotify:track:5PMlHQkiTMxSwj8ZDIGRjE
Hiatus Kaiyote,Choose Your Weapon (Track by Track Commentary),"By Fire - (Paul Bender, Nai Palm) Commentary",spotify:track:6J6Tqi5ae5honw2m8NDveq
Hiatus Kaiyote,Choose Your Weapon (Track by Track Commentary),Choose Your Weapon - (Paul Bender) Commentary,spotify:track:6WrSzPQrYOaRU5I2f1ascP
Hiatus Kaiyote,Choose Your Weapon (Track by Track Commentary),Creations Part 1 & 2 - (Paul Bender) Commentary,spotify:track:2V3H5VlJfCTZ6aWu5ji4Hr
Hiatus Kaiyote,Choose Your Weapon (Track by Track Commentary),"Fingerprints - (Nai Palm, Simon Mavin) Commentary",spotify:track:4rwWiM456ZN8XxaN5ON5h2
Hiatus Kaiyote,Choose Your Weapon (Track by Track Commentary),Jekyll - (Nai Palm) Commentary,spotify:track:7E01B5UoZ8uF4Dwn3o9Eqw
Hiatus Kaiyote,Choose Your Weapon (Track by Track Commentary),Laputa - (Nai Palm) Commentary,spotify:track:3oPkhUwP6bAyfofELFzixs
Hiatus Kaiyote,Choose Your Weapon (Track by Track Commentary),"Molasses - (Nai Palm, Perrin Moss) Commentary",spotify:track:1uzIXZlzIuz5tp6Z9G8iy4
Hiatus Kaiyote,Choose Your Weapon (Track by Track Commentary),"Prince Minikid - (Simon Mavin, Nai Palm) Commentary",spotify:track:0ge4ia14DiwJEhnuPVKH0Z
Hiatus Kaiyote,Choose Your Weapon (Track by Track Commentary),Shaolin Monk Motherfunk - (Nai Palm) Commentary,spotify:track:4Qp2yMxdwx3FEzVgj1eMPs
Hiatus Kaiyote,Choose Your Weapon (Track by Track Commentary),Swamp Thing - (Nai Palm) Commentary,spotify:track:78lYOEW9RJe81sES2GVMGO
Hiatus Kaiyote,Choose Your Weapon (Track by Track Commentary),The Lung - (Nai Palm) Commentary,spotify:track:1ZZAQQYvpaI2zwwwQ8xUy7
Hiatus Kaiyote,Get Sun,Get Sun - Pocket Size Radio Edit,spotify:track:0xXis9GsPdbB1aBwlFRfV9
Hiatus Kaiyote,Make Friends,Everything’s Beautiful,spotify:track:2oyEpzkipG8tVPC3E24HA6
Hiatus Kaiyote,"Recalibrations, Vol. 1",By Fire - Vikter Duplaix Remix,spotify:track:4YbtSmL1FF13DsMLOB9WtI
Hiatus Kaiyote,"Recalibrations, Vol. 1",Laputa (Taylor McFerrin Remix feat. Anderson .Paak),spotify:track:5UFtKaL5KBumqv4tpgdm0p
Hiatus Kaiyote,"Recalibrations, Vol. 1",Nakamarra (Rox N Stix Desert Mix),spotify:track:19GxZZECG7HLXPCxIa99zD
Hiatus Kaiyote,"Recalibrations, Vol. 1",Prince Minikid - Live Cassette Edition,spotify:track:0hR7du7cwc4OukmbiCq2ZB
Hiatus Kaiyote,Tawk Tomahawk,Boom Child,spotify:track:2F5ufz9gdh2oXz4Rd10zkb
Hiatus Kaiyote,Tawk Tomahawk,Lace Skull,spotify:track:0oybRywyRAubpasbDlnaWU
Hiatus Kaiyote,Tawk Tomahawk,Leap Frog,spotify:track:1qDqP46AUKXAUFP6tXjv0r
Hiatus Kaiyote,Tawk Tomahawk,Malika,spotify:track:1rFmHtg8I3YxF22TFkbOKP
Hiatus Kaiyote,Tawk Tomahawk,Mobius Streak,spotify:track:08o9yCplgxLM11ymhvkbl8
Hiatus Kaiyote,Tawk Tomahawk,Nakamarra,spotify:track:1WCbWyu8mRrOk5Su9yPnkO
Hiatus Kaiyote,Tawk Tomahawk,Nakamarra (feat. Q-Tip),spotify:track:12v5GBM74fB8WsHJPQRTIe
Hiatus Kaiyote,Tawk Tomahawk,Ocelot,spotify:track:6O8TenYzLpmIMpJokNjbyz
Hiatus Kaiyote,Tawk Tomahawk,Rainbow Rhodes,spotify:track:1VEJWBbeBbOX6N0UwXlM3x
Hiatus Kaiyote,Tawk Tomahawk,Sphinx Gate,spotify:track:2dRUsEM9qWmta4uMOb9Mx4
Hiatus Kaiyote,Tawk Tomahawk,The World It Softly Lulls,spotify:track:5ZJWZkSQK2cMpFJFw0t9Y0
Hidden Spheres,Breathing Deep,Tiamo,spotify:track:0PG2StR39pAGiSQDJ2CcYF
Hidden Spheres,By & Bye,Beachy,spotify:track:4Jq3VywdFu2ByAHh61k517
Hidden Spheres,By & Bye,By & Bye,spotify:track:7huxPaTEgoKQNmCQn8savN
Hidden Spheres,By & Bye,Movin',spotify:track:3iHvSl4EZwD9gisGk4U15t
Hidden Spheres,By & Bye,~~~~~~,spotify:track:5YTx2l8opiAOTpcCQEROpJ
Hidden Spheres,It Ain't Easy,It Ain't Easy,spotify:track:2ryYL1mdDTaTS7V8H2CPsU
Hidden Spheres,It Ain't Easy,The Feels,spotify:track:298xsU7c0IRdRfC7NXEsei
Hidden Spheres,Ruhani,Ruhani,spotify:track:22MpHN1owDmAXYD30ORiOR
Hidden Spheres,This is 4U,Lazer Beam,spotify:track:4Lu8khWX5l50tqSCsMQfWG
Hidden Spheres,This is 4U,McKenna's Mind,spotify:track:3J8dI5REHuyP0FU9gBgRSm
Hidden Spheres,This is 4U,Talking Headz,spotify:track:6K9fCc1Qxlq7MtPvxvrPw9
Hidden Spheres,This is 4U,This Is 4U,spotify:track:7pbgmUomzqAPR5ihdWXPjw
Hidden Spheres,Waiting,Be a Man,spotify:track:1K9ecbG4tdG8p0TEIGfBSw
Hidden Spheres,Waiting,Bill Loves You,spotify:track:5P2I73QMjdzxgAGNEKpwQw
Hidden Spheres,Waiting,Upsn Down,spotify:track:4wjbiCtgc63z74pPeAIBTC
Hidden Spheres,Waiting,Waiting,spotify:track:7fxcNshGvCxlNMGHI1GmCx
Hidden Spheres,Well Well,Land,spotify:track:6Ier3JJYobLkI8tfXCful4
Hidden Spheres,Well Well,Sleeping Eyes,spotify:track:70VHiGTkesnLx2m8W5QK41
Hidden Spheres,Well Well,Too Soon,spotify:track:7mYc6x6EfULh5xW2QBwRM8
Hidden Spheres,Well Well,Well Well,spotify:track:0N6P98cqo6fTaaJAf3Tn0m
Hidden Spheres,Well Well,Your Effect,spotify:track:3TE0AXUHxGsN2F4IdvGPUQ
Hidden Spheres,Words Can't Explain (feat. Oscar Jerome),Words Can't Explain,spotify:track:176qFvoRAuCgtMSgYJasTJ
Hidden Spheres,Words Can't Explain (feat. Oscar Jerome),Words Can't Explain - Instrumental,spotify:track:6Pd38AVxUmPw0AlGIW3hv0
Hidden Spheres,Words Can't Explain (feat. Oscar Jerome),Words Can't Explain - Yu Su Remix,spotify:track:5Cz1IxXrc6tcBPKVjkkM9D
High John,Mellina,Mellina,spotify:track:1PacOKtN0fJ6qMCS52aoA4
High Klassified,Law of Automata: Valid,3 Words (feat. Leven Kali),spotify:track:5ASFUThyl5kDNMGW43jUOY
Hiro Ama,Free Soul,Free Soul,spotify:track:1MFMOQwEyFSI8hDIkdj3ZB
HNNY,2014.12.31,Arlanda,spotify:track:5HZ6X2GYba4sqCJhczU27U
HNNY,2014.12.31,Dolores Park,spotify:track:1zuYkeynhql043LhzlpLsy
HNNY,2014.12.31,Dublin,spotify:track:56xxbjXCgTgA5szsVGnWeF
HNNY,2014.12.31,Frankfurt,spotify:track:6IVfGRWqvR3pDhsttA5ZZ4
HNNY,2014.12.31,Hemma,spotify:track:0jLlIkoUCwnIZG0VFvbFxu
HNNY,2014.12.31,Rue de Bagnolet,spotify:track:43XG2nc5hmbqhqUl2Tnv54
HNNY,Good,Caypio,spotify:track:3S2CcNDxGDKFWr4U6vtnqh
HNNY,Good,Good,spotify:track:0OElRbijZqjgbDsHe8XNmF
HNNY,Good,Kitigai,spotify:track:5DXrBJZKvGRP4T1bZbq6ra
HNNY,So Sunshine,So,spotify:track:3fDHHkOEw2Fr8km3T4ixYQ
HNNY,Solsidan / Alby,Alby - Ana Helder Remix,spotify:track:2H84POZbQCv92LqRsJcGBD
HNNY,Solsidan / Alby,Alby - Original Mix,spotify:track:0DtRE1cvueZ5IsKavkWcOB
HNNY,Solsidan / Alby,Solsidan - Avalon Emerson's Second System Mix,spotify:track:7xi1IqtDAC7PqAh7Bw5yNI
HNNY,Solsidan / Alby,Solsidan - Original Mix,spotify:track:5nqw4dpNtD36A0RYGkYGxA
HNNY,Sunday,"Cheer Up, My Brother",spotify:track:37D9O4De2WL1hA6gyResgl
HNNY,Sunday,Eagle's House,spotify:track:6ima5tLVnJ5Y4OW5EfovqB
HNNY,Sunday,Here We Go,spotify:track:1qGRippL9uGZbZnVa1FL8e
HNNY,Sunday,Memory Tape One,spotify:track:6XcUR70ImgN50ZsbqQMml6
HNNY,Sunday,Memory Tape Two,spotify:track:36mPOFlX1PFiYSYP2dG2Tr
HNNY,Sunday,My Baby,spotify:track:4Nmc9w3Dd0hHowKM87tXjc
HNNY,Sunday,Sunday,spotify:track:6hljcHcXCHYsYJph2WmENk
HNNY,Sunday,Sylvia,spotify:track:028RRbTimEYLsCV0M5OrME
HNNY,Sunday,There Is No One Else,spotify:track:2gsntccDdsuHHChor52VnS
HNNY,Sunday,You Feeling Alright,spotify:track:3eKkPJ0Zg25w086UGwp6am
HNNY,Ta Paus,Blomstertid,spotify:track:0b0nepQuWHjZ63URgLjvBB
HNNY,Ta Paus,Moln,spotify:track:4p06mJTVe2Qx2qtusfsUCx
HNNY,Ta Paus,Promenad,spotify:track:4J5qOobQcxpmFe11v0F57q
HNNY,Ta Paus,På solen,spotify:track:61hanhMNrZVG0qCbyq1c49
HNNY,Ta Paus,Till dig,spotify:track:2qcPi2BKIrArJ0Cnb06kqC
HNNY,Ta Paus,Trettio,spotify:track:4BhX8vUWlcSvaOBWPMyiqj
Holodec,Timetable Vol. 2,Keep Shit On,spotify:track:6ETIpLAFDCcdRs4M2yFSM3
Homer Banks,The Spirit Of Memphis (1962-1976),Fighting To Win,spotify:track:6cRUhLPjHgg1f5cwE1OkYG
HONNE,Gone Are the Days,3am,spotify:track:1WH96QFPIhxlnATR0K90KX
HONNE,Gone Are the Days,Baby Please,spotify:track:0uCcipYlxJ3VNwTfFq9lU7
HONNE,Gone Are the Days,Gone Are the Days,spotify:track:240aQVasGBLBIWwW0lJ25D
HONNE,Gone Are the Days,Gone Are the Days - SOHN Remix,spotify:track:5cPqsrIl748SATUGx9GI73
HONNE,Gone Are the Days,I Can Give You Heaven - Late Night Mix,spotify:track:5JcdPT5IDdDlWKT43jNzWu
HONNE,Gone Are the Days,No Place Like Home (feat. JONES),spotify:track:3VgNYKxGoL5FeGh7jBQjU0
HONNE,Gone Are the Days,The Night - Late Night Mix,spotify:track:68CDEmQL7nQjfbpNy6kZ7o
HONNE,Love Me / Love Me Not,306 ◑,spotify:track:6vN8BqTGGyGCDAOOv7ThNp
HONNE,Love Me / Love Me Not,Crying Over You ◐,spotify:track:7i1pavASRUZk62ejaUIESa
HONNE,Love Me / Love Me Not,Day 1 ◑,spotify:track:6ZzYETKetIfNUsZUb23jgG
HONNE,Love Me / Love Me Not,Feels So Good ◑,spotify:track:0NdAh5vk2C5hVNy54043lj
HONNE,Love Me / Love Me Not,Forget Me Not ◐,spotify:track:5bi6WIAbhOCPcpxhHVM7UL
HONNE,Love Me / Love Me Not,I Got You ◑,spotify:track:5ehUXOmfG5u6V3LgNZ3pL6
HONNE,Love Me / Love Me Not,I Just Wanna Go Back ◐,spotify:track:7jt2GEUn668kTXWMfz4ZOZ
HONNE,Love Me / Love Me Not,I Might ◑,spotify:track:5xuYgLzLhNo5nsyLDC2Hse
HONNE,Love Me / Love Me Not,Location Unknown ◐,spotify:track:6A1GBCMwbfhkB9e1thR8a8
HONNE,Love Me / Love Me Not,Me & You ◑,spotify:track:1ITJTMrS4cx8zdlI7DdSoo
HONNE,Love Me / Love Me Not,Shrink ◐,spotify:track:45ZyX2pxPJqWGp9mRJRFRf
HONNE,Love Me / Love Me Not,Sometimes ◐,spotify:track:2eo5Moiefa5LPFeY8Sivac
HONNE,Warm on a Cold Night,3am,spotify:track:2lbl6oTCACYt67gDybFsQb
HONNE,Warm on a Cold Night,All in the Value,spotify:track:2vcmVVUN8kd3uiQtlsVr1E
HONNE,Warm on a Cold Night,All in the Value - Filip Remix,spotify:track:3JQapC0cfuM7MR8F25B3PU
HONNE,Warm on a Cold Night,Baby You're Bad,spotify:track:5CZMYGXypciCWqiDKG5vgx
HONNE,Warm on a Cold Night,Coastal Love,spotify:track:44zf5NYcYHYzkSsRLARemm
HONNE,Warm on a Cold Night,Coastal Love - Klaves Remix,spotify:track:58kQrWFK5D6wCImGBwKASp
HONNE,Warm on a Cold Night,FHKD,spotify:track:2hVgZH9Q6XauqSLeMcl5fZ
HONNE,Warm on a Cold Night,FHKD (feat. Kill J),spotify:track:3BJEAsHTYR1dW05EMADTrP
HONNE,Warm on a Cold Night,FHKD - Pat Lok Remix,spotify:track:3pkiqq3KEEWVANHXzBIi0H
HONNE,Warm on a Cold Night,Gone Are the Days,spotify:track:4mUPRgJu2VY5fO0jdyuyeE
HONNE,Warm on a Cold Night,Gone Are the Days - MXXWLL Remix,spotify:track:1NSDkOiIyZ26Zo38XbAZVO
HONNE,Warm on a Cold Night,Gone Are the Days - Riton Remix,spotify:track:5RAs7VjvNBmeZFw4tKSIFP
HONNE,Warm on a Cold Night,Gone Are the Days - SOHN Remix,spotify:track:47btcAIysD9ERDshREFrSB
HONNE,Warm on a Cold Night,Good Together,spotify:track:5a3MulSI25BDyBGg1Gsfpz
HONNE,Warm on a Cold Night,Good Together - Jarami Remix,spotify:track:0LRuC8A1wTtkEDBI4I4bZk
HONNE,Warm on a Cold Night,It Ain't Wrong Loving You,spotify:track:46dEPk9Luf1gokLNZWEZwN
HONNE,Warm on a Cold Night,One at a Time Please,spotify:track:3kpI8NZMtPShXGjzjvfjr9
HONNE,Warm on a Cold Night,Out of My Control,spotify:track:4hT37YdOmXUelYWWgA2L8a
HONNE,Warm on a Cold Night,Someone That Loves You,spotify:track:1yraET52i6ZkrvvrmKNyn6
HONNE,Warm on a Cold Night,Someone That Loves You - Joe Goddard Remix,spotify:track:7mygqc2gxzhrKhMCntjzvJ
HONNE,Warm on a Cold Night,Take You High,spotify:track:7GICmSnlMzHkVysdQn3lDb
HONNE,Warm on a Cold Night,The Night,spotify:track:7naPidcaBye6u9xLtZ6v6z
HONNE,Warm on a Cold Night,Til the Evening,spotify:track:4Gxb23NIjyjo7qDpCeToDk
HONNE,Warm on a Cold Night,Treat You Right,spotify:track:6OulnIab9bf8oVFUQwb6kK
HONNE,Warm on a Cold Night,Treat You Right - Sivey Remix,spotify:track:0foeXcAh1eX5WwBcSGKSoo
HONNE,Warm on a Cold Night,Warm on a Cold Night,spotify:track:6Dg2RJihNlbkLSmtXY3p5f
HONNE,Warm on a Cold Night,Warm on a Cold Night (The Lonely Players Club) - gnash & 4e Remix,spotify:track:4XD0Ss3E6TrahC9uhlET0c
HONNE,Warm on a Cold Night,Warm on a Cold Night - Embody Remix,spotify:track:3pMSh1HUxc3xQlLmVcPCQS
Howling,Sacred Ground,Forest,spotify:track:7s0B1x0G58yDmlDw6dn2Ip
Howling,Sacred Ground,Howling,spotify:track:6T27rl0STPhIWotQlFpZdB
Howling,Sacred Ground,Interlude I,spotify:track:1ORDuOKUzMgskndXyRfBKh
Howling,Sacred Ground,Interlude II,spotify:track:6wFtx65hOKy3nDacz9ENB5
Howling,Sacred Ground,Litmus,spotify:track:2d47W0IwGkTvFADnUHoMlr
Howling,Sacred Ground,Lullaby,spotify:track:5OEMJ6OJxH26GHv8rpOkcn
Howling,Sacred Ground,Quartz,spotify:track:5PXO183CCHdXhgSNs03pls
Howling,Sacred Ground,Short Line,spotify:track:2HSGkZW4A50Q4wCsXaSVwT
Howling,Sacred Ground,Signs,spotify:track:0it3okhCzxJ3nGKNCjuEl1
Howling,Sacred Ground,Stole The Night,spotify:track:2Ar0ZIQ4drZLxP9ojg4jsD
Howling,Sacred Ground,X Machina,spotify:track:1RM0sCzkHKmUkWa1oQutWA
Howling,Sacred Ground,Zürich,spotify:track:3LF5LaUaTJwr6KjbLBa3B8
Hubert Daviz,diezel ep,pianeta pietra focaia,spotify:track:755Tn8A0vtJ4uGISL3ZlkV
Huerta,Junipero,All Wild Things Are Shy,spotify:track:3YEojiLatViYEOq8pCwqeg
Huerta,Junipero,Blanket Dub,spotify:track:2ZKnXvGqQ3cVYmUlUFEzDh
Hunee,Hunch Music,Rare Happiness,spotify:track:4CfkxZ4w0qCNuSA0hMJPeH
Hypnotic Brass Ensemble,Late Night Tales: Bonobo,Flipside,spotify:track:49HQgsW9NcpnHQP33GKwuU
I Am An Instrument,"IAAI, Vol. 1",Part I,spotify:track:4oUw41wtsyIsNapN5VUErm
I Am An Instrument,"IAAI, Vol. 1",Part III,spotify:track:3usbbmpFd1sx1UQQOGgc8A
Idealism,rainy evening,controlla,spotify:track:7woCxOw0jmj65ohlQ3x0tH
Ill Camille,Heirloom,Again,spotify:track:2vJ4qdEAIVfYWhXQA1ad79
Ill Camille,Heirloom,Almost There,spotify:track:721tiYw9d0V8GODMkmaKpb
Ill Camille,Heirloom,Black Gold,spotify:track:4CozdgliaeYk0BdlBSdyye
Ill Camille,Heirloom,Duality - Interlude,spotify:track:1pSLz7KZ1d0YIbvYstcVDj
Ill Camille,Heirloom,Few Days,spotify:track:7j4YdpFUhwccdv4Nt9loi3
Ill Camille,Heirloom,Fight On,spotify:track:2eddWpcXmSksmCYapjLMkU
Ill Camille,Heirloom,Home,spotify:track:0JRjDxv0oT4BZ94MZBuqWO
Ill Camille,Heirloom,Lighters,spotify:track:4H7o7nJnKg0GLo5MnPSkiR
Ill Camille,Heirloom,Live It Up,spotify:track:6ctWCOO666ngWQ7aZG9CPA
Ill Camille,Heirloom,Renewed,spotify:track:3qTmVwFWUrjX81DcHTckMY
Ill Camille,Heirloom,Slip Away,spotify:track:6oPdDIJJgSlzxwq2Y4zjKa
Ill Camille,Heirloom,Spider's Jam,spotify:track:6L2yreqsW4M5Y5Nsgt7SZc
Ill Camille,Heirloom,Still A Lady,spotify:track:3G2bdqsPmQRA12c1MOtjRo
Ill Camille,Heirloom,São Paulo,spotify:track:19VOUmtpL6HgwU1KdStaWf
Ill Camille,Heirloom,Trust Me,spotify:track:1MwbJVIktzyqdKjpXt9xGd
Ill Camille,Heirloom,Warrior / Sankofa,spotify:track:1zW86H6VP32T6nCKz3TZBY
Illa J,Home,7 Mile,spotify:track:7v9dU1YlURx3FgGjGQjfFQ
Illa J,Home,Detroit Bad Boys,spotify:track:6Mngf29kAeBIpY4ls1HFWz
Illa J,Home,Home,spotify:track:4laPr385Muc7JizVBqH8Zr
Illa J,Home,I Know,spotify:track:1hdAFsmGKDseUEc5hagHnH
Illa J,Home,Intro (Turn It Up),spotify:track:2OljleXdxu74UgIcAw0dtu
Illa J,Home,Maureen,spotify:track:2bxiN2w5X51b1o6nnFlgSQ
Illa J,Home,Photosynthesis,spotify:track:3Ft1e1SJx4U3BwjfbwOTTo
Illa J,Home,Sam Cook,spotify:track:242xSYKIw1ZUF1lopmUwyk
Illa J,Home,Silencers,spotify:track:7cgGnBqZxIPiatQvPJyPPt
Illa J,Home,Snow Beach,spotify:track:3dn80k80UIh4B2ZuErdl5N
Illa J,John Yancey,12 AM,spotify:track:4byRwm6haiHhiA7D7OcXjO
Illa J,John Yancey,32,spotify:track:2kacwFhCMF2bzG53IlwC5E
Illa J,John Yancey,DTW,spotify:track:73YR7WUdg0bpvhPG5GnX4J
Illa J,John Yancey,Enjoy the Ride,spotify:track:7IvVCu4wagxDH6nYPIlpt0
Illa J,John Yancey,Find One,spotify:track:1luaaVc8lWTMBgsai3Pb7G
Illa J,John Yancey,James Said,spotify:track:7AcfyYSHvMrWZxZDKCDue0
Illa J,John Yancey,On the Side,spotify:track:5RnHCndYx9Sufjt9yByYm4
Illa J,John Yancey,Rose Gold,spotify:track:5Z8oYQWFCFrUduIRChfwhD
Illa J,John Yancey,Shine On,spotify:track:5EEHuZEBEFB5RtLR472bbP
Illa J,John Yancey,Sunday,spotify:track:4KVAjseqCoH2VRKvCccgZj
Illa J,John Yancey,Tokyo,spotify:track:162vv4LxFpL3WRYapd7rSl
Illa J,John Yancey,Weather Report,spotify:track:0bOsCBVY55A7foYIv7x3jH
Illa J,The Bakery,I'm Thru,spotify:track:4qkAPLeFEbjtlv2I9dR5uU
Illa J,The Bakery,MJ,spotify:track:6GzHwXHVTseKsNn9CsYKQ2
Illa J,The Bakery,Showtime,spotify:track:3NjlnXOVyBkkuFjqdX0bUn
Illa J,The Bakery,Why I Came To You,spotify:track:2i29Vq2S5Ixi4UMAtbn5kc
Isaac Delusion,Couleur menthe à l'eau,Couleur menthe à l'eau,spotify:track:5sJrmcYHQUgMhwZvZErPHS
Isaac Delusion,Rust & Gold,A Few Steps,spotify:track:0pVcbgQBPYKY2kGdjfVdoc
Isaac Delusion,Rust & Gold,Bittersweet Fruit,spotify:track:5Na62v5BFi41QfPLqp7RMG
Isaac Delusion,Rust & Gold,Black Widow,spotify:track:5x0zRNjyTDWE0dwUVcJ5zL
Isaac Delusion,Rust & Gold,Cajun,spotify:track:2H27JCrKeTF2BBkx9ucUTH
Isaac Delusion,Rust & Gold,Distance,spotify:track:7BTkvSvhMRr9hpvoPd8Z4N
Isaac Delusion,Rust & Gold,How Much (You Want Her) 2017,spotify:track:1B0ymvBm70MZR2TnZJUSXZ
Isaac Delusion,Rust & Gold,Isabella,spotify:track:1aHTKcValgcBtoLD0g35MC
Isaac Delusion,Rust & Gold,Luck & Mercy,spotify:track:1wN2tG1FXmTTQ0EcPsrlfs
Isaac Delusion,Rust & Gold,Mother Shelter,spotify:track:2uUqhGMKJfLesYnJl89ERH
Isaac Delusion,Rust & Gold,Take the Crown,spotify:track:05uGaNpp7fgDFndq9c02ix
Isaac Delusion,Rust & Gold,The Sinner,spotify:track:45dKmyXd3icRGH0s0LGESv
Isaac Delusion,Rust & Gold,Voyager,spotify:track:2JxbADHfnVT7e3tYEPqLl9
Isaac Hayes,Greatest Hits Singles,Ain't That Loving You (For More Reasons Than One) - Remastered 1991 Album Version,spotify:track:3yojpzGQhaNnqHtgPFhaY1
Isaac Hayes,Greatest Hits Singles,By The Time I Get To Phoenix - Remastered 1991 Short Version,spotify:track:7ncIPiSeVFiIYtz2pVSwTw
Isaac Hayes,Greatest Hits Singles,Do Your Thing - Remastered 1991 Album Version,spotify:track:53PDh1XdX2WnawKF592jbp
Isaac Hayes,Greatest Hits Singles,I Stand Accused - Remastered 1991 Album Version,spotify:track:2aEkvPFjA3oj985LIxQMYw
Isaac Hayes,Greatest Hits Singles,If Loving You Is Wrong (I Don't Want To Be Right) - Remastered 1991 Album Version,spotify:track:2dld4Exz6xqIoOSnlEhI9w
Isaac Hayes,Greatest Hits Singles,Joy - Remastered 1991 Pt. 1,spotify:track:7arAhkjuWQzH6dlqf4yZUI
Isaac Hayes,Greatest Hits Singles,Let's Stay Together - Remastered 1991 Album Version,spotify:track:3zcJPWS0xX678tCtbhupER
Isaac Hayes,Greatest Hits Singles,Never Can Say Goodbye - Remastered 1991 45 Version,spotify:track:2OCdNTtbNnHUrWYO13uyMo
Isaac Hayes,Greatest Hits Singles,The Look Of Love - Remastered 1991 Album Version,spotify:track:49NHOHNWjCtECqWRDeiTbQ
Isaac Hayes,Greatest Hits Singles,"Theme From ""Shaft"" - Remastered 1991 Album Version",spotify:track:4aCn63qT3z7BmXHvDcOxSw
Isaac Hayes,Greatest Hits Singles,"Theme From ""The Men"" - Live At The Sahara Tahoe, USA / 1973",spotify:track:4vIOvyHdPazqbljbN7qPud
Isaac Hayes,Greatest Hits Singles,Walk On By - Remastered 1991 Album Version,spotify:track:4NU6Vnrsh09TdZtIBYBwTA
Isaac Hayes,The Spirit Of Memphis (1962-1976),Ain't That Loving You (For More Reasons Than One) - Remastered 1991 Album Version,spotify:track:3Ha3u8HxtBLYg42wlt3URh
Isaac Hayes,The Spirit Of Memphis (1962-1976),Ain’t No Sunshine,spotify:track:7f2UdCJh5tIHO06dR3OYu4
Isaac Hayes,The Spirit Of Memphis (1962-1976),Baby I'm-A Want You,spotify:track:1tdTLKl20CFu3Fgg2kXKCJ
Isaac Hayes,The Spirit Of Memphis (1962-1976),Black Militant’s Place,spotify:track:4s8w4zYA30HLdwr0JrrjgQ
Isaac Hayes,The Spirit Of Memphis (1962-1976),By The Time I Get To Phoenix - Remastered 1991 Short Version,spotify:track:2iUxUMz3NsSVTapMTmVrZ7
Isaac Hayes,The Spirit Of Memphis (1962-1976),Do Your Thing - Extended Jam,spotify:track:34YvW43uDkyzZBOYD4tPjF
Isaac Hayes,The Spirit Of Memphis (1962-1976),Do Your Thing - Remastered 1991 Album Version,spotify:track:54mneC68B4VDXSfpRG0yCU
Isaac Hayes,The Spirit Of Memphis (1962-1976),Groove-A-Thon - Extended Jam,spotify:track:5ky5PmU78j8zOYqKKpkj3L
Isaac Hayes,The Spirit Of Memphis (1962-1976),His Eye Is On The Sparrow - Live,spotify:track:18fiWiXrccA8Hu4HREzUlK
Isaac Hayes,The Spirit Of Memphis (1962-1976),Hung Up On My Baby - Extended Jam,spotify:track:69GPp59RLRu2VvU5UwbT7L
Isaac Hayes,The Spirit Of Memphis (1962-1976),I Just Don't Know What To Do With Myself,spotify:track:0aV1AGlTEfoyv2IVM9bAEa
Isaac Hayes,The Spirit Of Memphis (1962-1976),I Stand Accused - Live,spotify:track:3y7IxGPrkhXme6PgdA4zH8
Isaac Hayes,The Spirit Of Memphis (1962-1976),I Stand Accused - Remastered 1991 Album Version,spotify:track:6Rmlg3gfjGPgwsKFgVMD44
Isaac Hayes,The Spirit Of Memphis (1962-1976),If Loving You Is Wrong - Live,spotify:track:1iSOKQ1CM0IA6Ljswm4WFJ
Isaac Hayes,The Spirit Of Memphis (1962-1976),Ike's Mood I - Edit,spotify:track:1ecFXc6SEElaxAh8TlSRUe
Isaac Hayes,The Spirit Of Memphis (1962-1976),Joy - Remastered 1991 Pt. 1,spotify:track:6kNbGnGGbt8V8gQqOOpJvl
Isaac Hayes,The Spirit Of Memphis (1962-1976),Just Want To Make Love To You / Rock Me Baby - Live / Medley,spotify:track:16qe84bbDGnzEZEB7zzSRh
Isaac Hayes,The Spirit Of Memphis (1962-1976),Let's Stay Together - Remastered 1991 Album Version,spotify:track:3aR3pHQMwH1ezNDWLbqPDt
Isaac Hayes,The Spirit Of Memphis (1962-1976),Man's Temptation,spotify:track:2G8ozg9Qfh4v3aLmKd8jSr
Isaac Hayes,The Spirit Of Memphis (1962-1976),Never Can Say Goodbye - Remastered 1991 45 Version,spotify:track:4uV5VCSvjhAbGTUeUxmxvw
Isaac Hayes,The Spirit Of Memphis (1962-1976),Never Gonna Give You Up,spotify:track:3itkJO2Juz09kdUL7q2PKl
Isaac Hayes,The Spirit Of Memphis (1962-1976),"Precious, Precious",spotify:track:0vNy5OYIB1brTXN9yxrvh0
Isaac Hayes,The Spirit Of Memphis (1962-1976),Radio Spot: The Rapper Is Back,spotify:track:11BlANFPmAzKcgXkH9ZwX9
Isaac Hayes,The Spirit Of Memphis (1962-1976),Radio Spot: You Gotta Have It To Really Be In,spotify:track:5hnjQulCoJ0gCUpuGhulDP
Isaac Hayes,The Spirit Of Memphis (1962-1976),Rolling Down A Mountainside,spotify:track:2UHCNqVB5STcRwR3GXizgD
Isaac Hayes,The Spirit Of Memphis (1962-1976),Someone Made You For Me,spotify:track:4o190Vkzqh5M3HLBc4BCfb
Isaac Hayes,The Spirit Of Memphis (1962-1976),Stormy Monday - Live,spotify:track:13i0QNYUX9CFzd0MTRxuII
Isaac Hayes,The Spirit Of Memphis (1962-1976),The Look Of Love - Remastered 1991 Album Version,spotify:track:4gb7scoqd57iYr0T2p0I04
Isaac Hayes,The Spirit Of Memphis (1962-1976),The Mistletoe And Me,spotify:track:3YU3c6GJ091CboW7guvyef
Isaac Hayes,The Spirit Of Memphis (1962-1976),The Ten Commandments Of Love - Live,spotify:track:4QUZZuDesoxU5ZtSt1ESMU
Isaac Hayes,The Spirit Of Memphis (1962-1976),"Theme From ""Shaft"" - Remastered 1991 Album Version",spotify:track:0WLpGtO2yrFRbgDMM6vrx6
Isaac Hayes,The Spirit Of Memphis (1962-1976),"Theme From ""The Men""",spotify:track:6IKqffDeYMJUxnr7ZQUdPd
Isaac Hayes,The Spirit Of Memphis (1962-1976),"Title Theme ""Three Tough Guys""",spotify:track:3A7myAmm5NZJTzGtSXGDup
Isaac Hayes,The Spirit Of Memphis (1962-1976),Walk On By,spotify:track:0hdRyXJKBAXB5o6wKFkZb8
Isaac Hayes,The Spirit Of Memphis (1962-1976),When I Fall In Love,spotify:track:1oyurttCjAtCBNikUDuIzG
Isaac Hayes,The Spirit Of Memphis (1962-1976),Windows Of The World,spotify:track:472aW37y6bZn5a1lE8XpTJ
Isaac Hayes,The Spirit Of Memphis (1962-1976),Winter Snow,spotify:track:6FDWUij11OB5JnwtI6GQbi
Isaac Hayes,The Spirit Of Memphis (1962-1976),Wonderful,spotify:track:4UbOT2vJ0Oy3zaGO7m06dh
Isaac Hayes,The Spirit Of Memphis (1962-1976),You’ve Made Me So Very Happy,spotify:track:04enwmWRbJy25k16nU19EV
Isaiah Rashad,The House Is Burning,Headshots (4r da Locals),spotify:track:0xta6Gah3inmeHbj0e3F9a
Isaiah Rashad,The Sun's Tirade,4r Da Squaw,spotify:track:71lyUtIPCMAYjTwwwxy2jW
Isaiah Rashad,The Sun's Tirade,A lot,spotify:track:0CsMyYqXKbdznGEXSjSroo
Isaiah Rashad,The Sun's Tirade,AA,spotify:track:66UI237YMw6AL6S72FGKND
Isaiah Rashad,The Sun's Tirade,Bday (feat. Deacon Blues & Kari Faux),spotify:track:2uRqJEudnHdYINvwmeaG9h
Isaiah Rashad,The Sun's Tirade,Brenda,spotify:track:1YnhmaHKpNEroXiGqc3BLT
Isaiah Rashad,The Sun's Tirade,by george (outro),spotify:track:24LTP6ZVZZ5epkbnTXM21c
Isaiah Rashad,The Sun's Tirade,Don't Matter,spotify:track:5v1QJxlh7mkNsq7fsUf5wV
Isaiah Rashad,The Sun's Tirade,Dressed Like Rappers,spotify:track:5oO0BgiNJzi3Q13uIvizqN
Isaiah Rashad,The Sun's Tirade,Find a Topic (homies begged),spotify:track:17JA4HlieSH7TY3pQk21MJ
Isaiah Rashad,The Sun's Tirade,Free Lunch,spotify:track:5FX89IUKm9QJT9ymrmyK4k
Isaiah Rashad,The Sun's Tirade,Park,spotify:track:5hqh0JUxRShhqdaxu7wlz5
Isaiah Rashad,The Sun's Tirade,Rope (feat. SiR) // rosegold,spotify:track:2TsBRXZQSGp1aaYeNPcT9o
Isaiah Rashad,The Sun's Tirade,Silkk da Shocka (feat. Syd),spotify:track:5f6esnDQcBiFAm8iMfkw12
Isaiah Rashad,The Sun's Tirade,Stuck in the Mud (feat. SZA),spotify:track:2eYY43d0V17SxOX0g7sBAD
Isaiah Rashad,The Sun's Tirade,Tity and Dolla (feat. Hugh Augustine & Jay Rock),spotify:track:2NoKRHt8LVpnQMVl3TPwvu
Isaiah Rashad,The Sun's Tirade,Wat's Wrong (feat. Zacari & Kendrick Lamar),spotify:track:2RPbEp0DyBVlkRvvYKopO7
Isaiah Rashad,The Sun's Tirade,where u at?,spotify:track:0UULVQXjgFPOttIW5qF7Ak
Isatta Sheriff,Who Am I (eh-eh),Who Am I (eh-eh),spotify:track:3DBGRXEiGyQOxdkV6JltUY
Ishmael Ensemble,A State of Flow,The Chapel,spotify:track:07hlBgJ6DejBq18rvPnS7E
Ivan Ave,Every Eye,Bike Lock,spotify:track:3aKxBb3lQxH8faixfo5vL7
Ivan Ave,Every Eye,Fast Forward,spotify:track:6nM7DZ3ato143uGVXya4B4
Ivan Ave,Every Eye,George Duke,spotify:track:5qNY58ezEwN0EBoBZG6rNX
Ivan Ave,Every Eye,Jellylude,spotify:track:6MNwAhcKgRfmtTfHvJdCJD
Ivan Ave,Every Eye,Monitor,spotify:track:1AkTnPSo7hLN1u7YTbgW93
Ivan Ave,Every Eye,Now You Don't,spotify:track:6FvrZRqqwdqgrN9kcRxO6P
Ivan Ave,Every Eye,Now You See Me,spotify:track:4M6pAqTdnov4lunZM83NDe
Ivan Ave,Every Eye,Old Eye,spotify:track:7na9wjp6vv68PaZ2mtzSb1
Ivan Ave,Every Eye,One Eye,spotify:track:1TFciRbscmcoGW2l6z3Pc4
Ivan Ave,Every Eye,Running Shoes,spotify:track:3BpT3F5fpt2lu3w9tnbXUW
Ivan Ave,Every Eye,Squint,spotify:track:2ZoqVSMTIULCqywC9UJoQm
Ivan Ave,Every Eye,Steaming,spotify:track:4g6D6Xb2ma5R1GH34WdHR9
Ivan Ave,Every Eye,Warm Couture,spotify:track:4px7TeEKnjO7NtAZxaklTC
Ivan Ave,Every Eye,Young Eye,spotify:track:5zh96qNYrilrY5M2EWchmz
Ivan Ave,Helping Hands,"Find Me, Pt.2",spotify:track:2yqyHvg1tjhy0Ban31x7ih
Ivan Ave,Helping Hands,Forks,spotify:track:5CiqnBiVM8wIK5oZCgG9KU
Ivan Ave,Helping Hands,Free Shit,spotify:track:5h6NZ9uR2FHZIUtNsA8HrB
Ivan Ave,Helping Hands,Hello,spotify:track:1WNKzbymai8FKJfYcBtIZ4
Ivan Ave,Helping Hands,Helping Hands,spotify:track:3NNgCXfW8j6v5HYw2V8Nq2
Ivan Ave,Helping Hands,I Do,spotify:track:0JIibEdltgZbSZoPswlEIE
Ivan Ave,Helping Hands,Introfood,spotify:track:05UDDLflVEXbYVs6AYvm32
Ivan Ave,Helping Hands,Moves,spotify:track:5whTJYt2Lizx0tbBnBNDEj
Ivan Ave,Helping Hands,Obedience,spotify:track:5F6tW7Ye48di78DhUGyLnG
Ivan Ave,Helping Hands,Once Again,spotify:track:1xmQvaXnxQWICbyeb8dbXs
Ivan Ave,Helping Hands,The Circle,spotify:track:60DLWXwghcL7vBZmanhLtU
IZCO,TEK 5,FEEL,spotify:track:6NjKZDQtEuMySYu4yaZWVA
iZem,Hafa,Agua Viva,spotify:track:4sdmINGFxk4Pp7FDpEbUT4
iZem,Hafa,Kulala,spotify:track:3zoJxEXLhJloegpeKTCqVX
iZem,Hafa,L'horloge,spotify:track:0zLzbsQVtfzkA8D04ULLld
iZem,Hafa,Quiver,spotify:track:7H1IwpEKgBNzuKDOyzVWQ9
iZem,Hafa,Sadeo,spotify:track:2Oiz80kurZlJXAjV3C1Jw9
iZem,Hafa,Seasons,spotify:track:1X9zLEPfbsHl4o1lFh3vpZ
iZem,Hafa,Water,spotify:track:12luKDoM0tkPP9YzWZll49
iZem,Hafa,"Wind, Sand and Stars",spotify:track:7KMkdMWbaF6l2EawR7c0Rt
J. Albert,Good Music Mixtape Vol. 3,god said,spotify:track:72QbM84KEUzHtpDAg5IPIJ
Jab,Directions,Directions,spotify:track:5MvpcCTUW9VexxWiV5EgPS
Jack Harlow,First Class,First Class,spotify:track:1rDQ4oMwGJI7B4tovsBOxc
Jacques Greene,Feel Infinite,Afterglow,spotify:track:0k7MfqM2QPnx0vBd2xCSZA
Jacques Greene,Feel Infinite,Cycles,spotify:track:7nK8ByLRlmo7oiBAFZTFeT
Jacques Greene,Feel Infinite,Dundas Collapse,spotify:track:5WuPJqsjoYLXraJy2GE6YU
Jacques Greene,Feel Infinite,Fall,spotify:track:210DPK8XAfKWZQD5IWhM2C
Jacques Greene,Feel Infinite,Feel Infinite,spotify:track:3KmUQZnAv2t8MzBWUifO5s
Jacques Greene,Feel Infinite,I Won't Judge,spotify:track:3FSIxJ0Ix3G5srTqcHFVuV
Jacques Greene,Feel Infinite,Real Time,spotify:track:7a0CHehOHj1xNuwmZzaX1r
Jacques Greene,Feel Infinite,To Say,spotify:track:1r8TMJOZWL6HvjTn6hDGMx
Jacques Greene,Feel Infinite,TRUE,spotify:track:1MRnKyvegp20vuqBPwFdTn
Jacques Greene,Feel Infinite,You Can't Deny,spotify:track:1FFrGaSjTxHJcrwTZDZ9mH
Jacques Greene,Feel Infinite,You See All My Light,spotify:track:5VUviupIDPmIqhAxVmr34S
Jacques Greene,Fever Focus,Avatar Beach - Extended,spotify:track:1KwuMBKn7i6ABRd13yVz8X
Jacques Greene,Fever Focus,Convex Mirror,spotify:track:7rSh8WSPh4zifaqKANvytH
Jacques Greene,Fever Focus,Fever Focus,spotify:track:0WQ5EGKSw2If6iDzPt05DR
Jacques Greene,Fever Focus,Nordschleife,spotify:track:4Z29yefal52XPhzzvNjcqM
Jacques Greene,Fever Focus,Perlant,spotify:track:5bVLCGk4M5N0aH5klDiHEj
Jacques Greene,Fever Focus,Someone Else,spotify:track:28M7Ngv1qob8HiB9pvJFbu
Jad & The,Deep Dark Grimey Dancefloor Moment,Deep Dark Grimey Dancefloor Moment,spotify:track:0Uf4vAXAfn1tyuzOHly6sY
Jadasea,half-life,ties,spotify:track:3pL9tT4q6Q6vkZsLwhSi8q
Jadu Heart,Ezra's Garden,Galaxy Surfing,spotify:track:0tI9jtQuJynzivmpQFc4Gx
Jadu Heart,Ezra's Garden,Intro,spotify:track:4eVQ3samKiX9oEpBWKO6wy
Jadu Heart,Ezra's Garden,Late Night,spotify:track:6FApQMjrtYKqQG3q2Z9Lpg
Jadu Heart,Ezra's Garden,Memory Rock,spotify:track:1i35sFDxHHrR91SJv1t6jg
Jadu Heart,Ezra's Garden,Moon Rising,spotify:track:7rzxFEq8LVCGm3Robem25E
Jadu Heart,Ezra's Garden,Ocra,spotify:track:1EXS7HHEDN6MoPC3S2BP1l
Jadu Heart,Forgotten Ghosts,Forgotten Ghosts,spotify:track:2e1oNEAXGwSUUk8POfaw02
Jadu Heart,Purity,Purity,spotify:track:6qpPdVDZEHx0JBroBXq4kD
Jadu Heart,The Gloom That Looms,Heroin Song,spotify:track:2Y1OLiEHqLkGaZQ6YYZBxY
Jadu Heart,The Gloom That Looms,The Cure,spotify:track:50F69bMtzUSD8aYh8qVHXd
Jafu,No More,No More,spotify:track:0baZKQBd7l8S2b4gkkbXae
Jai Paul,DJ-Kicks (Moodymann),BTSTU (Moodymann Edit) - Mixed,spotify:track:4yFNFUaXcS8jHhMWp33fVA
Jai Paul,Do You Love Her Now / He,Do You Love Her Now,spotify:track:13JjdKeIUy6P916p3MemXn
Jai Paul,Do You Love Her Now / He,He,spotify:track:6ysRK6One7O5GiRVvrs0x1
James 'Creole' Thomas,Omas Sextet,Earth,spotify:track:5hHkdN5Q7MD7fUlesX56K7
James 'Creole' Thomas,Omas Sextet,First Ways,spotify:track:3dXq4DcUJhllMbhgWGBTsD
James 'Creole' Thomas,Omas Sextet,Intro,spotify:track:5sCNvZ5kFlRA7TZVeXW9p9
James 'Creole' Thomas,Omas Sextet,Lead By No One,spotify:track:0MqEwBpdXw2BLSECvoKAW3
James 'Creole' Thomas,Omas Sextet,No Need to Wait,spotify:track:4bnOceTIL9w4zSSwHmL95K
James 'Creole' Thomas,Omas Sextet,Soul Sub City,spotify:track:2CkxkNlM3hgLqV24jfEWVe
James Bailey,Shooting Star,Shooting Star,spotify:track:17wuTf8i4HPdZFFXuFuM6X
James Blake,Assume Form,Are You In Love?,spotify:track:48TwC1IPK9g9r6xYMseKZ0
James Blake,Assume Form,Assume Form,spotify:track:2zUYg51Df8nLuymwI67mzk
James Blake,Assume Form,Barefoot In The Park (feat. ROSALÍA),spotify:track:3rDIv69iKUGLFAScfHwCYd
James Blake,Assume Form,Can't Believe The Way We Flow,spotify:track:03NtFY8KBtBsLQg2E9rVDI
James Blake,Assume Form,Don't Miss It,spotify:track:5VYCCPct242jtbidE13EKK
James Blake,Assume Form,I'll Come Too,spotify:track:0ZMBqlhWnSlR4KCiUfLL8i
James Blake,Assume Form,Into The Red,spotify:track:5T4l3jMleCgNMmeYRPYvnS
James Blake,Assume Form,Lullaby For My Insomniac,spotify:track:2ChIDG3Ae88OSrocGzjZzT
James Blake,Assume Form,Mile High (feat. Travis Scott & Metro Boomin),spotify:track:6gWo0JYLA6Dnw40WIx1MTl
James Blake,Assume Form,Mulholland,spotify:track:1HH74T0lQrV21hkc5KmPZ5
James Blake,Assume Form,Power On,spotify:track:2qNUaGPyb4HhCutBS0Z0hF
James Blake,Assume Form,Tell Them (feat. Moses Sumney & Metro Boomin),spotify:track:6b1eq00KotcEnBTn51ELAz
James Blake,Assume Form,Where's The Catch? (feat. André 3000),spotify:track:3zuPiPjLdL9aDnyUZcgONy
James Blake,Death of Love,Death of Love,spotify:track:18NDaA50I2xeHYeMkfVPp6
James Blake,James Blake,A Case Of You,spotify:track:6sZRhv00LRKzFl8QpYiD1w
James Blake,James Blake,Enough Thunder,spotify:track:0MnMMzi93DAyPXng4SVQly
James Blake,James Blake,Fall Creek Boys Choir,spotify:track:2D369Iv0P8FplOVp5ZMel7
James Blake,James Blake,Give Me My Month,spotify:track:6QgPfp0ARMLlie81jVfsUb
James Blake,James Blake,I Mind,spotify:track:5AlKJl0f9SRP6ZCqEe1RZU
James Blake,James Blake,I Never Learnt To Share,spotify:track:69AuSMhwPeOdrP9RwTecGA
James Blake,James Blake,Limit To Your Love,spotify:track:2bN58GareTPp89qlI9j0rk
James Blake,James Blake,Lindisfarne I,spotify:track:2DeMDoUNB6xXxee5ONkLwm
James Blake,James Blake,Lindisfarne II,spotify:track:4ph9s8ovRfwduC7xJv2uKt
James Blake,James Blake,Measurements,spotify:track:73ZLjNUIAn7UFW80t7QyKy
James Blake,James Blake,Not Long Now,spotify:track:5Q9FGhEM6GZaaFsPBLkDyf
James Blake,James Blake,Once We All Agree,spotify:track:1QqBhlB5tS3Xdm8DfLCP1k
James Blake,James Blake,Tep And The Logic,spotify:track:7IS4qnA7CjnmOgMYyY0dbF
James Blake,James Blake,The Wilhelm Scream,spotify:track:2V1SLAJhFAWhKlI3VHdhsz
James Blake,James Blake,To Care (Like You),spotify:track:0tpYswYQCVicATMfTO8ONh
James Blake,James Blake,Unluck,spotify:track:25eWznlRQDXJ2xA9LonWCT
James Blake,James Blake,We Might Feel Unsound,spotify:track:6i3w85kgTtDa4JLL4rQl5N
James Blake,James Blake,Why Don't You Call Me,spotify:track:2osDkaUfp4oUaTfD8OxAR2
James Blake,James Blake,You Know Your Youth,spotify:track:7rFVW7vmj07hzvJeRra5SE
James Blake,Overgrown,Digital Lion,spotify:track:0BQV07dSwLltMlLDo47ckp
James Blake,Overgrown,DLM,spotify:track:0bER7hZcp3jwwJmaGAvksS
James Blake,Overgrown,I Am Sold,spotify:track:7n3xrEVdLqpzcGvbGmGejF
James Blake,Overgrown,Life Round Here,spotify:track:2746pcTPaE9FBHkvUivCsg
James Blake,Overgrown,Our Love Comes Back,spotify:track:0BCAtiPr3fBKqfEWaUmCUh
James Blake,Overgrown,Overgrown,spotify:track:7rHIRFNCDu6o9LWtGMevK1
James Blake,Overgrown,Retrograde,spotify:track:2IqjKEBiz0CdLKdkXhxw84
James Blake,Overgrown,Take A Fall For Me,spotify:track:6vVPCNcE9bEhhGAV2NMxov
James Blake,Overgrown,To The Last,spotify:track:4UZeOqDHc9KluSril899KL
James Blake,Overgrown,Voyeur,spotify:track:0Zaq26GPf2emAuRPsMXKGC
James Blake,The Colour In Anything,Always,spotify:track:6vcqur8XelCD3GJLVQB87I
James Blake,The Colour In Anything,Choose Me,spotify:track:2N8uCUNl2R6q6sXfG42Vur
James Blake,The Colour In Anything,f.o.r.e.v.e.r.,spotify:track:73Uc6U9BTEFoGP5ywB6MLr
James Blake,The Colour In Anything,I Hope My Life - 1-800 Mix,spotify:track:2B7snFRWcKkZsH7AR4cuRR
James Blake,The Colour In Anything,I Need A Forest Fire,spotify:track:0TLAptKgYxe7F0KewWH6X6
James Blake,The Colour In Anything,Love Me In Whatever Way,spotify:track:1C0WuqxJFwspf1lc0v4qhZ
James Blake,The Colour In Anything,Meet You In The Maze,spotify:track:769vrJXv69vVKlZjX9XJ4W
James Blake,The Colour In Anything,Modern Soul,spotify:track:0ADFdBeamLf1sUlXnd91SE
James Blake,The Colour In Anything,My Willing Heart,spotify:track:6JHqijXeoR9S3DzvDm4VO5
James Blake,The Colour In Anything,Noise Above Our Heads,spotify:track:3mUGTZQ7SctWdmDMukT6tJ
James Blake,The Colour In Anything,Points,spotify:track:6dSCIGteGmVCCH39hxuddz
James Blake,The Colour In Anything,Put That Away And Talk To Me,spotify:track:1qBk8jyJmxeXAbbrZ1thxL
James Blake,The Colour In Anything,Radio Silence,spotify:track:0ZPPbwJD2WVU8HdMsVtChk
James Blake,The Colour In Anything,The Colour In Anything,spotify:track:2YItmEbRbOhAHevysQ1QLr
James Blake,The Colour In Anything,Timeless,spotify:track:49jxn2Mdde8QZUx0AlbD0l
James Blake,The Colour In Anything,Two Men Down,spotify:track:7qbuX4vj6cGIs96gIMh6b7
James Blake,The Colour In Anything,Waves Know Shores,spotify:track:6CaixeaNllgzmFcfMhAeD8
James Blake,You're Too Precious,You're Too Precious,spotify:track:5teYCP3pROESCEaASCVf5w
James Vincent McMorrow,Post Tropical,All Points,spotify:track:2t26TgTOdsHRCFgpf3YYAV
James Vincent McMorrow,Post Tropical,All Points - Solo Version,spotify:track:1W6ZlWeoAh9PwpkFRpfKdc
James Vincent McMorrow,Post Tropical,Cavalier,spotify:track:6bjyuzTO6hLvTVq73v6Kdi
James Vincent McMorrow,Post Tropical,Cavalier - 1975 Remix,spotify:track:2fOtVU2ncvs0rVnBjm2pz5
James Vincent McMorrow,Post Tropical,Cavalier - Dpat Remix,spotify:track:2ergO29aOPwsYOUfx3SY6T
James Vincent McMorrow,Post Tropical,Glacier,spotify:track:0BjrwcnatxJLnqwMoGnP5s
James Vincent McMorrow,Post Tropical,Glacier - Atu Remix,spotify:track:3N0G8dPhFuJIOn2WcUMKGU
James Vincent McMorrow,Post Tropical,Gold,spotify:track:72o8t6Skh86iLJGwnb1ADK
James Vincent McMorrow,Post Tropical,Look Out,spotify:track:0rsWeA9LTIxDA3XVy0OaAn
James Vincent McMorrow,Post Tropical,New Romancers - Bonus Track,spotify:track:2NBKYItn2a9UPoLINKW79C
James Vincent McMorrow,Post Tropical,Outside Digging,spotify:track:4OtysB9Q5CoqlpEK8dw9vb
James Vincent McMorrow,Post Tropical,Post Tropical,spotify:track:3v0PemOhAM0xM5Vekvh561
James Vincent McMorrow,Post Tropical,Red Dust,spotify:track:2rZwttZVuXsPmjJGn884zP
James Vincent McMorrow,Post Tropical,Red Dust - Solo Version,spotify:track:2NMsBFa7nONRMKuZVdWW8g
James Vincent McMorrow,Post Tropical,Repeating,spotify:track:3ifxgaMV9ClgQ9tQQUu7I7
James Vincent McMorrow,Post Tropical,The Lakes,spotify:track:1u17Ssksx6ZSDObQhwy33u
James Vincent McMorrow,Post Tropical,When I Leave - Bonus Track,spotify:track:3wJJ0b6kaLUWve4GFeKV5J
James Vincent McMorrow,Post Tropical,You Know - Bonus Track,spotify:track:2DWwjno7D7ASZFaIVMF1eR
James Vincent McMorrow,True Care,Bears,spotify:track:6x6K7LSEOgHvU5z6GF90bN
James Vincent McMorrow,True Care,Bend Your Knees,spotify:track:1tkS3Z0bmq72MFObeox3o5
James Vincent McMorrow,True Care,Change of Heart,spotify:track:4K4o93NFNK5FI6lEBraS4b
James Vincent McMorrow,True Care,Constellations,spotify:track:3MBSNeEwZA9IFFbUiWp4b8
James Vincent McMorrow,True Care,December 2914,spotify:track:23S363xT0wcZ6B5fIc3MjT
James Vincent McMorrow,True Care,Don't Wait Forever,spotify:track:5TwnlXR0NjTh2Q4uAdRRqt
James Vincent McMorrow,True Care,Glad It's Raining,spotify:track:26UZwIS9EOXw1EoZ0gsVWK
James Vincent McMorrow,True Care,Holding On,spotify:track:6kfdXNXwOhwVdqcwmO6NZu
James Vincent McMorrow,True Care,Interlude No. 1,spotify:track:14xTslwYlxuiKSaKCZOSqv
James Vincent McMorrow,True Care,Interlude No. 2,spotify:track:7MwG6NCwTDmBxQSN8v97wy
James Vincent McMorrow,True Care,National,spotify:track:42sXl27WHCTFc2Ezg1CgGH
James Vincent McMorrow,True Care,Outro,spotify:track:4jxuWwVlRgZD5xikJQuVe2
James Vincent McMorrow,True Care,Pink Salt Lake,spotify:track:6ZLnETBh8uM0W74vByBmOE
James Vincent McMorrow,True Care,Thank You,spotify:track:2WGVb25hoch25nmL4XLzTI
James Vincent McMorrow,True Care,True Care,spotify:track:2uDEst4D3pudz97dbxnSJm
James Vincent McMorrow,We Move,"Evil - West Hollywood, May 2015",spotify:track:1PMvScXtpE8W2fCyQdbfxA
James Vincent McMorrow,We Move,"Get Low - Dublin, September 2015",spotify:track:49tpl1Jkl6UpQurcZMDeyu
James Vincent McMorrow,We Move,I Lie Awake Every Night,spotify:track:71LKr5MJoJEx5fRTqgawB2
James Vincent McMorrow,We Move,"I Lie Awake Every Night - Dublin, August 2015",spotify:track:6oG2Sye9ZHzqV2ESNzChZ9
James Vincent McMorrow,We Move,"Killer Whales - Austin, March 2015",spotify:track:2y558lZbEwZfLLC0pdvLIb
James Vincent McMorrow,We Move,"Last Story - West Hollywood, March 2015",spotify:track:3G6dI0rkicdoItD5f1QGjn
James Vincent McMorrow,We Move,Lost Angles - Alternate,spotify:track:4yXxmtHyETYrSV1KOQvcin
James Vincent McMorrow,We Move,"One Thousand Times - Venice Beach, April 2015",spotify:track:5OnDi5LRsEqDXtG1myE9Jg
James Vincent McMorrow,We Move,"Rising Water - Venice Beach, April 2015",spotify:track:0FOnte5NwJXUCqtTBAuy8c
James Vincent McMorrow,We Move,"Seek Another - Dublin, September 2015",spotify:track:65lJoI0mFf5P9XEEGeyvRp
James Vincent McMorrow,We Move,"Surreal - Barcelona, February 2015",spotify:track:1pCUYwgmVmVlWhLFjedgOt
Jamie Isaac,Loose Grip Mixtape,All My Days - Edgar The Beatmaker Remix,spotify:track:0gYUVMqrFfHavOBOoHpHvI
Jamie xx,In Colour,Girl,spotify:track:3esjTrpXxTrJkCVjrQpcDB
Jamie xx,In Colour,Gosh,spotify:track:5wN0Qf0iHLcWbCugUtQLNp
Jamie xx,In Colour,Hold Tight,spotify:track:7MYulTjMF1SFGFGwnr5vwT
Jamie xx,In Colour,I Know There's Gonna Be (Good Times),spotify:track:6393Du1axGG1NvAMq0OcfU
Jamie xx,In Colour,Just Saying,spotify:track:6wYROkv6ZrZJiS8utsY8P6
Jamie xx,In Colour,Loud Places,spotify:track:0Sl8C9oeS3b5Kv9bSvTPDr
Jamie xx,In Colour,Obvs,spotify:track:50Dfp4PZQqvXLlniASKpTY
Jamie xx,In Colour,SeeSaw,spotify:track:1nXRacxi1isUvleBB6Jgx7
Jamie xx,In Colour,Sleep Sound,spotify:track:515ka3A61zIelXCIRdfFIe
Jamie xx,In Colour,Stranger In A Room,spotify:track:5wIXla4rVSXjK4bpi6ZwnH
Jamie xx,In Colour,The Rest Is Noise,spotify:track:7JjzVELpOxqsKP4jNcZXlA
Jamie xx,KILL DEM,KILL DEM,spotify:track:5CE0k1VmTXgCtaa5L288LP
Jamie xx,Treat Each Other Right,Treat Each Other Right,spotify:track:52GJf3163rfoCtjOvCe85K
Javier Santiago,ReBirth - EP,Ancestor's Blues,spotify:track:1ThFoMvpFdybIqmjNOOqAE
Jay Prince,Beautiful Mercy,Afrophunk,spotify:track:4DzGSq4hqM3JRXZNdF6cSv
Jay Prince,Beautiful Mercy,Bump That,spotify:track:0FtlKygrbgIl7o9o14kavX
Jay Prince,Beautiful Mercy,Fountains/Youth,spotify:track:7b1cHtkQJdYDZvUszznM5H
Jay Prince,Beautiful Mercy,Freedom,spotify:track:4b368PxPn71xLVgdR5nXRs
Jay Prince,Beautiful Mercy,Good Right Now,spotify:track:0k7ud7oAjUZtGVTfqlBaUT
Jay Prince,Beautiful Mercy,Juice,spotify:track:3Zk95lhXUyxyqCY4AELYno
Jay Prince,Beautiful Mercy,Monologue,spotify:track:7hFxZsdnQzP8yzgP0Z6203
Jay Prince,Beautiful Mercy,Promises,spotify:track:5kb4i5b4EfHv16nTyOJ8rS
Jay Prince,black & gold,black & gold,spotify:track:5IPHTe3gNyJNJGukYwDamD
Jay Prince,Late Summers,Anthem,spotify:track:0NgaqZLbZReSnitFoF3wF6
Jay Prince,Late Summers,Head Right,spotify:track:2OjcRECqk95Ghk6OHmyO5C
Jay Prince,Late Summers,I Believe in You,spotify:track:0JBi8HoBEDXNgcMacf4k6d
Jay Prince,Late Summers,Last Summer,spotify:track:0YTqRQdMSdRGE75oQ8TMra
Jay Prince,Late Summers,Late Nights - Skit,spotify:track:5qwQA2epm2UWU2lcWDoq1a
Jay Prince,Late Summers,Mandem,spotify:track:0ZS1FcKl78yamMT6VHn7WD
Jay Prince,Late Summers,My Side,spotify:track:6o55OvzOSndGHqgFFtWcMX
Jay Prince,Late Summers,Peace of Mind,spotify:track:6YJrkQe37wOlTwbLtv2cGo
Jay Prince,Late Summers,Vice,spotify:track:6n4g9rQE65ZgPQo32mWixM
Jay Prince,Late Summers,Waste No Time,spotify:track:3rYsp4u7zVgyWxb098N8Bb
Jay Prince,Late Summers,When I Die,spotify:track:3FC7HxJtwpqhn3alPfqrjW
Jay Prince,Smile Good,All In,spotify:track:0R12GQVU6fmV9ibEvQyxyX
Jay Prince,Smile Good,Episodes,spotify:track:5VMzvdEhW8QlXRKfvn38Ye
Jay Prince,Smile Good,"Father, Father",spotify:track:5mSJgLW43dmFEMK50ECr0S
Jay Prince,Smile Good,Go East,spotify:track:4culHtQRLg5h9ZuLayEQJZ
Jay Prince,Smile Good,Smile Good,spotify:track:40HcHTVftdAUpzyL7dGKZS
Jay Prince,Smile Good,Squad,spotify:track:3VvjwQFgJCLdwgwwDgMKb4
Jay Prince,Smile Good,The Beginning,spotify:track:6O9kpORKWIvwhmpbGkRTwD
Jay Prince,Smile Good,Where You Belong,spotify:track:1ohXrU5DLEfUlfo4tIYbqJ
Jay Prince,THE WORD,THE WORD,spotify:track:3bZfWhrnAc3yqe7Ec1tTSI
Jay Prince,WONDER,BEAMLIGHT,spotify:track:4jSgjJTCvqeYGMZCrdqZpE
Jay Prince,WONDER,BLESSED NOW,spotify:track:51ZD7quSCBdlmDJaYeqVtU
Jay Prince,WONDER,CLOSER,spotify:track:3y4cJ86vNtul1U9Ms1l7k2
Jay Prince,WONDER,FLOW,spotify:track:1W8IH1nhF7CQgDSCjHPZ6W
Jay Prince,WONDER,LUV ME,spotify:track:2jchUbTSsBVUqANuW11S3G
Jay Prince,WONDER,RUN IT DOWN,spotify:track:5lcRPz56p4uCvT24DOQUG6
Jay Prince,WONDER,WONDER,spotify:track:730I1akJZg0ryqwH9v8a9f
Jayda G,Diva Bitch,Diva Bitch,spotify:track:0BWLiRGXHNhlTmKGgHLrKl
Jayda G,Diva Bitch,Diva Bitch - Acapella Version,spotify:track:5QRmmJuiLR3tkSqVbrg2eh
Jayda G,Diva Bitch,Diva Bitch - Jayda G Get Down On Ur Knees Mix,spotify:track:4Rh890XoR5pi6Gzdc9vfr8
Jayda G,Significant Changes,Conclusion,spotify:track:597lyhBWvFDUBY469LjFHP
Jayda G,Significant Changes,Leave Room 2 Breathe,spotify:track:7IhhvHjiB1SyvbYYjAPEES
Jayda G,Significant Changes,Leave Room 2 Breathe - Edit,spotify:track:5FAYzxM53RDdvkYt6X146D
Jayda G,Significant Changes,Missy Knows What’s Up,spotify:track:1Xk5Lbo9wwGh3Y6dKrRNNN
Jayda G,Significant Changes,Move to the Front (Disco Mix),spotify:track:1rob3g0yuqyq3k9PvBI5cw
Jayda G,Significant Changes,Move to the Front (Disco Mix) - Edit,spotify:track:4KOtfd4d0yEhdXkO5j1qcj
Jayda G,Significant Changes,Orca’s Reprise,spotify:track:1Os5wHJzWtsQ7eCCmmdaiq
Jayda G,Significant Changes,Renewal (Hyla Mix),spotify:track:6NtpKBGbKnN3IHM8uhQeTw
Jayda G,Significant Changes,Stanley’s Get Down (No Parking on the DF),spotify:track:14tBB2uowVk8RLizFOGbfE
Jayda G,Significant Changes,Stanley’s Get Down (No Parking on the DF) - Edit,spotify:track:1H3N3ZVcYQDqiVJsnDsMjl
Jayda G,Significant Changes,Sunshine in the Valley,spotify:track:7IrWgtdgLrutQB3teHO04N
Jayda G,Significant Changes,Unifying the Center (Abstract),spotify:track:7z5y5d1kjw4n0WQYvDGzlN
Jazz Liberatorz,Clin D'oeil,"Ease My Mind - Feat. Tre Hardson, Fat Lip & Omni",spotify:track:0FMMLKHb74VB0H5u2fP6xo
Jazzbois,Phatt Fruity,Phatt Fruity,spotify:track:45iVTZOBEKetH4EUUxPbvt
Jazzinuf,Harlem Barber Swing 2,Mental Acupuncture,spotify:track:2Cpw9KXDlq4jKGMhL3hmkL
Jelani Blackman,The Heart of It,Rise,spotify:track:391rvUvcdmToZZeg59EnZU
Jembaa Groove,Sweet My Ear,Sweet My Ear,spotify:track:6wqtw6F376QgzqhYeRXwB1
Jerry Paper,Like a Baby,A Moment,spotify:track:5rKhuducLcAyWFExLWkp9W
Jerry Paper,Like a Baby,Baby,spotify:track:4NC16NcteoCBHPFamwxMQW
Jerry Paper,Like a Baby,Commercial Break,spotify:track:5xMgsytzRj7FkOWMJz4spY
Jerry Paper,Like a Baby,Did I Buy It?,spotify:track:27ZkhWhpj17Kp84AO2kWUN
Jerry Paper,Like a Baby,Everything Borrowed,spotify:track:45FZDsW4qKgHjGleog9QA2
Jerry Paper,Like a Baby,Grey Area,spotify:track:49AMLccwPmyVEIgtGDFuCO
Jerry Paper,Like a Baby,Huge Laughs,spotify:track:4CRCl9Opr3vePg1kUgK5x9
Jerry Paper,Like a Baby,Losing the Game,spotify:track:5o2cQPxMhPfIhlJ98mC1dr
Jerry Paper,Like a Baby,More Bad News,spotify:track:3vCYt96MJC850fyBjkZSEe
Jerry Paper,Like a Baby,My God,spotify:track:7g6Aklt0F0HkzK69Hnj6z6
Jerry Paper,Like a Baby,Something’s Not Right,spotify:track:6BfHy0bZl7Q6Q1TIbwMMtQ
Jerry Paper,Like a Baby,You,spotify:track:7LVFQ3SASfu6VfpmhwWYnF
Jerry Paper,Like a Baby,Your Cocoon,spotify:track:4QZr9oL680DzO35mhFbKfM
Jespfur,Condition,Condition,spotify:track:6QmQkPEemgfTtX1pjgF0id
Jesse James Solomon,Didn't Pass (feat. Maya),Didn't Pass (feat. Maya),spotify:track:0sd1m3bONGAQwYZlCDKyLq
jev.,the color grey.,where's the confetti?,spotify:track:3VL3aSOA8O3b5iOVBkD9iD
Jianbo,Mongkok Madness,Mongkok Madness,spotify:track:7tBartxTvbSExLN7TK8GEB
JID,The Forever Story,Surround Sound (feat. 21 Savage & Baby Tate),spotify:track:1udwFobQ1JoOdWPQrp2b6u
JIIN,Timetable Vol. 2,Twin Fang,spotify:track:0Cbs9TYJ4fQzkJ52v8OLK4
Jim Legxacy,aggressive,aggressive,spotify:track:0L7CLr2avMQXAwA3uTqJp3
Jitwam,DJ-Kicks (Moodymann),Keepyourbusinesstoyourself - Mixed,spotify:track:3q5zJiLayxhgIF1ZKmKjMn
Jitwam,Honeycomb,Temptations,spotify:track:4ld6BqgQbwXy85ZtdXA05R
Jocelyn Brown,Somebody Else's Guy,Ain't Not Mountain High Enough,spotify:track:5qEbfhskswX3CYhmivUgTW
Jocelyn Brown,Somebody Else's Guy,Hot Blood,spotify:track:1B8eQCfN7GFXzD5egHwSBD
Jocelyn Brown,Somebody Else's Guy,Hot Natured Woman,spotify:track:1ENx6hlvtSoC8YdgWPJRp1
Jocelyn Brown,Somebody Else's Guy,I Wish You Would,spotify:track:2hxqRqVyC2S7NM5zWkAGLL
Jocelyn Brown,Somebody Else's Guy,I'm Caught Up - In a One Night Love Affair,spotify:track:0mHKC9kUb98tkEBiA4vphp
Jocelyn Brown,Somebody Else's Guy,I'm Somebody Else's Guy - Rap Version,spotify:track:0QbODTZHmB448lNFlYGfHi
Jocelyn Brown,Somebody Else's Guy,Picking Up Promises - Remix,spotify:track:2xEKyhV0EbEqkadvLEHXpT
Jocelyn Brown,Somebody Else's Guy,Somebody Else's Guy - 7 Inch Version,spotify:track:5DVkbtOItWG8VnOHKerc8m
Jocelyn Brown,Somebody Else's Guy,Somebody Else's Guy - M&M Dub,spotify:track:3GuXZUEruHCLARfkJvxu8p
Jocelyn Brown,Somebody Else's Guy,Somebody Else's Guy - M&M Remix,spotify:track:5OeF7B2yWUElzXMI9lpuCe
Jocelyn Brown,Somebody Else's Guy,Somebody Else's Guy - Original,spotify:track:4wzZqzOKWhQkv9vTLHS4HP
Jocelyn Brown,Somebody Else's Guy,You Got Me,spotify:track:7IKSATUy7OLh0kyYVFLtDu
Joe Armon-Jones,We out Here,Go See,spotify:track:2pEnskEg3WhKoqkhCFhs8Y
Joe Beard,Enjoy The Ride,Enjoy The Ride,spotify:track:2qZ5oUQT4de3NOi0r2CoIO
Joe Goddard,Kinetic,Ace,spotify:track:3UKQ5hpIM4nWnV2vzhOwPd
Joe Goddard,Taking Over,Taking Over,spotify:track:1nvBoPz0o0Y5WYT5aaoSKZ
Joeski,DJ-Kicks (Moodymann),How Do I Go On (Moodymann Edit) - Mixed,spotify:track:4r5z8pzFndIi0pXzrVDbuy
Joey Bada$$,1999,Daily Routine,spotify:track:7fMG4HNSKzBFKthjmeW8LU
Joey Bada$$,1999,Don't Front,spotify:track:24TUPoKOVqKT1hZHV63FUV
Joey Bada$$,1999,FromdaTomb$,spotify:track:18Y3zi59zjRVUEjUhdApSX
Joey Bada$$,1999,Funky Ho'$,spotify:track:1rZvU5sb2E8LuJTAqEdAiw
Joey Bada$$,1999,Hardknock,spotify:track:3QbsrWxq3JyNov94VzbNdB
Joey Bada$$,1999,Killuminati,spotify:track:2PxwwqB4f9x72jbw6AgR1s
Joey Bada$$,1999,Pennyroyal,spotify:track:2miKV8OiAhmZPjhCzgRnvw
Joey Bada$$,1999,Righteous Minds,spotify:track:7dFGkZbmm6cVlI28bfMaWE
Joey Bada$$,1999,Snakes,spotify:track:3dkLUA4zs07CnhchRuRV6J
Joey Bada$$,1999,Summer Knights,spotify:track:2NDXdxZjbm5EbbEEDSKXQV
Joey Bada$$,1999,Survival Tactics,spotify:track:4pNT8XTKWb2vhcsqwzdXCT
Joey Bada$$,1999,Third Eye Sh*t,spotify:track:046k0tkM8kI1D1UbmSsIsW
Joey Bada$$,1999,Waves,spotify:track:3AM2ihc5RFzbC47eCpTg2I
Joey Bada$$,1999,Where It'$ At?,spotify:track:4rkfCWtPe63QU1HXsVTcpc
Joey Bada$$,1999,World Domination,spotify:track:1W4qc7UnAuRmT93W8Ad1t1
Joey Bada$$,B4.DA.$$,Belly of the Beast (feat. Chronixx),spotify:track:7lGRaop0gCoVMeY9fSZIkR
Joey Bada$$,B4.DA.$$,Big Dusty,spotify:track:12Gtheom5qK2Hjo1qTCNkx
Joey Bada$$,B4.DA.$$,Black Beetles,spotify:track:7gZC4WIaFSGg38tvKD2jlA
Joey Bada$$,B4.DA.$$,Christ Conscious,spotify:track:2w9Qq5cflc8Z6BraiDCyes
Joey Bada$$,B4.DA.$$,Curry Chicken,spotify:track:4v3MF3UyP6ZilmkDDhWmS9
Joey Bada$$,B4.DA.$$,Escape 120 (feat. Raury),spotify:track:28j9YL5SeBl2EXFU1G1WEn
Joey Bada$$,B4.DA.$$,Greenbax (Introlude),spotify:track:0wmY92RjMZNGu54vEUmcUT
Joey Bada$$,B4.DA.$$,Hazeus View,spotify:track:5wrM3MbU9xNuSZGbmRm9B7
Joey Bada$$,B4.DA.$$,Like Me (feat. BJ The Chicago Kid),spotify:track:7c5EpKbPpL86QVaP8yla8e
Joey Bada$$,B4.DA.$$,No. 99,spotify:track:1Ora7FZJR5xWId7upB1dlo
Joey Bada$$,B4.DA.$$,O.C.B.,spotify:track:14MrWN36U9DSjKo7pOCQiN
Joey Bada$$,B4.DA.$$,On & On (feat. Maverick Sabre & Dyemond Lewis),spotify:track:3nndHObJ5j5wpSKhTVODDG
Joey Bada$$,B4.DA.$$,Paper Trail$,spotify:track:5jNrszQHRIVKmS9Ptb63pe
Joey Bada$$,B4.DA.$$,Piece of Mind,spotify:track:79eDnbSBUXoSaoRPqUhTur
Joey Bada$$,B4.DA.$$,Run Up On Ya (feat. Action Bronson & Elle Varner) (Bonus),spotify:track:3eJKAy9ZJaZLGS8EJlihXy
Joey Bada$$,B4.DA.$$,Save The Children,spotify:track:7gvJadQt9vhgVHG7O1L2sc
Joey Bada$$,B4.DA.$$,Teach Me (feat. Kiesza),spotify:track:2qMjIHWyYgnEtcmoZc3R0u
John Beltran,fabric presents Bonobo,Collage Of Dreams - Mixed,spotify:track:6BqPBqZJlljJ4k9UjSKuUA
John Glacier,Ocean Steppin',Ocean Steppin',spotify:track:1MlGcV91pwGj59IVAhuFT7
John Talabot,Studio Barnhus Volym 1,The Change,spotify:track:0velg2jq09GEQNCoBweu4d
Johnnie Taylor,The Spirit Of Memphis (1962-1976),I Had A Dream,spotify:track:19esTUQ50tYXTGRe7pj2OC
Johnnie Taylor,The Spirit Of Memphis (1962-1976),Little Bluebird,spotify:track:6fktvTjwnXxNMMmiCSfgnP
Jon Sable,Alishan Forest Railway / Housework,Alishan Forest Railway,spotify:track:1QDKKBgqrmeVEa7nWaa0Ow
Jon Sable,Alishan Forest Railway / Housework,Housework,spotify:track:5ovtRPwMmmE5iKTkgI60Bw
Jon Sable,False Awakening / Scumbag Unity,Scumbag Unity,spotify:track:2K54lPKp7OBPl1g0hzDGI5
jonatan leandoer96,Nectar,Porcelain,spotify:track:74wiWG6BxY3tsuReALBdj5
Jordan Rakei,Cloak,Blame It on the Youth,spotify:track:3NVcI3kXA3G8eht6x4Q9sP
Jordan Rakei,Cloak,Cupid's Cheese,spotify:track:49yL2YJwSjvUxfCaONxYAP
Jordan Rakei,Cloak,Lost Myself,spotify:track:2k7Dcx8v4169mDdwseqgTs
Jordan Rakei,Cloak,Midnight Mischief,spotify:track:6Ej4cQotdCJ5Gt9xKkPd1X
Jordan Rakei,Cloak,Rooftop,spotify:track:68Xy3N333FChK0Va2bNRoi
Jordan Rakei,Cloak,Snitch,spotify:track:5gJGOikGhvbDtpCME5g8sJ
Jordan Rakei,Cloak,Still (Interlude),spotify:track:56mjAvldUW30Oge7yOsnYw
Jordan Rakei,Cloak,Sworn Enemy,spotify:track:4E749kaeXwVbCXNznMxKWY
Jordan Rakei,Cloak,Talk to Me,spotify:track:1nec6MrKtsek4K8UG16rhZ
Jordan Rakei,Cloak,Tawo,spotify:track:5OdrKJXwUSD1ay11mepuBN
Jordan Rakei,Cloak,The Light,spotify:track:0IpgxzywcGISOi5Dr2zMUX
Jordan Rakei,Cloak,Theta State,spotify:track:4t0bIzLvycDQeG5KPr50hK
Jordan Rakei,Cloak,Toko,spotify:track:1iaBzc21JDM2gGtp5d4KxF
Jordan Rakei,Say Something,Mind’s Eye,spotify:track:3JyPo7G1EDKkZIPE0hnpOf
Jordan Rakei,Say Something,Say Something,spotify:track:4nSO7iKiwPj4wJjylLCu0s
Jordan Rakei,Wallflower,Carnation,spotify:track:1tXNJbzbFdO2nWbeGEfBWQ
Jordan Rakei,Wallflower,Chemical Coincidence,spotify:track:0PPKeoCD9XmMXEEX1vdKT2
Jordan Rakei,Wallflower,Clues Blues,spotify:track:6o2KbHlxD74SFsvgbxxir7
Jordan Rakei,Wallflower,Eye To Eye,spotify:track:0wyfkLf5NLDaT9IWo6FerA
Jordan Rakei,Wallflower,Goodbyes,spotify:track:76aKUNLT9a9Qc0dknw0Ta4
Jordan Rakei,Wallflower,Hiding Place,spotify:track:0CKzjK51YsIhBsD8NMFyvV
Jordan Rakei,Wallflower,Lucid,spotify:track:3IyCwi9Uj4dcwr3IWT83sV
Jordan Rakei,Wallflower,May,spotify:track:6FoG43KHz793Jap8QPGfVf
Jordan Rakei,Wallflower,Nerve,spotify:track:1ILjlFp11FmsyHMqwoUH3h
Jordan Rakei,Wallflower,Sorceress,spotify:track:03yib980AUBlXsJ8JJz54l
Jordan Rakei,Wallflower,Wallflower,spotify:track:61zHuNYHKuacqF58g5aTrh
Jorja Smith,Lost & Found,Blue Lights,spotify:track:1It1TxBK3xIQAB4xJkPevn
Jorja Smith,Lost & Found,Don't Watch Me Cry,spotify:track:202lm9YX5WmAac83tOGlVn
Jorja Smith,Lost & Found,February 3rd,spotify:track:3c5gLGgwRrE7sQYSNHCXEj
Jorja Smith,Lost & Found,Goodbyes,spotify:track:4CYBfRX3oEPni9Elqm8Bnt
Jorja Smith,Lost & Found,Lifeboats (Freestyle),spotify:track:02DylNP4HxYaYMbqM4dGHr
Jorja Smith,Lost & Found,Lost & Found,spotify:track:6jaLFu5HvfNrI1JmcM4eXu
Jorja Smith,Lost & Found,On Your Own,spotify:track:6LP5qQvZAvR6PNZqysxmhS
Jorja Smith,Lost & Found,Teenage Fantasy,spotify:track:0fIFjeeLJjIBliWUCsxyMF
Jorja Smith,Lost & Found,The One,spotify:track:1Ahp4PZ1vzdbzBCedUrsqI
Jorja Smith,Lost & Found,Tomorrow,spotify:track:14qLa09blyCJdkRJRQ8lpV
Jorja Smith,Lost & Found,Wandering Romance,spotify:track:3ljkahwsdk97GG9g73l6w3
Jorja Smith,Lost & Found,Where Did I Go?,spotify:track:79OKfIXCPbNhZa3h1ZREag
José González,DJ-Kicks (Moodymann),Remain - Mixed,spotify:track:2vfZLxYN2wwaq04E7KlLDX
José González,In Our Nature,Abram,spotify:track:4vdT5KNJ0ObTFh9ti7tPQ8
José González,In Our Nature,Cycling Trivialities,spotify:track:618rtDxtcmKIv4Yh2EVBUB
José González,In Our Nature,Down the Line,spotify:track:4Va9CPqYeBvKmxLYse2kXK
José González,In Our Nature,Fold,spotify:track:3g39AfEfzVQscNyuCkZfAw
José González,In Our Nature,How Low,spotify:track:3YgOdQ2fCVSNeTHGQ8eF91
José González,In Our Nature,In Our Nature,spotify:track:4nyxtJkyKPP2yFMQCPOdm0
José González,In Our Nature,Killing for Love,spotify:track:3RxKbMWhKhynpy9BBxnns8
José González,In Our Nature,Teardrop,spotify:track:3I1vR204axOX2250ie1gt3
José González,In Our Nature,The Nest,spotify:track:2Em7yDjegpCiwduHmY7q7m
José González,In Our Nature,Time to Send Someone Away,spotify:track:6EMSC7LW4B5SKCnVhHje5n
José González,In Our Nature,You're an Animal,spotify:track:1YInAM20BmRF4VUabE2A52
José González,Veneer,All You Deliver,spotify:track:4MGE9TUT7mbNMOQBKm5llf
José González,Veneer,Broken Arrows,spotify:track:7rSGw6Dhbdhh4xIdQk6fAS
José González,Veneer,Crosses,spotify:track:2bdh8ALxBeuvpnuoh37BDn
José González,Veneer,Deadweight on Velveteen,spotify:track:0Q94h6DmI07s1T0ESk409R
José González,Veneer,Heartbeats,spotify:track:11X4Gw3T4hoktVruLgTnm1
José González,Veneer,Hints,spotify:track:7a21OcCqJEXc5j9F2jtTQz
José González,Veneer,Lovestain,spotify:track:0iqp8jTppmV9ZeHW7lYU5z
José González,Veneer,Remain,spotify:track:44mYlTwWlk0k1xOOmFpXdr
José González,Veneer,Save Your Day,spotify:track:1ahOyGs60PWSSISo1m0vcC
José González,Veneer,Slow Moves,spotify:track:1MaRKJqqev4YIXo9T80RjI
José González,Veneer,Stay in the Shade,spotify:track:28mLJ8p2NSa8qJIbVrniEx
José James,ザ・ドリーマー,Park Bench People - 2018 Mix,spotify:track:7JERqUr0pkYwZcssFQv1jS
Jourden,Flow,Flow,spotify:track:0YVAbRnpG4mVxxwob9DdS8
Joy Orbison,"flex fm (freddit) feat. Future, Lil Yachty, Playboi Carti","flex fm (freddit) feat. Future, Lil Yachty, Playboi Carti",spotify:track:7qpZh0yIXeZzXZk3mE6Fj9
JPL,Say What You Want,Say What You Want,spotify:track:5a2R9CDcaXhISVftmRUZCo
Juan Rios,Marula,Marula,spotify:track:44A0p2vQz10VCPcGw8iUQp
Judy Clay,The Spirit Of Memphis (1962-1976),You Can't Run Away From Your Heart,spotify:track:19naf3JVStta1BRFQwGzlE
JuJu Rogers,Lost in Translation,Artist's Duty - Interlude,spotify:track:5TY7y53CGMEEYQXOeayZqk
JuJu Rogers,Lost in Translation,Black Thoughts,spotify:track:2b91D0tgVyl0g0WmzkEg1i
JuJu Rogers,Lost in Translation,Get Lost,spotify:track:6Bx4JNMJaAljZ8pMgpvdc9
JuJu Rogers,Lost in Translation,Outro,spotify:track:14cFxzkR6pCyFS9PHgEyAX
JuJu Rogers,Lost in Translation,Psalm 137,spotify:track:547GMLoeZHSgOqqtm4l6Fm
JuJu Rogers,Lost in Translation,Real - Interlude,spotify:track:5YY7EZCCua9BpkaTUXVsml
JuJu Rogers,Lost in Translation,Revobluetion - Interlude,spotify:track:6XAIGeHDb2qpfaZfMAUkal
JuJu Rogers,Lost in Translation,Right On!,spotify:track:4bKVulGXAE3tIVLhGi5M7Y
JuJu Rogers,Lost in Translation,Unite - Interlude,spotify:track:4siL5WS0n1WvTOmPc6BTpQ
JuJu Rogers,Lost in Translation,Waitin',spotify:track:3Pgyqioeea3KviBL9h4qJZ
Julien Dyne,DJ-Kicks (Moodymann),Stained Glass Fresh Frozen - Mixed,spotify:track:1S1Os6itbCHqYfqhW2dCOP
Jungle,All Back To: Jungle,Come Back a Different Day,spotify:track:0zpSs2LJUECk6PZlDUJNKj
Jungle,Come Back a Different Day (Back to Mine Exclusive),Come Back a Different Day (Back to Mine Exclusive),spotify:track:1hZdkhA3IDw1NCfQv0jP7E
Jungle,For Ever,(More and More) It Ain't Easy,spotify:track:3e4IZ4YHeAQghxGxvelkQa
Jungle,For Ever,Beat 54 (All Good Now),spotify:track:6qX4gWRXTRPIrEfNuNaYye
Jungle,For Ever,Casio,spotify:track:33wUd3GgaRf2rux2aJ71yb
Jungle,For Ever,Cherry,spotify:track:0Y30sCKxtNQ2MRpl00aA03
Jungle,For Ever,Cosurmyne,spotify:track:53pn1xUK40ZuqqiUGEd2ak
Jungle,For Ever,Give Over,spotify:track:6D1Yl6NEp9SSGWKBCFTlZX
Jungle,For Ever,Happy Man,spotify:track:5nF6drlQTtXc5iThQoyONB
Jungle,For Ever,"Heavy, California",spotify:track:0Gpq0lllEPZf98gVo9C4uS
Jungle,For Ever,Home,spotify:track:5cV6XZ4GspMzVFEgRdv5wa
Jungle,For Ever,House In LA,spotify:track:28RgNB3KlLcjGrWSxLGutK
Jungle,For Ever,Mama Oh No,spotify:track:1DeTFlWJxBIuzX6xgAkHsW
Jungle,For Ever,Pray,spotify:track:1MJUvkDWM7bdgah1kT3BsL
Jungle,For Ever,Smile,spotify:track:2Y6yBb2KctOmsxRSS8ZaKY
Jungle,Jungle,Accelerate,spotify:track:3MXCT4ZkB9ERTSiC9nXFSc
Jungle,Jungle,Busy Earnin',spotify:track:3g86N0SqyfxEVNMHlmW3RE
Jungle,Jungle,Crumbler,spotify:track:5bdRDVqU4k8k2VrkwCKKQQ
Jungle,Jungle,Drops,spotify:track:6FvjAQqC2L0B3TTANybitI
Jungle,Jungle,Julia,spotify:track:43A8FeaAetF2Imc28DX29I
Jungle,Jungle,Lemonade Lake,spotify:track:4AvmSuHmHLgQaovHWX9vhm
Jungle,Jungle,Lucky I Got What I Want,spotify:track:4XzacjJ1X1EwBEOD7JYgnR
Jungle,Jungle,Platoon,spotify:track:6Pu1G8OV5m38PkLQHyZfPp
Jungle,Jungle,Smoking Pixels,spotify:track:6I2y5r09DYjvCwtXtnbZAi
Jungle,Jungle,Son Of A Gun,spotify:track:4WAaV7ifIcrHf2SS8jnb6H
Jungle,Jungle,The Heat,spotify:track:49sqQIS868rKIy5NBUmJV6
Jungle,Jungle,Time,spotify:track:3kwRiuw2oJoArGs3EusCgn
Jungle,Keep Moving,Keep Moving,spotify:track:6a88fc0zSrVWGPdoj445nJ
JVCK JAMES,Easier Done Than Said,Easier Done Than Said,spotify:track:78H6YBy5lm1P2suxSAzVdo
JXMESC,tragic (FREESTYLE),tragic (FREESTYLE),spotify:track:0KDvG8EXIFXKkyxHCsrflD
"K, Le Maestro",Solitude,Solitude,spotify:track:4QIDL4Ov5cKWzG5Kg6Es7x
K.O,SR3,SETE (feat. Young Stunna & Blxckie),spotify:track:65NAMIdsZkxYIM5ui8SJSw
K.O.G,Wahala Wahala,Suro Nipa,spotify:track:42eaD83n4asr182640omwf
K15,Sunbeams,Starburst 3,spotify:track:6ajyF4ab0GU7z4ILcYA8nz
K15,Sunbeams,Sunbeams,spotify:track:5VVmf8QAyyyi6nOkgtyzZb
K15,Vol. 1,Elemental,spotify:track:6ILywxCHLEbQ0JQnTyO5xA
Kaitlyn Aurelia Smith,Late Night Tales: Floating Points,Milk,spotify:track:7zr1F3z3vFmSbGQWTIXkDe
Kamaal Williams,Catch The Loop,Catch The Loop,spotify:track:1lIckItq70LOQg1CkjDEpl
Kamaal Williams,New Heights / Snitches Brew,New Heights (Visions of Aisha Malik),spotify:track:0vWoIn9f3BKKPEmAXNRANl
Kamaal Williams,New Heights / Snitches Brew,Snitches Brew,spotify:track:0L1AMzSZetkz4R2MUkPBLq
Kamaal Williams,The Return,Aisha,spotify:track:6F9ecXqWrWptPZNT221U4Z
Kamaal Williams,The Return,Broken Theme,spotify:track:5DxHEJ8Ta0IjMZMcMEYCrt
Kamaal Williams,The Return,Catch The Loop,spotify:track:5AHg50evm5oYbgxtAHsO0H
Kamaal Williams,The Return,High Roller,spotify:track:5zXxELtISH6ze35T1aB5oW
Kamaal Williams,The Return,LDN Shuffle,spotify:track:7HoKfAAxdVAeGPReCZr2dP
Kamaal Williams,The Return,Medina,spotify:track:0Q5lsXhvSLoM9VLGcDOisj
Kamaal Williams,The Return,Rhythm Commission,spotify:track:22B0gwr9OEZS545qmWsgMB
Kamaal Williams,The Return,Salaam,spotify:track:0mI2vMKTGm4MsE8n4uF955
Kamaal Williams,The Return,Situations - Live In Milan,spotify:track:1rYQDu4u6F5b35eKCYc8jJ
Kamaal Williams,The Return,The Return,spotify:track:1k4ppRZy83AYn5HCICoTXT
Kamasi Washington,Harmony of Difference,Desire,spotify:track:7KkpZSHhQXcecsB0Hgu4Wd
Kamasi Washington,Harmony of Difference,Humility,spotify:track:6BOru56RwBcQli1OWeMb68
Kamasi Washington,Harmony of Difference,Integrity,spotify:track:5k46C7aYLCMI0YnoQdohZf
Kamasi Washington,Harmony of Difference,Knowledge,spotify:track:2m9qCOrGUqNfi5ssNXktKp
Kamasi Washington,Harmony of Difference,Perspective,spotify:track:1Z7SWFCCquZ8Ebo6x8N0VU
Kamasi Washington,Harmony of Difference,Truth,spotify:track:41AtPa0RB4WZxbMag1S5Ym
Kamasi Washington,Heaven and Earth,Can You Hear Him,spotify:track:1zIMxIAosKSowrLyHuRciK
Kamasi Washington,Heaven and Earth,Connections,spotify:track:43DfJ4gdvAM5w36b3me5JO
Kamasi Washington,Heaven and Earth,Fists of Fury,spotify:track:3E8nzNloeto0X4PStdQwQA
Kamasi Washington,Heaven and Earth,Hub-Tones,spotify:track:5Nora499oDSATImRP0lcKh
Kamasi Washington,Heaven and Earth,Journey,spotify:track:0kQHWRAuciJKIux3tHD7le
Kamasi Washington,Heaven and Earth,One of One,spotify:track:6w5RjoJjYEowLaeQPgWLXK
Kamasi Washington,Heaven and Earth,Show Us The Way,spotify:track:66KyLzt7TYvn7exqsRNcAd
Kamasi Washington,Heaven and Earth,Song For The Fallen,spotify:track:314PxfcnRqgcsgP6pa4Ulb
Kamasi Washington,Heaven and Earth,Street Fighter Mas,spotify:track:3ZEyqdjBJDdPUG24U4Y3il
Kamasi Washington,Heaven and Earth,Testify,spotify:track:6B4RkU3UocMXQXphiyquyW
Kamasi Washington,Heaven and Earth,The Invincible Youth,spotify:track:3XrQ8CfchLRCGF7OPyTO4F
Kamasi Washington,Heaven and Earth,The Psalmnist,spotify:track:7Be9fXbjMpiXnvZYowkt3d
Kamasi Washington,Heaven and Earth,The Space Travelers Lullaby,spotify:track:6LQo8qmCxZGAPFRGskz1t3
Kamasi Washington,Heaven and Earth,Tiffakonkae,spotify:track:1sD1sWIBodQF4W4d0vxY8c
Kamasi Washington,Heaven and Earth,Vi Lua Vi Sol,spotify:track:2CXPFR5RwI4Ao4g1u1RCYW
Kamasi Washington,Heaven and Earth,Will You Sing,spotify:track:5nHdI5VJOQZkUQ1XGnJk6K
Kamasi Washington,The Epic,Askim,spotify:track:4NfKSsUxmT4rZxOLPSIGdY
Kamasi Washington,The Epic,Change of the Guard,spotify:track:4xw8UnKYxsiRFjigtQcVAL
Kamasi Washington,The Epic,Cherokee,spotify:track:6jXAdaU4wshOAHXCUVvkn3
Kamasi Washington,The Epic,Clair de Lune,spotify:track:273VxALm722DRN4PNujOF8
Kamasi Washington,The Epic,Final Thought,spotify:track:21q13WGjUTmzvroPyUJQdC
Kamasi Washington,The Epic,Henrietta Our Hero,spotify:track:6u7MfJPdKanbOe5fGRah5k
Kamasi Washington,The Epic,Isabelle,spotify:track:2BCwZVyey3fznTOobhHYUr
Kamasi Washington,The Epic,Leroy and Lanisha,spotify:track:60Cs98m3CyNZcfOQTQANTw
Kamasi Washington,The Epic,Malcolm’s Theme,spotify:track:7jKZSxBKle19NDbMOgWmm5
Kamasi Washington,The Epic,Miss Understanding,spotify:track:6dZojGTd9QNpAulk8WUoeW
Kamasi Washington,The Epic,Re Run,spotify:track:3s2ZEQikW0gd16Oi5gjmA1
Kamasi Washington,The Epic,Re Run Home,spotify:track:5bQeP1BkOL9elLUTMpOqMc
Kamasi Washington,The Epic,Seven Prayers,spotify:track:3tF5Uim2abJg6WAACDjjQK
Kamasi Washington,The Epic,The Magnificent 7,spotify:track:50YILQTsfHxipz8Xhc3si9
Kamasi Washington,The Epic,The Message,spotify:track:3R9Nj6ISP8DE0UKAxKfNkS
Kamasi Washington,The Epic,The Next Step,spotify:track:60wDXeM5LsZFTUNA3ECMd8
Kamasi Washington,The Epic,The Rhythm Changes,spotify:track:3t4DPlzLD3gRia6LjQhwSR
Kamasi Washington,Truth,Truth,spotify:track:6yV07yVfbB7Gb15o2MqG8q
Kara-Lis Coverdale,Late Night Tales: Floating Points,Moments In Love,spotify:track:2CxBaNFCjYVi0Iv2PpeZDG
KAYTRANADA,99.9%,BREAKDANCE LESSON N.1,spotify:track:3bcVlSWtjktTZAczUbfzlG
KAYTRANADA,99.9%,BULLETS,spotify:track:3Il1ess0dinvEagLM3dTzG
KAYTRANADA,99.9%,BUS RIDE,spotify:track:1ZTDfHyxJJVBSkFA9h6GRs
KAYTRANADA,99.9%,DESPITE THE WEATHER,spotify:track:5ytmV00jr7di9K0O10dkBO
KAYTRANADA,99.9%,DRIVE ME CRAZY,spotify:track:3my5W7QLojCSj3E33eehcP
KAYTRANADA,99.9%,GLOWED UP,spotify:track:33pDmPx2pkJ7JCAQpRDQ9B
KAYTRANADA,99.9%,GOT IT GOOD,spotify:track:2qUZliZ9NHUYIAZqRNe6pZ
KAYTRANADA,99.9%,LEAVE ME ALONE,spotify:track:4YcHuaXJb6dnGWkJzmCcwu
KAYTRANADA,99.9%,LITE SPOTS,spotify:track:5NjNYbL0eI1khtqmRRMd5W
KAYTRANADA,99.9%,ONE TOO MANY,spotify:track:3q7CL3dh2u23ZQEwixtAIi
KAYTRANADA,99.9%,TOGETHER,spotify:track:0EM0yABJzbFOvZQkfvuvCy
KAYTRANADA,99.9%,TRACK UNO,spotify:track:0HOq63A8H2BMIJzGFdWs79
KAYTRANADA,99.9%,VIVID DREAMS,spotify:track:0aocB2ukxn2Gy663wEEW3j
KAYTRANADA,99.9%,WEIGHT OFF,spotify:track:2vWxvpycD0ELvOJr6g4pQt
KAYTRANADA,99.9%,YOU'RE THE ONE,spotify:track:2b4SSorCTQ2VzmllaeWuuT
Kazam,0.1 & 0.2,swag on,spotify:track:6xfnlQNm4pS5NTpA9mJ4jO
Kendrick Lamar,DAMN.,BLOOD.,spotify:track:1n4jwRVXdkK2U34nBDUKKT
Kendrick Lamar,DAMN.,DNA.,spotify:track:6HZILIRieu8S0iqY8kIKhj
Kendrick Lamar,DAMN.,DUCKWORTH.,spotify:track:0y9uTzK9cNKSAEHnpeRG8C
Kendrick Lamar,DAMN.,ELEMENT.,spotify:track:1EaKU4dMbesXXd3BrLCtYG
Kendrick Lamar,DAMN.,FEAR.,spotify:track:23luOrEVHMfoX0AhfbQuS6
Kendrick Lamar,DAMN.,FEEL.,spotify:track:2LTlO3NuNVN70lp2ZbVswF
Kendrick Lamar,DAMN.,GOD.,spotify:track:5p3NP9mQblDsVJLdfNZJ3I
Kendrick Lamar,DAMN.,HUMBLE.,spotify:track:7KXjTSCq5nL1LoYtL7XAwS
Kendrick Lamar,DAMN.,LOVE. FEAT. ZACARI.,spotify:track:6PGoSes0D9eUDeeAafB2As
Kendrick Lamar,DAMN.,LOYALTY. FEAT. RIHANNA.,spotify:track:6SwRhMLwNqEi6alNPVG00n
Kendrick Lamar,DAMN.,LUST.,spotify:track:06FCvd7rrRcF3DdvWH5Isp
Kendrick Lamar,DAMN.,PRIDE.,spotify:track:6IZvVAP7VPPnsGX6bvgkqg
Kendrick Lamar,DAMN.,XXX. FEAT. U2.,spotify:track:4iYRa2btalAzPZoSYfROqF
Kendrick Lamar,DAMN.,YAH.,spotify:track:4BHSjbYylfOH5WAGusDyni
Kendrick Lamar,"good kid, m.A.A.d city",Backseat Freestyle,spotify:track:1BR5vhAlaoUiijQ28p6jlN
Kendrick Lamar,"good kid, m.A.A.d city","Bitch, Don’t Kill My Vibe",spotify:track:5h5tBFnbcVioFXiOixTn6E
Kendrick Lamar,"good kid, m.A.A.d city","Bitch, Don’t Kill My Vibe - International Remix / Explicit Version",spotify:track:1IjxCFAyR1ysajk10iHsKh
Kendrick Lamar,"good kid, m.A.A.d city","Bitch, Don’t Kill My Vibe - Remix",spotify:track:4wshBvO4qMrxJnPlfkeUWi
Kendrick Lamar,"good kid, m.A.A.d city",Black Boy Fly - Bonus Track,spotify:track:6P6HGbOoWUynE2U7yLwLnY
Kendrick Lamar,"good kid, m.A.A.d city",Compton,spotify:track:0O6cYePgIBlMQ0pAFate3q
Kendrick Lamar,"good kid, m.A.A.d city",good kid,spotify:track:0PKJxo97zXT8oAwl2zFnPh
Kendrick Lamar,"good kid, m.A.A.d city",m.A.A.d city,spotify:track:3qX1dqmDdmMvvfMVfsx4Bh
Kendrick Lamar,"good kid, m.A.A.d city",Money Trees,spotify:track:0UtnpKaReKUg2GquaSxCyD
Kendrick Lamar,"good kid, m.A.A.d city",Now Or Never - Bonus Track,spotify:track:0NfYAsKygCYwPA2BgTZ1qg
Kendrick Lamar,"good kid, m.A.A.d city",Poetic Justice,spotify:track:3MLOAIJNWWS8FQpvdaiKR7
Kendrick Lamar,"good kid, m.A.A.d city",Real,spotify:track:73eGiraiU7JkIsmFyQyJAv
Kendrick Lamar,"good kid, m.A.A.d city",Sherane a.k.a Master Splinter’s Daughter,spotify:track:5FF6Pyuh5jW6ybKHiaiGMy
Kendrick Lamar,"good kid, m.A.A.d city","Sing About Me, I'm Dying Of Thirst",spotify:track:1Z2FvDFZSDQ23s4BDqpWqZ
Kendrick Lamar,"good kid, m.A.A.d city",Swimming Pools (Drank) - Extended Version,spotify:track:40wUM3LFZOlUcZfxEIZrYK
Kendrick Lamar,"good kid, m.A.A.d city",The Art of Peer Pressure,spotify:track:4F8rYEoiBjPaRgQXLVtN5a
Kendrick Lamar,"good kid, m.A.A.d city",The Recipe - Bonus Track,spotify:track:5jHilrZDaP1vJMZfdN1He3
Kendrick Lamar,untitled unmastered.,untitled 01 | 08.19.2014.,spotify:track:6OkOFxU6j0UufR97VgSnS7
Kendrick Lamar,untitled unmastered.,untitled 02 | 06.23.2014.,spotify:track:3I0FBDc1c1BLNtXWKVjmFg
Kendrick Lamar,untitled unmastered.,untitled 03 | 05.28.2013.,spotify:track:2fgAJeky8Cpsr8Cfvn2NVp
Kendrick Lamar,untitled unmastered.,untitled 04 | 08.14.2014.,spotify:track:1U13SSgDOxK98L1FTWYrjQ
Kendrick Lamar,untitled unmastered.,untitled 05 | 09.21.2014.,spotify:track:3V8vWoCbKbfjNrPaQ4YtSg
Kendrick Lamar,untitled unmastered.,untitled 06 | 06.30.2014.,spotify:track:4M2t7bP4Mq87mGMn0PObUX
Kendrick Lamar,untitled unmastered.,untitled 07 | 2014 - 2016,spotify:track:40IQooNkPRVtn4zlE3ZFpA
Kendrick Lamar,untitled unmastered.,untitled 08 | 09.06.2014.,spotify:track:5bBUDJUfGcG7eFy3Bf4fXv
Kevin Abstract,ARIZONA BABY,American Problem,spotify:track:1bMD1NK0f9hFxqOf5bMz6i
Kevin Abstract,ARIZONA BABY,Baby Boy,spotify:track:5K7dEG6yDQ981HO7kFMVqm
Kevin Abstract,ARIZONA BABY,Big Wheels,spotify:track:7p3XAxYOxflnVHHrotNizM
Kevin Abstract,ARIZONA BABY,Boyer,spotify:track:3AOVDqNiX73IUQz4Wo7aj7
Kevin Abstract,ARIZONA BABY,Corpus Christi,spotify:track:7Hkwpt3GaRntiCrbCyJ4BN
Kevin Abstract,ARIZONA BABY,Crumble,spotify:track:3ls9lmPJ7xROR2VL5Kv1Gz
Kevin Abstract,ARIZONA BABY,Georgia,spotify:track:3XukKy28kqKFl52GiCUSFo
Kevin Abstract,ARIZONA BABY,Joyride,spotify:track:7t97jbSsGY54ULs52xAV5a
Kevin Abstract,ARIZONA BABY,Mississippi,spotify:track:0VrQ3dAV7vefMJYb56q0M3
Kevin Abstract,ARIZONA BABY,Peach,spotify:track:5JRMqkR82k2fdDEAim9SCN
Kevin Abstract,ARIZONA BABY,Use Me,spotify:track:7jruR1S3Fhz6odhVGLJ6iU
KH,Only Human,Only Human - MPH Remix,spotify:track:6s0XiiD5NE5MetCoOVY0yM
Khruangbin,Con Todo El Mundo,A Hymn,spotify:track:58Ru9hiQmRtfRhi4qLspOS
Khruangbin,Con Todo El Mundo,August 10,spotify:track:574ILV8PiK3CpAUMVz7nNM
Khruangbin,Con Todo El Mundo,Cómo Me Quieres,spotify:track:3GO6bT0b1sdInk1KPCK64d
Khruangbin,Con Todo El Mundo,Cómo Te Quiero,spotify:track:3v9g8iM3v5irWQHqFWaDSo
Khruangbin,Con Todo El Mundo,Evan Finds the Third Room,spotify:track:6EV7iIhdW9VBjphqZNGSfM
Khruangbin,Con Todo El Mundo,Friday Morning,spotify:track:0gQ12zQF2M5yLpUqnPb6hI
Khruangbin,Con Todo El Mundo,Lady and Man,spotify:track:1RcKa3TDe9zGeb33BwqYGU
Khruangbin,Con Todo El Mundo,Maria También,spotify:track:2EFuKYBalAcplMyUVL3BDH
Khruangbin,Con Todo El Mundo,Rules,spotify:track:0ycTPzyh2OIuZXakVSF4tK
Khruangbin,Con Todo El Mundo,Shades of Man,spotify:track:4hxv2Z6JoMBNWNA7t1A3bU
Khruangbin,Late Night Tales: Bonobo,A Calf Born in Winter,spotify:track:1URRYyEeejU5VYwc8xpB5A
Khruangbin,Mordechai,First Class,spotify:track:4z2XNXfoN8xnVP3rYdOU0l
Khruangbin,Pon Pón,Pon Pón,spotify:track:4B3X07DwS1HoviCmfkEKzC
Khruangbin,Summer Madness,Summer Madness,spotify:track:7fpiYh33Xph4OPj8gS8jL0
Khruangbin,The Universe Smiles Upon You,August Twelve,spotify:track:26qIVWus5hMZUcWeJUxeJx
Khruangbin,The Universe Smiles Upon You,Balls and Pins,spotify:track:3kkYC1IPmXm5OrPaKFIX1B
Khruangbin,The Universe Smiles Upon You,Dern Kala,spotify:track:47FmTHqPWGWEfbgDpLjvCt
Khruangbin,The Universe Smiles Upon You,Little Joe & Mary,spotify:track:0mzU6qEuvtPrL9UcXAVKKU
Khruangbin,The Universe Smiles Upon You,Mr. White,spotify:track:5EqGquh3ajBQjudpLLhJKy
Khruangbin,The Universe Smiles Upon You,People Everywhere (Still Alive),spotify:track:2OQ1V0e2O56AeIo4ywuYKF
Khruangbin,The Universe Smiles Upon You,The Man Who Took My Sunglasses,spotify:track:4ZHRjk3TZeUOG6Ri6sN27u
Khruangbin,The Universe Smiles Upon You,Two Fish and an Elephant,spotify:track:2kGMBOPXMtb9gxzVYdplg9
Khruangbin,The Universe Smiles Upon You,White Gloves,spotify:track:4AKUOaCRcoKTFnVI9LtsrN
Khruangbin,The Universe Smiles Upon You,Zionsville,spotify:track:1IVgPGfYxyuOLKOYdEBLOW
Kibrom Birhane,Here And There,Merkato,spotify:track:1nM20aRb9Mk7QcvpbjRb9n
Kid Bloom,A Long Kiss Goodbye,Fishing Line,spotify:track:0aQxOTe9RCOvCliIC6o7Ll
Kid Bloom,A Long Kiss Goodbye,More Than Meets the Eye,spotify:track:6ebKM7dpwdaEf8WJrVC1zF
Kid Bloom,A Long Kiss Goodbye,Plans,spotify:track:5ocssuIhnX8QFghnfQHMtz
Kid Bloom,A Long Kiss Goodbye,Saturday Night,spotify:track:2BsXu8hIhhFCk27XSsXX01
Kid Bloom,A Long Kiss Goodbye,She Only Stays on the Weekend,spotify:track:22u2XPSa3e2UAPZJlidsli
Kid Bloom,A Long Kiss Goodbye,Take My Breath Away,spotify:track:3xQgFxJfb3rfHIoBWd9M2u
Kid Bloom,A Long Kiss Goodbye,When I Dream of You,spotify:track:60qfqx4N1pA7ZElq3sbGyl
Kid Bloom,A Long Kiss Goodbye,Window,spotify:track:5ikBZVTjSz8refDMxllN4c
Kid Katharsis,Future Bubblers 1.0,Circles,spotify:track:6EIv9a7EEhX2DZW3pnLRKr
Kiefer,Bridges,Cute,spotify:track:4QxShnwxyAvSL6RrpL9ps8
Kiefer,Bridges,Green Crayon,spotify:track:6a35vqBJN5l6zS3IbUeaxx
Kiefer,Bridges,Island,spotify:track:3Fv81Tqxjcncq4yttivCs7
Kiefer,Bridges,Journey,spotify:track:3RHWRCemNNVspfzSw1vMy7
Kiefer,Bridges,Orange Crayon,spotify:track:2BYNnzTc5otmcdmwz8xECw
Kiefer,Bridges,Sunny,spotify:track:1QjMgjgCnEVDNbVlan1H5q
Kiefer,Happysad,AAAAA,spotify:track:29G1ScCUhgjgI0H72qN4DE
Kiefer,Happysad,Agoraphobia,spotify:track:6OrR5AfobSXJw2qgqru9kM
Kiefer,Happysad,Dope Nerd,spotify:track:64y9CFT3d2Rrd6suKJf0AC
Kiefer,Happysad,FOMO,spotify:track:6rXU2YetQ1zbzMzGujfBxU
Kiefer,Happysad,Highway 41,spotify:track:1uttcoeJDzivDylEajTVy5
Kiefer,Happysad,Highway 46,spotify:track:6ZgZzxGtXR1SUmKd1B6FDa
Kiefer,Happysad,Magnetic,spotify:track:0Aty2lsOwIqS6opeldJH8Q
Kiefer,Happysad,Memories of U,spotify:track:49bflnCj6HYg3YXGyqbEc1
Kiefer,Happysad,Socially Awkward,spotify:track:2yE3omg2KMRfFw4ukBlDIJ
Kiefer,Happysad,Temper,spotify:track:2YHdRze6PsaprIaZ0NKewE
Kiefer,Happysad,Thinkin of,spotify:track:05a8lAAceWGPDD2ykP9lrE
Kiefer,Happysad,Upwards,spotify:track:3scLvVfqBdCdD3ib20NfFB
Kiefer,Happysad,What a Day,spotify:track:5Tn5yfr037l2CbDLRXTPMt
Kiefer,Kickinit Alone,5000 Dollar Check,spotify:track:4PFl2vnKIdfbRGPyh3TE6Q
Kiefer,Kickinit Alone,Butterfly Inside My House,spotify:track:7KUQLcn2kWBuWe0dxbHPBr
Kiefer,Kickinit Alone,Evil Eye,spotify:track:6imGfLH1ppE1wTzaMhN9cH
Kiefer,Kickinit Alone,Ghosted,spotify:track:023TLONwQt4wV1TBLZ299B
Kiefer,Kickinit Alone,Happysad Sunday,spotify:track:6usdbD5408YMpXweHEPH6X
Kiefer,Kickinit Alone,IDK,spotify:track:63rO2Ikz3L94hfHQKPJgg6
Kiefer,Kickinit Alone,In Pursuit of U,spotify:track:542FVzT6DqTYyeFSCyBuqr
Kiefer,Kickinit Alone,Kickinit Alone,spotify:track:4lDtWxgbESUsGErTO9lnlu
Kiefer,Kickinit Alone,Most Beautiful Grl,spotify:track:7spm5gEtcJmj0hTdi0gp1q
Kiefer,Kickinit Alone,Reinvent Yo Self,spotify:track:7oY8PMeOn2LyvuBPsGrIG6
Kiefer,Kickinit Alone,Tubesocks,spotify:track:0vujey5joidCkFldeZVONm
Kiefer,Kickinit Alone,U R What U Repeatedly Do,spotify:track:1qDhSABpYBjLg30eIDwlGe
Kiina,The Lesser-Known,Babylon,spotify:track:6EvGkAeSNNLC5oySfn3Yls
Kiki Gyan,Late Night Tales: Badbadnotgood,Disco Dancer,spotify:track:4QAVO30wq7rR9B8iBTrtYA
King Garbage,Make It Sweat,Devil,spotify:track:1fnQztTZwHBXILTgT0KY6T
King Garbage,Make It Sweat,Forbidden Lovers,spotify:track:4kBhmZ4NEGacwvlIinNRXj
King Garbage,Make It Sweat,Island,spotify:track:1uP9CmQ2jifnVQdFHynTzF
King Garbage,Make It Sweat,Lost in the Sauce,spotify:track:3Fygs8mEIGDPih2Dm7Wd8d
King Garbage,Make It Sweat,Merry Go Round,spotify:track:2oUFYYbgICKZlapiWAUTzZ
King Garbage,Make It Sweat,One Trick Pony Love,spotify:track:1AHjPezfV6Xp71v9edQvg0
King Garbage,Make It Sweat,Runaway,spotify:track:6PV8EiYZVFpcnHzHLtNmsZ
King Garbage,Make It Sweat,Sharks,spotify:track:7GVUf9RxNRTvY7fd7cwC8j
King Krule,(Don't Let The Dragon) Draag On,(Don't Let The Dragon) Draag On,spotify:track:6w1chSHfHBgc768bFRNfO2
King Krule,6 Feet Beneath the Moon,A Lizard State,spotify:track:0KzFcd3gLfmsVEOqpOogBt
King Krule,6 Feet Beneath the Moon,Baby Blue,spotify:track:1BA4OdphRNKQSeHrMHLAWg
King Krule,6 Feet Beneath the Moon,Bathed in Grey,spotify:track:3GCgnZqXpeV3rVTM15CQsV
King Krule,6 Feet Beneath the Moon,Border Line,spotify:track:5xLRfAVRKGMejtz6TXgodL
King Krule,6 Feet Beneath the Moon,Ceiling,spotify:track:1C7Wy4RhsQ8G0XV7VIb89k
King Krule,6 Feet Beneath the Moon,Cementality,spotify:track:7LgSOJaPjD5XRkwrYuYJyk
King Krule,6 Feet Beneath the Moon,Easy Easy,spotify:track:08ZsI74y3P6mQw8En1c6tQ
King Krule,6 Feet Beneath the Moon,Easy Easy,spotify:track:7miPR7yflY4kvhVBfEyTzp
King Krule,6 Feet Beneath the Moon,Foreign 2,spotify:track:3ad5T9G9wwjveDsvEHuxuM
King Krule,6 Feet Beneath the Moon,Has This Hit?,spotify:track:1hmvfoAfbTayfFm1ysqFMd
King Krule,6 Feet Beneath the Moon,Neptune Estate,spotify:track:0V1QOLJFWimtf6eJvSYEHO
King Krule,6 Feet Beneath the Moon,Ocean Bed,spotify:track:1eDtAcZnSW5mKdppzS7a2Q
King Krule,6 Feet Beneath the Moon,Out Getting Ribs,spotify:track:1QiWCtj9IT0fKjxBqHXhWL
King Krule,6 Feet Beneath the Moon,The Krockadile,spotify:track:5zenVYTws2ocS12xoN2asD
King Krule,6 Feet Beneath the Moon,Will I Come,spotify:track:3UqooiSATI1S8XjWZ5RZm6
King Krule,The OOZ,A Slide In (New Drugs),spotify:track:4Gr0XIjlGAc2tBHGthMdv2
King Krule,The OOZ,Bermondsey Bosom (Left),spotify:track:0YPflIsuvtoBVFeWf7uQoH
King Krule,The OOZ,Bermondsey Bosom (Right),spotify:track:1f3xOU6CQDrZQPOd9mlwtI
King Krule,The OOZ,Biscuit Town,spotify:track:289GrO286LzD5Oa6BXBPel
King Krule,The OOZ,Cadet Limbo,spotify:track:4SnLmU2wI1kHsTjTPs52Ln
King Krule,The OOZ,Czech One,spotify:track:7y79WtHkMzby7uFxdz3NZ3
King Krule,The OOZ,Dum Surfer,spotify:track:2TMo5VM652clhr0KQ29dbj
King Krule,The OOZ,Emergency Blimp,spotify:track:1HwzZ1edrFGLQD3q6oUL0j
King Krule,The OOZ,Half Man Half Shark,spotify:track:35tYof83C2XS9YXxpLDIrg
King Krule,The OOZ,La Lune,spotify:track:5ul3T93WuRBWyZmAg6HVGi
King Krule,The OOZ,Logos,spotify:track:4xgHOLfSjtbrkUSY2sRMrv
King Krule,The OOZ,Lonely Blue,spotify:track:2UiqnZmw0msBVIJv6MSNf8
King Krule,The OOZ,Midnight 01 (Deep Sea Diver),spotify:track:1iUDgdq3MtJK4hzo1xNMc8
King Krule,The OOZ,Slush Puppy,spotify:track:0BxNOkA70xxOXnCnYWFvyp
King Krule,The OOZ,Sublunary,spotify:track:03kQL57Jsw5in1yJuTyKiV
King Krule,The OOZ,The Cadet Leaps,spotify:track:1crVHmbnHZRQeqwbHvkaz5
King Krule,The OOZ,The Locomotive,spotify:track:7ENgw1j6pJFBVyoPanUwdG
King Krule,The OOZ,The Ooz,spotify:track:3Q3qxdit0yz75VtQb3Peht
King Krule,The OOZ,Vidual,spotify:track:7m9bCwpWAm3b8iKzOgZTJw
Kings Of Tomorrow,DJ-Kicks (Moodymann),Fall For You (Sandy Rivera's Classic Mix) [Moodymann Edit] - Mixed,spotify:track:66yhlgEIsoUY4jIC9eeWcc
Kiran Kai,Muesli,Muesli,spotify:track:3cOglNxW4y4HxT08KSPbNV
Kiran Kai,Overthrown,Overthrown,spotify:track:2Z8lEMRDIkl9i6ebfUZBdn
Kiran Kai,Ultradiction,Ultradiction,spotify:track:7rsKtiQJGFGSkqQLYsudyW
Kiran Kai,What Holds The Ground Up?,What Holds The Ground Up?,spotify:track:03zjeE6b8FJQNgsFAgTFxY
Kiran Kai,XYZ,Dusk,spotify:track:1lW48a0bcW1tZoATFhVPTc
Kiran Kai,XYZ,Let Me Go,spotify:track:3BBSJyIAbAk3fx0KqFjjHR
Klanger,Maxfield Ave Blues,Maxfield Ave Blues,spotify:track:2ZamhGWLnVS4DxDlxcLhE7
Klanger,Touchy,Touchy,spotify:track:1wWst7FOd21HjFCb7jsVuA
Knowsum,Rollin',Rollin',spotify:track:2QQPwGt33vtqx2sjPqqDRf
Koastle,Stay Close,Stay Close,spotify:track:78cZf7Lvdd4hZsIqOWze2Z
Kodak Black,Project Baby 2: All Grown Up,Transportin',spotify:track:6ymhLMzUUvjCjreTqVHzsV
Kofi Stone,Child of God Flow,Child of God Flow,spotify:track:3uIJPg6Q0DnOhyCu2MPurq
Kofi Stone,Nobody Cares Till Everybody Does,Talk About Us,spotify:track:5SEQqUZi6PxQ7UKGbgrRWL
Kojaque,Deli Daydreams,Eviction Notice,spotify:track:2BGC8XJPFRm3f7ZX2FRPNy
Kojey Radical,23Winters,Bambu,spotify:track:7ekPGF3vubkk8xEXHTZ5xA
Kojey Radical,23Winters,Footsteps,spotify:track:5Brdb55wAKqvids1OBXUHr
Kojey Radical,23Winters,Kwame Nkrumah,spotify:track:3Qp63Kbrm8pWelXaA9M4uc
Kojey Radical,23Winters,Love's Interlude,spotify:track:1ruImuWrrVcy8fkegLhnrG
Kojey Radical,23Winters,Love's Intervention,spotify:track:4pe2HbHIAQxQ3DUfSCXOaP
Kojey Radical,23Winters,Mufasa's Outro,spotify:track:1tXB56RFR1J0c9MXqhTwIr
Kojey Radical,23Winters,Open Hand - Extended,spotify:track:5K9sOXb1Fl3MSJHflJgJtx
Kojey Radical,23Winters,Prelude,spotify:track:0s8DzKY2ZF7pZuTtw48r8S
Kojey Radical,23Winters,Rent's Due,spotify:track:4t5ZTEuW2TT1Sy0MZIKJmD
Kojey Radical,23Winters,Selfish,spotify:track:2uYfeEfhWrgLJYEmG9rS3t
Kojey Radical,Can't Go Back,Can't Go Back,spotify:track:0TaXuE78f6Mjl2jycKj9Ws
Kojey Radical,In Gods Body,700 Pennies,spotify:track:3flrId6pYZyw1B1QC21Z9p
Kojey Radical,In Gods Body,Afraid Of,spotify:track:2wk07e7dBXlUemrhw0JvyS
Kojey Radical,In Gods Body,After Winter,spotify:track:2KLO6idpZCzI50PjAiivr5
Kojey Radical,In Gods Body,Dynamite,spotify:track:7LpIASkwktVH2Xk9rByGGr
Kojey Radical,In Gods Body,Dystopia: In Gods Body,spotify:track:6Z789p1UNljO3LibZUgNAU
Kojey Radical,In Gods Body,Icarus,spotify:track:7gxJ4A7XuV9ZHw6ZrTpfp7
Kojey Radical,In Gods Body,Love Intersection,spotify:track:6F6TCcEzSsEIIqPsBkKvCH
Kojey Radical,In Gods Body,Mood,spotify:track:5gaAKSLAg8XICxHB1yzFNY
Kojey Radical,In Gods Body,No Photos,spotify:track:6mdVBELJTKkcktbCecTlcS
Kojey Radical,In Gods Body,Nostrand Ave,spotify:track:4fLS40ceElVTKlt1v96k2u
Kojey Radical,In Gods Body,Super Human,spotify:track:0iNilwLGBGQoWI75BWjluq
Kojey Radical,In Gods Body,Utopia,spotify:track:2b3KrXhwu61uwESMBYC0Kl
Kojey Radical,In Gods Body,Windows,spotify:track:43XfqsteSE7cTNZehAcvgm
Kokoroko,Just Can't Wait,Just Can't Wait,spotify:track:3aWWdmdsBva7kiOnacL4tf
Kokoroko,KOKOROKO,Abusey Junction,spotify:track:7vfILe0geNdQ7ilJYF45SU
Kokoroko,KOKOROKO,Adwa,spotify:track:2fgjZEZ0NlwoPvUMfvVzUP
Kokoroko,KOKOROKO,Ti-de,spotify:track:2c9JplHZlT12VuWcId8Pqb
Kokoroko,KOKOROKO,Uman,spotify:track:23UVBAUrfc2cOlLOYRQyy8
Kokoroko,Tuff Times Never Last,Closer To Me,spotify:track:1zmdrBR4TErhmW5vusXQWO
Kokoroko,We out Here,Abusey Junction,spotify:track:6Mvb8vVYbBlYn7lkTciTd6
Koralle,Fonografie,Laid Back,spotify:track:4ol5yijURde62kN9JOV35E
Kornél Kovács,Stockholm Marathon,Atlas Nights,spotify:track:6rbHDVCRlcwIRGSt6rOCWk
Kornél Kovács,Stockholm Marathon,Baltzar,spotify:track:4imkUjRMHxiy0yZtJj2u4s
Kornél Kovács,Stockholm Marathon,Club Notes,spotify:track:5HTsi6cf9CBfG9BEhtj50j
Kornél Kovács,Stockholm Marathon,Ducks,spotify:track:75vp0NwwVnH7Ski7hOUelI
Kornél Kovács,Stockholm Marathon,Marathon,spotify:track:4BqRD9aJLCZqYUGK0ObcuL
Kornél Kovács,Stockholm Marathon,Purple Skies,spotify:track:2Uqi9eyX9oQPW0TSq0wo7K
Kornél Kovács,Stockholm Marathon,Rocks,spotify:track:1B3qO4UJwUpcKVoixbCiPM
Kornél Kovács,Stockholm Marathon,Szombat,spotify:track:7i7C5KhXNhOwFamKD8QnJF
Kornél Kovács,Studio Barnhus Volym 1,On Roofs,spotify:track:68W8NS1DxIDokFprYYq57b
Kornél Kovács,Szikra,Szikra,spotify:track:3qAvjZ84KUD5cCWkt4iCcb
Kornél Kovács,The Bells,BB,spotify:track:0cCX9rwX8yBjUAUc4WCdjI
Kornél Kovács,The Bells,Dance... While The Record Spins,spotify:track:6IJG011g9RGp3CROAPGmO3
Kornél Kovács,The Bells,Dollar Club,spotify:track:7qK0cSZ2di9IeJ9O3sWG6v
Kornél Kovács,The Bells,Gex,spotify:track:3i0yJZ9KcU7OGf4PGT9R7R
Kornél Kovács,The Bells,Josey's Tune,spotify:track:5r22VXhYY9Y3xGcdV5TdZb
Kornél Kovács,The Bells,Pop,spotify:track:691kHIdqpUXI8qfrSfctwC
Kornél Kovács,The Bells,Szikra Intro,spotify:track:6koK14SWYd3b13bPJhzH1m
Kornél Kovács,The Bells,Szív Utca,spotify:track:6Ktw49AfWeelzuPJxB89VO
Kornél Kovács,The Bells,The Bells,spotify:track:0TnIO9uT1f6y0uLouKFm3z
Kornél Kovács,The Bells,Urszusz,spotify:track:51qpGeaw1NWX2qNUqnMe64
Kukbeatz,All of Us,All of Us,spotify:track:66hwnejSDoMXppajTx1jc6
Kumail,From You to Blue,Blue You,spotify:track:1YZuyqVhWct2d6mATpFXUJ
Kumail,From You to Blue,C M O,spotify:track:6Rvb5UK4blP8eJyuRzVSd9
Kumail,From You to Blue,Don't Fuss (Outro),spotify:track:54AxbV3hHL7ZswMZrpGMNP
Kumail,From You to Blue,Fade U,spotify:track:5Qf2Rq7xqfl8e3DokGeTSK
Kumail,From You to Blue,February (Intro),spotify:track:6BGZR3e7mmmjOuN4kQppWB
Kumail,From You to Blue,Fool,spotify:track:6sxvZculALjbiRA5p1CP4e
Kumail,From You to Blue,Versions,spotify:track:4tYHUi1EilH6IYs96nMsOx
L'Orange,The Night Took Us in Like Family,All I Need (feat. Gift of Gab),spotify:track:7aUyoBq5hL3qbLgM1KE2ro
Lady Alma,DJ-Kicks (Moodymann),It's House Music - Mixed,spotify:track:6lsJ4284RNOXtpRBMvzwVU
Lance Skiiiwalker,In the World,In the World,spotify:track:0c8BI0l9Ar2p5OhMytfpWz
Lapalux,Late Night Tales: Bonobo,Gutter Glitter,spotify:track:62GRlzq2rRHmWyA0NGBjji
Lapalux,Lustmore,1004,spotify:track:0iof12kF6hBpoc9kyas5AX
Lapalux,Lustmore,Autumn - Tape Interlude,spotify:track:54Sclpf2VYgwZTx0TVU7FQ
Lapalux,Lustmore,Bud,spotify:track:6fon2J81W85kyyCv1LvgzW
Lapalux,Lustmore,Closure,spotify:track:3uNGr2orGe0azv5kPR2BUQ
Lapalux,Lustmore,Don't Mean A Thing,spotify:track:33BtlwXUBRunGdnHAy9Qdi
Lapalux,Lustmore,Funny Games,spotify:track:11xS7O99zMaPoj0Qa6Wvja
Lapalux,Lustmore,Make Money,spotify:track:4ga3kyk73Jwj1Dt0jOdrgp
Lapalux,Lustmore,Midnight Peelers,spotify:track:4K5AejrYf9B3MAcjKJF5Yk
Lapalux,Lustmore,Push N' Spun,spotify:track:7ffTpzpzQINhYAaXS56pX4
Lapalux,Lustmore,Puzzle,spotify:track:3UsC09fH52g5DXAKL8ZmXa
Lapalux,Lustmore,Sum Body,spotify:track:6y6kgCb488ditZrsN5fRXA
Lapalux,Lustmore,U Never Know,spotify:track:3JK30AgP4g1kXBkfGc7oRi
Lapalux,Lustmore,We Lost,spotify:track:0CQ7PrMiWtFD1fnDfZPg96
Lapalux,Nostalchic,Dance,spotify:track:7phVZiluoX3V3jJB8us5zD
Lapalux,Nostalchic,Flower,spotify:track:5J2klYUvvMwNuum7DQh7Re
Lapalux,Nostalchic,Guuurl,spotify:track:4KocIicrfrSTy4PJCGHUno
Lapalux,Nostalchic,IAMSYS - Tape Intro,spotify:track:07DdSFWQtLR9iJZrJFZQGw
Lapalux,Nostalchic,Kelly Brook,spotify:track:4kEwUf1Rj0GQj9QfW3VRgd
Lapalux,Nostalchic,O E A - Tape Outro,spotify:track:2E7DpUUDXuQqPamMRZm7Hq
Lapalux,Nostalchic,One Thing,spotify:track:0aRREn3OtKojaKBd2PKLft
Lapalux,Nostalchic,Straight Over My Head,spotify:track:1AAqvhkrlQTHkW7YgFkMhU
Lapalux,Nostalchic,Swallowing Smoke,spotify:track:7B8Xt7PwhS8U1iXnxN7TB3
Lapalux,Nostalchic,The Dead Sea,spotify:track:3B7sx2vSDrq0QsK37BMyN8
Lapalux,Nostalchic,Walking Words,spotify:track:2xJY4Ohteu1Vyhb9BotGcF
Lapalux,Nostalchic,Without You,spotify:track:32CFVYfYT4wE1MTNWj66Rt
LAUREL,DOGVIOLET,Adored,spotify:track:7LwLxil5ucG4qXcsxrkWEn
LAUREL,DOGVIOLET,All Star,spotify:track:6i8GYF6u5R5iA7GZCustS9
LAUREL,DOGVIOLET,Crave,spotify:track:2GD1voEjKphegWqWvnrN2K
LAUREL,DOGVIOLET,Empty Kisses,spotify:track:6N5mf3cMkgTxu13Y84EGMQ
LAUREL,DOGVIOLET,Hold Tight,spotify:track:4ybRt3hxuF9esPwD1JxAlj
LAUREL,DOGVIOLET,Life Worth Living,spotify:track:1mCvM05OlYWQd77RDxCTLD
LAUREL,DOGVIOLET,Lovesick,spotify:track:4J4kEfM0Ey3d9K59rGz21m
LAUREL,DOGVIOLET,Recover,spotify:track:3GZTdNUGLX1jZZ0M1ktDqL
LAUREL,DOGVIOLET,Same Mistakes,spotify:track:6hEvwYmN6eDINAGAYEjG6E
LAUREL,DOGVIOLET,South Coast,spotify:track:06njIRwBH8XekJjlffyYKZ
LAUREL,DOGVIOLET,Sun King,spotify:track:2EvOCt1Crgp7tQeuuRxzIg
LAUREL,DOGVIOLET,Take It Back,spotify:track:41WAPz28wVrBQl7WzfAviL
LAUREL,Life Worth Living,Life Worth Living,spotify:track:5vMGlpNQvdcsioSCmRQSux
LAUREL,Life Worth Living,Life Worth Living - Acoustic,spotify:track:32w4YFJ0kwloECugRIfKdR
LAUREL,Life Worth Living,Life Worth Living - Edit,spotify:track:0BctRxal8Z54yPtHU65xHT
LAUREL,Life Worth Living,Life Worth Living - TEME Remix,spotify:track:5yKNNaPgQcnufUuFaTZE2u
Lauren Laverne,Late Night Tales: Floating Points,"Ah! Why, Because the Dazzling Sun",spotify:track:3xVWBBcOalfNQtt0bu7gux
Laurence Guy,Making Music Is Bad For Your Self Esteem,Are You Fine?,spotify:track:6sJbL5hAk1cKLXM6z3TCgo
Laurence Guy,Making Music Is Bad For Your Self Esteem,I Have The Feeling I've Been Here Before,spotify:track:1MU8ePepdVGwoVg2LRSm1V
Laurence Guy,Making Music Is Bad For Your Self Esteem,It's Good To Try,spotify:track:1c7O3CwjXh4GtkLHh6riwk
Laurence Guy,Making Music Is Bad For Your Self Esteem,Missing In Reaction,spotify:track:21iSh9L3H9UhkQX3R3ltRb
Laurence Guy,Making Music Is Bad For Your Self Esteem,My Brain Is A Scrambled Egg,spotify:track:1Oo2y2Pk8EfEUc2XsloFYR
Laurence Guy,Making Music Is Bad For Your Self Esteem,Wildlife,spotify:track:3BTq41j58Oy01xxORhJKJi
Laurence Guy,Mutual Excitement is a Wonderful Thing,Mutual Excitement is a Wonderful Thing,spotify:track:53E4QuExlZmvvm4dvnatem
Laurence Guy,On Your Side,On Your Side,spotify:track:5Fg62Do5oBhOvwJdgbgSB9
Laurence Guy,Saw You for the First Time,Anchor,spotify:track:2FVgIrE55fd4ktm86pfhFx
Laurence Guy,Saw You for the First Time,Claudi,spotify:track:0UP6iahCqN841jwU87Ag3Z
Laurence Guy,Saw You for the First Time,Drum Is A Woman,spotify:track:3O4JxXuKWmGwkFnPmHU0Vu
Laurence Guy,Saw You for the First Time,Gone,spotify:track:4CL4SEReWa0GrOsAFPA2VR
Laurence Guy,Saw You for the First Time,Intro,spotify:track:56p6S9DVbIlXLudYmvMFJI
Laurence Guy,Saw You for the First Time,Orchard Road,spotify:track:2foMdqsBFkTV13iCErjHOM
Laurence Guy,Saw You for the First Time,Saw You for the First Time,spotify:track:3b9MUQ7uiQHhU420B6f8Ta
Laurence Guy,Saw You for the First Time,Stray,spotify:track:6inXpAxJA7Ta3UX7NI5Nb3
Laurence Guy,Saw You for the First Time,W.L.Y.B,spotify:track:7cqYjjsZ76wvAEp3xoEZyF
Laurence Guy,Saw You for the First Time,Wichita Falls,spotify:track:2Pdu4oltVZ3KfmJvL70wmb
LAUSSE THE CAT,"The Girl, the Cat and the Tree",Toy's Story,spotify:track:0AEtND7F3lWkaLmJDveVyD
LB aka LABAT,Fake Memories,5,spotify:track:0aJjGj59merJEH3mmmwdIM
LB aka LABAT,Fake Memories,Art Form,spotify:track:6BQxbgcHBu5qN5yyceDRps
LB aka LABAT,Fake Memories,Bombobiii,spotify:track:0c4xgwSE9vWN5pFnuHYlzh
LB aka LABAT,Fake Memories,Collapse,spotify:track:1wu1FJOXvSvvzOE52b6JHL
LB aka LABAT,Fake Memories,Deep in your....,spotify:track:1n9Y46nd7fngb8ahbo5aNH
LB aka LABAT,Fake Memories,Dirty Whatever,spotify:track:7M7owTtyKIcdF2hrHEi5n1
LB aka LABAT,Fake Memories,Fake Memories,spotify:track:5kuc3JDF7e2JtQbPBAwnP2
LB aka LABAT,Fake Memories,Fausse trap,spotify:track:6DTdFYrOXKp9HhkQBL2FgZ
LB aka LABAT,Fake Memories,Francis - interlude,spotify:track:2qefzyoGhwTucJjI3E39Ra
LB aka LABAT,Fake Memories,I See Shit Slow,spotify:track:3qo6Xdu6PpA8yMOfRCaTqF
LB aka LABAT,Fake Memories,Nothin' New,spotify:track:1VJWj5kY3ID8BshSDfG2Hk
LB aka LABAT,Fake Memories,Paracas,spotify:track:1chPVcrdcgA1K45B7rmzNh
LB aka LABAT,Fake Memories,STE-046,spotify:track:2kiK6NJnJLgsSornNVPmgG
LB aka LABAT,Fake Memories,Sticky Green,spotify:track:4PvFUzZm5MlOzkZhpmZnug
LB aka LABAT,Fake Memories,Sunshine - Let it Come,spotify:track:7Hx0twIpGp5CS42IT4Sa0j
LB aka LABAT,Fake Memories,The Look of Love,spotify:track:2mcLRr3AJCaNB5C3RAI0ov
LB aka LABAT,Fake Memories,Thirsty for Cash,spotify:track:6oc7QkrO3Gyt8ykRa1xo7p
LB aka LABAT,The Scanner - EP,Dirty Walk,spotify:track:6htS45WcxMdeSTgxnCAylR
LB aka LABAT,The Scanner - EP,Scanner,spotify:track:5YkRDZgcpATSIWJa1G7Ldr
LB aka LABAT,The Scanner - EP,Shut the World Down Down for a Moment,spotify:track:7wcSvmOVMp5HleirgVmsrM
LB aka LABAT,The Scanner - EP,Track One,spotify:track:5prYNjRcBTyFobtycpRzDl
Leif Vollebekk,Twin Solitude,Elegy,spotify:track:41wel0JyLABRedko4XZLG1
Leifur James,A Louder Silence,Alpine,spotify:track:2NtNI5zvWvOx04jgPNAxPn
Leifur James,A Louder Silence,Argonaut,spotify:track:0Bf4dVUJEkMiQvfTScOrYd
Leifur James,A Louder Silence,Mumma Don't Tell,spotify:track:65p97eP4CoW3rG7OIcBgoq
Leifur James,A Louder Silence,Night and Day,spotify:track:2EM7lEMxCWOCy4AfNZmwR4
Leifur James,A Louder Silence,Osho_o,spotify:track:7scIk2fvpiTYc3Nn5hwy1Q
Leifur James,A Louder Silence,Red Sea,spotify:track:5johmQs4NIdZvlKLeLw7nQ
Leifur James,A Louder Silence,Salaninam,spotify:track:7a2hhaFpVcpoOCDoWqNllm
Leifur James,A Louder Silence,Suns of Gold,spotify:track:0FcpuWVEN5XvRazBLPd9tQ
Leifur James,A Louder Silence,Time,spotify:track:6bz2VoB5TkbZrHLidpm09c
Leifur James,A Louder Silence,Uncle Blue,spotify:track:2D0Tc5jgdEG2i5nlOXeGP6
Leifur James,Wise Old Man,Wise Old Man,spotify:track:7r7a5gepuUBxoO7mBamuFL
Leifur James,Wurlitzer,Wurlitzer,spotify:track:4OjcEWInukLib0TUfETqfx
Leon Vynehall,Nothing Is Still,Birds On The Tarmac (Footnote III),spotify:track:5AdcWcvRVnQvFtJ90A2XUK
Leon Vynehall,Nothing Is Still,Drinking It In Again (Chapter IV),spotify:track:2PFpbLMTUkHfW2cBIkthMw
Leon Vynehall,Nothing Is Still,English Oak (Chapter VII),spotify:track:4ZLCnozTsRepUKdsqgD1bX
Leon Vynehall,Nothing Is Still,Envelopes (Chapter VI),spotify:track:5uOvMs36GwI49MH2bWG967
Leon Vynehall,Nothing Is Still,From The Sea/It Looms (Chapters I & II),spotify:track:0lDKZO6dS927plsK7SGmh4
Leon Vynehall,Nothing Is Still,Ice Cream (Chapter VIII),spotify:track:1wg78EYrIcGyC9x1TeOD5e
Leon Vynehall,Nothing Is Still,It Breaks (Chapter IX),spotify:track:0y74fR4rvN0GN0pNYJeyme
Leon Vynehall,Nothing Is Still,Julia (Footnote IV),spotify:track:3UkpVtYmUJ3HY1lHw4uA8H
Leon Vynehall,Nothing Is Still,Movements (Chapter III),spotify:track:1OD2YXIOmfYmBAYfV1maRV
Leon Vynehall,Nothing Is Still,"Trouble - Parts I, II, & III (Chapter V)",spotify:track:38LwS4tE7hOdstQtCA1fom
Leon Vynehall,Sugar Slip (The Lick),Sugar Slip (The Lick),spotify:track:1nVuOeLEhqNSopzOtd34Uu
Les Prospection,Late Night Tales: Badbadnotgood,Lido,spotify:track:1IVXprLPtfsa585tFw8puk
Les Sins,DJ-Kicks (Moodymann),Grind (Moodymann Edit) - Mixed,spotify:track:1S7DgER6DG7zWbeIGppIBN
Les Sins,Michael,Bellow,spotify:track:1g44PhZhvvUK3izDHcqAYE
Les Sins,Michael,Bother,spotify:track:7r6xGVCSUeqC5iwccLEr84
Les Sins,Michael,Call,spotify:track:0siCOxHkn5CYOCjL3vnFfY
Les Sins,Michael,Do Right,spotify:track:5Pvvl0iQrmobcSxpCP7xhx
Les Sins,Michael,Drop,spotify:track:3wQEw0cz16eZbgDES8rW0L
Les Sins,Michael,Minato,spotify:track:7xTGkhPZcr4iSpnRV1lSFU
Les Sins,Michael,Past,spotify:track:0fQUgw34FD0eEGcgX23ZPn
Les Sins,Michael,Sticky,spotify:track:4eSMcVuvwnLh0NTrmoGSrw
Les Sins,Michael,Talk About,spotify:track:3gZuENvQgnjcqTDbhRMb77
Les Sins,Michael,Toy,spotify:track:0IUDYLSF9jaLSDf6qkAGxa
Les Sins,Michael,Why (feat. Nate Salman),spotify:track:2rm2R8BHlp4QbmhoHmxzy0
letherette,"Brown Lounge, Vol. 1",Ahh Ha Oh Yeah,spotify:track:3bcpWO4WDEEGt3x15nG22Q
letherette,"Brown Lounge, Vol. 1",All the Oos And Ahhs,spotify:track:1swYe7TYcPusqsyCwuDlLA
letherette,"Brown Lounge, Vol. 1",Always 2 Never,spotify:track:3RD69DkB85juBF6vnICt7a
letherette,"Brown Lounge, Vol. 1",Anal Sax,spotify:track:3ZvNpFxXrrnw9n8Nj5hyPz
letherette,"Brown Lounge, Vol. 1",Babes,spotify:track:2j1oHWFTfrPeSQ8ApiqP1i
letherette,"Brown Lounge, Vol. 1",Bala Berries,spotify:track:1lvqGtlv8phVnUkrqFFwwt
letherette,"Brown Lounge, Vol. 1",Beatings,spotify:track:79VW7iIczFyuKVSasJJVgk
letherette,"Brown Lounge, Vol. 1",Broom,spotify:track:5lvqt3jbcrAyvSu2ZZ4exj
letherette,"Brown Lounge, Vol. 1",Check My Head,spotify:track:0Zt19WhdjNWTuesWBGju7o
letherette,"Brown Lounge, Vol. 1",Comput,spotify:track:4zI3GZDYFaXQH20agRQmMO
letherette,"Brown Lounge, Vol. 1",Dirt,spotify:track:2Tz5dy6vdgQ4SvvyjsFlqu
letherette,"Brown Lounge, Vol. 1",Discoette,spotify:track:2loux6QGi4lHQkprkiMm7Z
letherette,"Brown Lounge, Vol. 1",Feel Reel,spotify:track:0BKMYe1LFrWD72yGuiOifP
letherette,"Brown Lounge, Vol. 1",Frilla,spotify:track:3dMDQqKOQmQmvbRrhEQrpq
letherette,"Brown Lounge, Vol. 1",Giro Milo,spotify:track:3zlz5wFdSMNaFNcEZ7e8kU
letherette,"Brown Lounge, Vol. 1",Glitter,spotify:track:6HyIcEYhHdPHciA4tDB90s
letherette,"Brown Lounge, Vol. 1",Good for Me,spotify:track:3zzLX4Rdcoq6QaP3WEwMVv
letherette,"Brown Lounge, Vol. 1",KC Crack,spotify:track:08oIKqBiw5IJZwhKUQ2JPn
letherette,"Brown Lounge, Vol. 1",Leabs,spotify:track:4D1zD62i1PEbNttxNYtZAD
letherette,"Brown Lounge, Vol. 1",Leabs 2,spotify:track:2UebOChQTaDqQo4jqc3n4c
letherette,"Brown Lounge, Vol. 1",Let Us,spotify:track:568b3fPDvwWYy7RwNkh93n
letherette,"Brown Lounge, Vol. 1",Master Chin,spotify:track:30WWOwd3Lk2aYSAS8c25jO
letherette,"Brown Lounge, Vol. 1",Miscrow,spotify:track:24ScFSudeFd7kMiQqj1QRc
letherette,"Brown Lounge, Vol. 1",Miss BC,spotify:track:39mNKNhXrstcaoUVoN0ymZ
letherette,"Brown Lounge, Vol. 1",Montego Fuzz,spotify:track:2zWVfKCPUOBcSvOHJvzmzo
letherette,"Brown Lounge, Vol. 1",North Face,spotify:track:0vlZRNc1NCSS5XQfCylw5a
letherette,"Brown Lounge, Vol. 1",Oo Ayy Oo,spotify:track:4EQjLNBxFIKbwrj8vQlmcq
letherette,"Brown Lounge, Vol. 1",Optimise in Prime,spotify:track:1Ypv0gRsrGZnDbWbLL8ZZm
letherette,"Brown Lounge, Vol. 1",Rise,spotify:track:4Rh3DtSoErLcoFKIljuwBc
letherette,"Brown Lounge, Vol. 1",Sex Romp,spotify:track:3nQqVERlcgSgHS3cCaDvck
letherette,"Brown Lounge, Vol. 1",Shell Suit Attack,spotify:track:0VUPqhzi3C94qBZdBewtrE
letherette,"Brown Lounge, Vol. 1",Siff,spotify:track:6K3SszW0CTuKuwwwqpNKlD
letherette,"Brown Lounge, Vol. 1",Ting Tang,spotify:track:7hvGmQX7uh4eFlRpW4yfrW
letherette,"Brown Lounge, Vol. 1",Toot It,spotify:track:7a1BUVtWOYsiHWV5F1wE9q
letherette,"Brown Lounge, Vol. 1",Turn On,spotify:track:7e42xcd9Cd8NQipqDfjIU9
letherette,"Brown Lounge, Vol. 1",What's the Point,spotify:track:7iVcQM9gZcMmgai7XbHMoW
letherette,"Brown Lounge, Vol. 2",After Hours,spotify:track:69LRJKG2vW4GpDkZzyvVZy
letherette,"Brown Lounge, Vol. 2",Balloon Trap,spotify:track:6svjjZKadky46RMztam2ix
letherette,"Brown Lounge, Vol. 2",Blue Moon,spotify:track:0UyTTN6pIMXZjWrxNfRrgx
letherette,"Brown Lounge, Vol. 2",Easy,spotify:track:1pQKpMBoQdHyVALkEPGTuB
letherette,"Brown Lounge, Vol. 2",Floating,spotify:track:5ggrpXlZuFi9JkJLib6Kwo
letherette,"Brown Lounge, Vol. 2",Glare,spotify:track:5Hm7XWftWoupT0950hPQGQ
letherette,"Brown Lounge, Vol. 2",High As,spotify:track:5jwa4SyeTqFLg4zfzMjhY5
letherette,"Brown Lounge, Vol. 2",Hold Close,spotify:track:4xRAn1AFFhNIQALU1mfqFz
letherette,"Brown Lounge, Vol. 2",In Love,spotify:track:4lV7zgO8ZWLrQBGOTbIjZ0
letherette,"Brown Lounge, Vol. 2",Inward,spotify:track:5Zvze9k8v07bZpRSVYRyvn
letherette,"Brown Lounge, Vol. 2",Kung,spotify:track:3GlGsSQ2AKLuDhO7fTqFPe
letherette,"Brown Lounge, Vol. 2",Long Breath,spotify:track:6EJDkhRyHaaeizrdCcBpoz
letherette,"Brown Lounge, Vol. 2",Malfun,spotify:track:5NjPzgdVyQM8TizXvFB8tN
letherette,"Brown Lounge, Vol. 2",Penny Chew,spotify:track:3NHJ4SFz1CGtnJlvoiNpbe
letherette,"Brown Lounge, Vol. 2",Scramthum,spotify:track:76wkclU8HouI2yye96lg9W
letherette,"Brown Lounge, Vol. 2",Shuffle,spotify:track:55tdf4rb1DTvEAtXUUlYsu
letherette,"Brown Lounge, Vol. 2",Snake,spotify:track:0NCnTX8qUmzclQVYJlB0CX
letherette,"Brown Lounge, Vol. 2",Stut,spotify:track:0Tdnaav1tnMuHrvJv5IukK
letherette,"Brown Lounge, Vol. 2",The Other,spotify:track:70dqsulq3KEqMVfVF2Cbhg
letherette,"Brown Lounge, Vol. 2",Twinkle,spotify:track:5vVCMMReWtCYo4RVLo6tJn
letherette,"Brown Lounge, Vol. 2",Warm,spotify:track:14DbobOfoGd8e2kXimGXYh
letherette,"Brown Lounge, Vol. 2",Wrong,spotify:track:63MTypm9YlP4znKbL1qaJD
letherette,"Brown Lounge, Vol. 3",Darling,spotify:track:1KdpdudWOYvYR6iVkbSr8G
letherette,"Brown Lounge, Vol. 3",Ear Diss,spotify:track:1ygm4VcP13ipIyL3qz6EvL
letherette,"Brown Lounge, Vol. 3",Get You,spotify:track:08dYwvgNamYOJ6khi52kPj
letherette,"Brown Lounge, Vol. 3",Heart to Heart,spotify:track:34HG9ylAmdZuEQNHDMgWyY
letherette,"Brown Lounge, Vol. 3",Is It Real,spotify:track:5vNMYhh0aCQob5oROCM5Gv
letherette,"Brown Lounge, Vol. 3",Lexette,spotify:track:2wUv6FojZlJ79P3Amtu2tF
letherette,"Brown Lounge, Vol. 3",Moedueao - Pyramid Vritra,spotify:track:1VbuWXJDc2IgslQHttSZ5u
letherette,"Brown Lounge, Vol. 3",Money,spotify:track:708ixYsi5tfph6fdibYODq
letherette,"Brown Lounge, Vol. 3",Oh Ho,spotify:track:4hEzLcAfSvPl4mO2pFZahL
letherette,"Brown Lounge, Vol. 3",Reata,spotify:track:4KF6skV7OafLL8yQEKSXIb
letherette,"Brown Lounge, Vol. 3",Ruff Tuff,spotify:track:67FyspU8Ie8HYhkcOu0qUx
letherette,"Brown Lounge, Vol. 3",Slumpt,spotify:track:52aXSPnwjxAkODgi2URn99
letherette,"Brown Lounge, Vol. 3",This Time,spotify:track:01wNgppKZtvmMtYII4QLFp
letherette,"Brown Lounge, Vol. 3",Tramphum,spotify:track:48rMO5gBAuSOkNhOM1o6e5
letherette,"Brown Lounge, Vol. 3",Twiddle,spotify:track:20CoMYaojuUUgST0qbIxUb
letherette,"Brown Lounge, Vol. 3",Way Ah,spotify:track:5d6UrodixkhXGZ7BT0qA98
letherette,"Brown Lounge, Vol. 3",Work It Baby,spotify:track:5bkDVTQTKn7hMl14leI9Wf
letherette,"Brown Lounge, Vol. 3",Yuss,spotify:track:7ygf8Ikaa1bolLoCfSWUQ6
letherette,"Brown Lounge, Vol. 4",Amy,spotify:track:3ZVu8Lc8sHf9czkRLfQRVC
letherette,"Brown Lounge, Vol. 4",Bab,spotify:track:55CZaEGWZC5yIopFcQatEP
letherette,"Brown Lounge, Vol. 4",Beef Gun,spotify:track:7f20N3FY52fHZKUVFesIeK
letherette,"Brown Lounge, Vol. 4",Blue,spotify:track:2I5hkbaJUxIExT4x0pO9Fh
letherette,"Brown Lounge, Vol. 4","Brown Lounge, Vol. 4 - Continous Mix",spotify:track:1CgCH81Qpf5ZNplahyjZyV
letherette,"Brown Lounge, Vol. 4",Call Out,spotify:track:7eaV60JPBtldSpMpJelaTE
letherette,"Brown Lounge, Vol. 4",Green,spotify:track:6rmXqFq7ZXpl21F7LrGFBF
letherette,"Brown Lounge, Vol. 4",I Need You,spotify:track:6oCqHtpG72unn4YDtokjcl
letherette,"Brown Lounge, Vol. 4",Love Note,spotify:track:5kR1ViG8TvqRUaWm0aEDTg
letherette,"Brown Lounge, Vol. 4",Lumps,spotify:track:3IeK4iSKvXXKAmSWbhbEUZ
letherette,"Brown Lounge, Vol. 4",Make Us See,spotify:track:0VkbJr0F99eYsWgLQT3bKw
letherette,"Brown Lounge, Vol. 4",Make You Mine,spotify:track:54Q6F2L0Je8RuKybr1EP4n
letherette,"Brown Lounge, Vol. 4",Mash,spotify:track:2ZSpQCZtiZL9BRFrU5qqP9
letherette,"Brown Lounge, Vol. 4",Me Myself,spotify:track:3UOxL5wSvNoJFFdmcSJvih
letherette,"Brown Lounge, Vol. 4",Nautilus,spotify:track:7nz5IWx85fa3lV2ech07VT
letherette,"Brown Lounge, Vol. 4",Slunk,spotify:track:2hWuhzyCBnHdq5sWKepw4G
letherette,"Brown Lounge, Vol. 4",Woop Baby,spotify:track:5FWPdgtQACI6DPE2CBPUpm
letherette,Last Night On The Planet,Bad Sign,spotify:track:26iLIHffAntqDzrWFdxZJT
letherette,Last Night On The Planet,Dog Brush,spotify:track:3y0xu2PACYJzGrdcl3AcWW
letherette,Last Night On The Planet,Frugaloo,spotify:track:0uJtHw7fpSQdljAEz3FS1E
letherette,Last Night On The Planet,Last Night on the Planet,spotify:track:5kyTe3Vj0xJujnhseKJkmv
letherette,Last Night On The Planet,Momma,spotify:track:7fKIJYSroee3qsrdRqpbcB
letherette,Last Night On The Planet,Rich & Dan,spotify:track:4c3YOeHLBe6hWbWUbJVsbS
letherette,Last Night On The Planet,Rubu,spotify:track:4R2hXcaE6lg3Hm10aQPNOl
letherette,Last Night On The Planet,Shanel,spotify:track:7I3aKPPcAXkMyt1e3kjpND
letherette,Last Night On The Planet,Soulette,spotify:track:6JKmhIML8ruZ1vmSmVkTLI
letherette,Last Night On The Planet,Wootera,spotify:track:5PiIbcOwpjGoua4KbQQiEI
Lex Amor,Mood,Mood,spotify:track:67kM8ng5MbvmsilnkcjLGD
Lex Amor,Pink,Pink,spotify:track:6Xfy1B9OuckQaBcuOcYvEU
Lex Amor,Transits,Transits,spotify:track:0q1zswm3HKTXIbTyJq7sjN
Lexa Gates,Angel,Angel,spotify:track:01h2YaiMRGIgBx9QkJ6Ddi
Lexa Gates,Provider,Provider,spotify:track:08BFS5v1nfJO8cnNqmuZGS
Lianne La Havas,Blood,Ghost,spotify:track:32vbyo69yJq5WXyvHCF0Yp
Lianne La Havas,Blood,Good Goodbye,spotify:track:06nuS3YOuQ3WJfw0uJthjy
Lianne La Havas,Blood,Green & Gold,spotify:track:4HCcvFdHfwR2u3WPPPVRv6
Lianne La Havas,Blood,Grow,spotify:track:12iM6FO2IN8ZoZ1qq1Hgv0
Lianne La Havas,Blood,Midnight,spotify:track:2YtCVNJbORhMnxTtIaj6fk
Lianne La Havas,Blood,Never Get Enough,spotify:track:7y67FNnhsOd8edsC7cyXr5
Lianne La Havas,Blood,Tokyo,spotify:track:02SUyCzxfqllXeEUqVNMVv
Lianne La Havas,Blood,Unstoppable,spotify:track:2KIWOMOpoXkTipAh8Oqj8B
Lianne La Havas,Blood,What You Don't Do,spotify:track:4mityPmJpqtHea3y9qZLg6
Lianne La Havas,Blood,Wonderful,spotify:track:4yHN5jka3y5OTtGajxVCTc
Lifafa,Jaago,Candy,spotify:track:6jql1IW1KU4LxozuPpGYij
Lifafa,Jaago,Chaku Chidiya,spotify:track:7awPjXhfiKZJG2Q43J0xEL
Lifafa,Jaago,Din Raat,spotify:track:2PvYiLbxSTMuMnbS95g2NY
Lifafa,Jaago,Ek Nagma,spotify:track:5jU1g2XwItLlREmuecfO0Y
Lifafa,Jaago,Jaago,spotify:track:0zyhmMx0b3CFDfyOuh2ZmC
Lifafa,Jaago,Mere Saath,spotify:track:2OHFNXvS3lm6CUUIXfXJ4H
Lifafa,Jaago,MJRH,spotify:track:5YYf166SQHPpN8jjlRkjkf
Lifafa,Jaago,Nikamma,spotify:track:0bO9mhJpH5R5ixn9Gv8F6O
Life Is Better Blonde,Fires,Fires,spotify:track:6kC3859BshQBC36ccGgSVJ
Life Is Better Blonde,Follow Me,Follow Me,spotify:track:5m38Ln8IlzDOwCeLc0Qho0
Life Is Better Blonde,Mine,Mine,spotify:track:0zQO4ubRhngWex5jhBVDrZ
Life Is Better Blonde,My God is Not Going to Like You,My God is Not Going to Like You,spotify:track:6w3EbiGmraHikxNDtmm4oJ
Life Is Better Blonde,Space + Tyres,Easy,spotify:track:1oXXhDtBGIKvSsu5tMiEEn
Life Is Better Blonde,Space + Tyres,Fires,spotify:track:4E5Su583FuMCfS0lS83j12
Life Is Better Blonde,Space + Tyres,Follow Me,spotify:track:3uvPQI4ICiuUL43NmuJ84a
Life Is Better Blonde,Space + Tyres,Mine,spotify:track:2uHeabfVTM4fZ1GshVj2rD
Life Is Better Blonde,Space + Tyres,Red Sky,spotify:track:6D7nA9DacEykAdnU7Up8js
Life Is Better Blonde,Strange Organism,Strange Organism,spotify:track:5ybXB9FyYfHnToCVqcA6GL
Life Is Better Blonde,Swim Good,Swim Good,spotify:track:1RkYRNYTyAQqd6BYbU1gjn
Limandi,FUCK. IT.,One Day I'll Be Proud,spotify:track:1WAY2iXXwO0RvejIDTCqA3
Lime,"Babe, We’re Gonna Love Tonight","Babe, We're Gonna Love Tonight - Jacques Greene Remix",spotify:track:2xzjlpGtCcBjgKC8Qg0Kq5
Lipka,Grande giocatore,Change,spotify:track:4BOdCKuO8W8OwSuFdUxVop
Little Dragon,DJ-Kicks (Moodymann),Come Home - Mixed,spotify:track:0dE24EUowbBYe4bHLn5dXd
Little Dragon,Little Dragon,After The Rain,spotify:track:7x0MfsBlzpTY7KMLUXsiJU
Little Dragon,Little Dragon,Constant Surprises,spotify:track:1hLMDoAaoCTGi9MTYIU22W
Little Dragon,Little Dragon,Forever,spotify:track:01dIRb3nfRaD4rhKXzEngd
Little Dragon,Little Dragon,No Love,spotify:track:6rZg1eXLO6nuQzynYrLv4b
Little Dragon,Little Dragon,Place To Belong,spotify:track:4GaRhKMGc161Nw9cQhtoYH
Little Dragon,Little Dragon,Reccomendation,spotify:track:77AgVnUGMi8LFXJjlpUI7v
Little Dragon,Little Dragon,Scribble Paper,spotify:track:749HOG7h1mNsNbbCYFbh5F
Little Dragon,Little Dragon,Stormy Weather,spotify:track:0zu3Lmhn5tUqHR33uoX1y4
Little Dragon,Little Dragon,Test,spotify:track:2kJTwDF9AhyUpeafmbeDMs
Little Dragon,Little Dragon,Turn Left,spotify:track:2KZl2IIb1HUFyWZZMCxlIa
Little Dragon,Little Dragon,Twice,spotify:track:49Su9fsYwmnnuJSyxj48kL
Little Dragon,Little Dragon,Wink,spotify:track:09qrKDU4NHt892jtAcZgiU
Little Dragon,Machine Dreams,A New,spotify:track:47LapIOjkAaeaC2uk7xwAO
Little Dragon,Machine Dreams,Blinking Pigs,spotify:track:5ANI8GnWbNU0gPbkVrxgKh
Little Dragon,Machine Dreams,Come Home,spotify:track:5kkx0HWGNmaYQQKFxEXQCm
Little Dragon,Machine Dreams,Feather,spotify:track:6WDAtzaXY7d31CkuoxYFcb
Little Dragon,Machine Dreams,Fortune,spotify:track:6CF6W5mar4Cno4pbqXHlFb
Little Dragon,Machine Dreams,Looking Glass,spotify:track:4rcLiY1MjSrjc76oWykuxP
Little Dragon,Machine Dreams,My Step,spotify:track:5zDXJzKkLAr5CDOhm9SF3C
Little Dragon,Machine Dreams,Never Never,spotify:track:0DObUJiQ3lDnW3ISzuJACL
Little Dragon,Machine Dreams,Runabout,spotify:track:3hCAGhO6ldRucFaym6dIrx
Little Dragon,Machine Dreams,Swimming,spotify:track:1DFNH1XUoXmbqkQWcxTnEZ
Little Dragon,Machine Dreams,Thunder Love,spotify:track:020jWRVaytvj1OaNJatG3W
Little Dragon,Nabuma Rubberband,Cat Rider,spotify:track:5pHUIa6TqHKGNmMAtGVfUC
Little Dragon,Nabuma Rubberband,Killing Me,spotify:track:2eH9VER5JTMldjsciVUbE6
Little Dragon,Nabuma Rubberband,Klapp Klapp,spotify:track:6wvyANOe9WXKjlpV0ePYR1
Little Dragon,Nabuma Rubberband,Let Go,spotify:track:26IhTgfM3uKe4JlNMeYZZz
Little Dragon,Nabuma Rubberband,Lurad,spotify:track:3emf7iIzVwYQ9S1gc3UIqH
Little Dragon,Nabuma Rubberband,Mirror,spotify:track:0kWRiIWAMZHabah25Ic5sC
Little Dragon,Nabuma Rubberband,Nabuma Rubberband,spotify:track:0QUFTeJlKmIoepnIVHKT99
Little Dragon,Nabuma Rubberband,Only One,spotify:track:5yiuuYf3pbNhNfkm0H8Nqk
Little Dragon,Nabuma Rubberband,Paris,spotify:track:13NVnPx18PtHzmdMfW1Udw
Little Dragon,Nabuma Rubberband,Pink Cloud,spotify:track:6eRJQiSHlat0uVFEuHeLFv
Little Dragon,Nabuma Rubberband,Pretty Girls,spotify:track:5AzWlN5QxhhZ9OyVWjItTl
Little Dragon,Nabuma Rubberband,Underbart,spotify:track:6GBppIYraAPKGMMVtMlxyV
Little Dragon,Ritual Union,Brush The Heat,spotify:track:7k07NPyfLRHFe2lMZMwVqp
Little Dragon,Ritual Union,Crystalfilm,spotify:track:5bBrbeCtAntjU0SOUXnIC8
Little Dragon,Ritual Union,Little Man,spotify:track:714TY3YgigKX2jIX7SREwF
Little Dragon,Ritual Union,Nightlight,spotify:track:2QY6M9htOiT952DAGgo55m
Little Dragon,Ritual Union,Please Turn,spotify:track:5tLgnISuUaVTwvrWzFacA0
Little Dragon,Ritual Union,Precious,spotify:track:3Yjy13EV25HamJECcPTInJ
Little Dragon,Ritual Union,Ritual Union,spotify:track:5uTjNzGKCQ50synrf9dWmT
Little Dragon,Ritual Union,Seconds,spotify:track:0llA9ZNdfxhX7v3vUqV1SP
Little Dragon,Ritual Union,Shuffle A Dream,spotify:track:1ysjc3rxHEEUGBLhrF8IMn
Little Dragon,Ritual Union,Summertearz,spotify:track:1Ee4RWcItFvhA7uOob5vI4
Little Dragon,Ritual Union,When I Go Out,spotify:track:6c63enB2d7YzAFUemgK7zQ
Little Dragon,Season High,Butterflies,spotify:track:0Cw1siATUVDv8xB2BewCHj
Little Dragon,Season High,Celebrate (feat. Agge),spotify:track:2nX1N3PfajGFPYAxskXwRu
Little Dragon,Season High,Don’t Cry,spotify:track:1Cye8xiK19Tl7i4YInPhME
Little Dragon,Season High,Gravity,spotify:track:2ye7MmwVMopyB2dk3JJlox
Little Dragon,Season High,High,spotify:track:3D049Sbjbtn5PjKFSlcv2R
Little Dragon,Season High,Push,spotify:track:6G7FkynscMmSTVwyjt4gRQ
Little Dragon,Season High,Should I,spotify:track:1TaUb4CCA5yiZYCO7DbVm5
Little Dragon,Season High,Strobe Light,spotify:track:38ICx5c1Cd2AwDhug47cov
Little Dragon,Season High,Sweet,spotify:track:5sG0ZPNGTXOQ4bXMO3gHMn
Little Dragon,Season High,The Pop Life,spotify:track:7oSW6VsoEpuwY4RDZLpenT
Little People,Landloper,All the Wonders,spotify:track:5K4qOFombRDV6a3HufhVgX
Little People,Landloper,Don't Give Up,spotify:track:3y3CXyEk36URLX78ajn80r
Little People,Landloper,Embrace,spotify:track:1HQIk1Aph7aKXeBGicsoUd
Little People,Landloper,How to Navigate,spotify:track:6lFjknz05AnLIMz0VA76js
Little People,Landloper,Lozenge Less,spotify:track:1uuQm7XZMeWiVLvTUPnJ1V
Little People,Landloper,Maybe It's Wrong,spotify:track:2UHSvoszrGS6gKrLt7tH4z
Little People,Landloper,PDX,spotify:track:1vvrjsPhqwlHwMexrYDys9
Little People,Landloper,Rouge,spotify:track:5UXmtCVwqldCz4lFsEV4u9
Little People,Landloper,Skies Turn Blue,spotify:track:7trVpC1zsSrH9PHshYclG9
Little People,Landloper,Slow Shimmer,spotify:track:2WFmlytfzF8dRiMmZ3VykV
Little People,Landloper,Sponk,spotify:track:0eg2WjTORxuCMfxRMUxSs1
Little People,Landloper,Talk to Me,spotify:track:3eHRvruQ8CxXFRRAGNGZsK
Little People,Landloper,Tonight,spotify:track:7482Jxvolq1uYbouDSSZfQ
Little People,Mickey Mouse Operation,Above The Clouds,spotify:track:3ykW6QCJkD26NIHev6qhht
Little People,Mickey Mouse Operation,Basique,spotify:track:5x823Kkxfwzs8d6mLgGk6y
Little People,Mickey Mouse Operation,Behind Closed Doors (Edit),spotify:track:1HucmDkA4vVL7XXzuszR9S
Little People,Mickey Mouse Operation,Breathe Again,spotify:track:4zEn4rJiZfM5wMfYKe1cpV
Little People,Mickey Mouse Operation,Eitheror,spotify:track:1bhRkHaQAVKNlH4arrrJQv
Little People,Mickey Mouse Operation,Fisticuffs At Dawn,spotify:track:2T8JelG14VBFUh0iiw4BkJ
Little People,Mickey Mouse Operation,Gravitas,spotify:track:2I7vBFkgjNPBDQgX3Wp5B9
Little People,Mickey Mouse Operation,Idiom,spotify:track:6RDwxwHO8gMuULJwpXEN6j
Little People,Mickey Mouse Operation,Intermezzo,spotify:track:5CFafAQg3agw4NONL48HKi
Little People,Mickey Mouse Operation,Inutile Et Indispensable,spotify:track:1n8v1S5WpyZxl7cC6H9wzg
Little People,Mickey Mouse Operation,Last Fare,spotify:track:6JvMs7woqyqvPkwrcd9D52
Little People,Mickey Mouse Operation,Moon,spotify:track:6QLp8WLQlkqSd9l5fEt36R
Little People,Mickey Mouse Operation,Start Shootin',spotify:track:4IUgpL0CgSiloUOHzgd6Qe
Little People,Mickey Mouse Operation,Unsaid,spotify:track:4ly7vLor2IwOhtvvAoQi1G
Little People,We Are but Hunks of Wood,Aldgate Patterns - Marley Carroll Remix,spotify:track:1rTJARSlMssBbl7iEtZHsR
Little People,We Are but Hunks of Wood,Carefully,spotify:track:6YL3u5DlRkS0q6aoljEhhk
Little People,We Are but Hunks of Wood,Cartouche - Escaping Animals Remix,spotify:track:3hK1iMvLZdjwoKZYD0PJxd
Little People,We Are but Hunks of Wood,Electrickery - Joey Fehrenbach Remix,spotify:track:3JNON1jA3viabGmUDiMoHw
Little People,We Are but Hunks of Wood,Electrickery - Rachael Boyd Remix,spotify:track:3MqfRCwNuOTIj9RECMVmcB
Little People,We Are but Hunks of Wood,Eminence Grise - Set In Sand Remix,spotify:track:5P8HJfGaixY5PLvUX49Bz4
Little People,We Are but Hunks of Wood,Farewell - Sun Glitters Remix,spotify:track:42Oy7lcKHHlfXV3Qej8R56
Little People,We Are but Hunks of Wood,Offal Waffle - Emancipator Remix,spotify:track:5gNvgyrAA5yNzbVelMoxHo
Little People,We Are but Hunks of Wood,Offcut #1,spotify:track:2BW6yUntTUWdEYfUEV00Rp
Little People,We Are but Hunks of Wood,Offcut #2,spotify:track:0UGxIFCxDWBAOKveZ2v5eF
Little People,We Are but Hunks of Wood,Offcut #3,spotify:track:2wNv5M1qkzOcgXlYHu12Aj
Little People,We Are but Hunks of Wood,Offcut #4,spotify:track:0F1FN848MgwgIqRCR3Or9Z
Little People,We Are but Hunks of Wood,Offcut #5,spotify:track:3cSIOk0jnMyLy4mewhHOAS
Little People,We Are but Hunks of Wood,Offcut #6,spotify:track:5vTMXJ0Li3Bb0pzTAfPfIS
Little People,We Are but Hunks of Wood,Offcut #7,spotify:track:0O3qKaRjoKxTqs7qnl4yRV
Little People,We Are but Hunks of Wood,Wonderland - Blockhead Remix,spotify:track:3c89lThmTwscjO1nuuTv5m
Little People,We Are but Hunks of Wood,Wonderland - Instrumental Dub,spotify:track:0SDbdaxh5p3kqfzVzY6zFO
Little Simz,GREY Area,101 FM,spotify:track:4Vk4Yf7pDmB1dxLFSTjBUH
Little Simz,GREY Area,Boss,spotify:track:1TNLYKpEPZ0g6jQq34pDcU
Little Simz,GREY Area,Flowers,spotify:track:4GEV63x0iGcXTLdcJHH4mm
Little Simz,GREY Area,Offence,spotify:track:4cakdyTV2GRb9ktqBNMChH
Little Simz,GREY Area,Pressure,spotify:track:7s4KJfudoi8wE84JgBwxdN
Little Simz,GREY Area,Selfish,spotify:track:2G2k2ZFsQkIEkAWDTvqHXM
Little Simz,GREY Area,Sherbet Sunset,spotify:track:3vom6LLLpSIE5hStxqkaPp
Little Simz,GREY Area,Therapy,spotify:track:6Vc8I8pCsC914pHTzaMwtl
Little Simz,GREY Area,Venom,spotify:track:3A0ITFj6kbb9CggwtPe55f
Little Simz,GREY Area,Wounds,spotify:track:5yuRoOUHov0Y7TBEH0shOR
Little Simz,NO THANK YOU,Angel,spotify:track:4pGxnHLyli1TLkRFHyBxo0
Little Simz,NO THANK YOU,Gorilla,spotify:track:0pJO1tc1GpnxFyQp6Zp82r
Little Simz,Stillness In Wonderland,Backseat,spotify:track:2Rl7RvM8RNEyCj1bLidnaJ
Little Simz,Stillness In Wonderland,Bad To The Bone,spotify:track:4rhhqN4mQYVHdxoi1J58oP
Little Simz,Stillness In Wonderland,Cheshire's Interlude: Misled,spotify:track:16fYuBwMogSAv2k6UhJG7H
Little Simz,Stillness In Wonderland,Cheshire's Interlude: Stay,spotify:track:7HgyP0n7pyJbMlyNBZ2qtF
Little Simz,Stillness In Wonderland,Cheshire's Interlude: Welcome To Wonderland,spotify:track:2VCcMt67pQmls7mfxxibNk
Little Simz,Stillness In Wonderland,Customz,spotify:track:6mWvTYeSJ8yqeWdK6u6Tp0
Little Simz,Stillness In Wonderland,Days Like This - Interlude,spotify:track:1181Wooj6F08J3IjaDMGeP
Little Simz,Stillness In Wonderland,Doorways + Trust Issues,spotify:track:1pyjOAkAIu3F83tpIDLqgl
Little Simz,Stillness In Wonderland,Good For What,spotify:track:2cDUHCvCCvh4DvK1fVVAU8
Little Simz,Stillness In Wonderland,Her - Interlude,spotify:track:3wZ7yq1kI2N5Xm9L5XOa6T
Little Simz,Stillness In Wonderland,King Of Hearts,spotify:track:1fjQx2kgxEWvH8kPYs9reM
Little Simz,Stillness In Wonderland,LMPD,spotify:track:0aF4ZLco7dwmDRDXwbpTkH
Little Simz,Stillness In Wonderland,Low Tides,spotify:track:5LBuc0fKp1UCySZ7Jpi9Aq
Little Simz,Stillness In Wonderland,Morning w/ Swooping Duck,spotify:track:3e8B0xyat5GVDMyf94JQ2t
Little Simz,Stillness In Wonderland,No More Wonderland,spotify:track:1VyP3LBkYUNGbak2aEwuNA
Little Simz,Stillness In Wonderland,One In Rotation + Wide Awake,spotify:track:4HGabMXDHtjOYTNihq6YXF
Little Simz,Stillness In Wonderland,Our Conversations w/ Badbadnotgood,spotify:track:5Z8djxiUdWwprRTJWN035z
Little Simz,Stillness In Wonderland,Out of sight (yhyh),spotify:track:0CJgUhLHQuzHQnegA77DPr
Little Simz,Stillness In Wonderland,Phases,spotify:track:0XHF7FoLHO2YPYT69srbV2
Little Simz,Stillness In Wonderland,Picture Perfect,spotify:track:0wj83HMq9OJkE3brNON4kX
Little Simz,Stillness In Wonderland,Poison Ivy,spotify:track:4BROEgRNiwUhYtxxB5rqxQ
Little Simz,Stillness In Wonderland,Shotgun,spotify:track:2KlgVJHyLEzEI4aBiGptij
Little Simz,Stillness In Wonderland,Zone 3,spotify:track:4gi9Gznhb85fWgloRAhSst
Little Simz,Young,Young,spotify:track:1SSeXpZJz5LY0tM4H8bmfC
Lizzie Berchie,Under the Sun (Deluxe),Pass Time,spotify:track:7K4ljQxjbS9OKDJAlSDWWA
Loaded Honey,Homemade Gun,Homemade Gun,spotify:track:0Le8SVLxb2RjZGGXEcTv1J
Loaded Honey,Lessons,Lessons,spotify:track:7dcNsaYCgtycbQYYPj5bao
Loaded Honey,Only Gonna Let You Down,Only Gonna Let You Down,spotify:track:1IWCWqoM5uaKP2juiC04KD
Loaded Honey,Only Gonna Let You Down,Only Gonna Let You Down,spotify:track:2thNUZVLGn9rSWpN5pkN4k
Local Artist,Dancer,Dancer,spotify:track:6MswOHE8jaGmtfvafSxIyy
Logic1000,DJ-Kicks: Logic1000,fused (DJ-Kicks) - Mixed,spotify:track:6LcaPklA8NFxAUhdN7QmwS
Logic1000,Safe In My Arms / YourLove,Safe In My Arms,spotify:track:1pgmZnHzFNG8aS2GootLig
lojii,DUE RENT,do u,spotify:track:5q0j833Z1jYzpQ6nZHaIIh
lojii,DUE RENT,northern organix,spotify:track:4ZROo3NwUM3UusHizN33h3
Lola Young,This Wasn't Meant For You Anyway,Messy,spotify:track:35ISBknsCeZQtq66xABI9g
Lonnie Liston Smith,Expansions,Expansions,spotify:track:1DoWUjcc5sqpRioFPioogU
Lord Akira,La Luna,La Luna,spotify:track:6QxQCTFjhY31pGUHW3nKpc
Lord Apex,Em3,Em3,spotify:track:7vg5eSBEBbwmGLA5KzwdX9
Lord Apex,"High Stakes, Low Ryder",100% Complete,spotify:track:3GUNpbpq3XWvnIrdOw0Vqx
Lord Apex,"High Stakes, Low Ryder",2004,spotify:track:2nQOgwx8GK54EkuLGae9Sv
Lord Apex,"High Stakes, Low Ryder",Air Raid,spotify:track:4fTOmxDrWPW3t4039UcH2b
Lord Apex,"High Stakes, Low Ryder",Badlands,spotify:track:5SpuQjDrT4CQIQ9LMAIbpP
Lord Apex,"High Stakes, Low Ryder",Catalina,spotify:track:3HqhkfM26fYwrXTIKhRC12
Lord Apex,"High Stakes, Low Ryder",Cheetah,spotify:track:20qdDWbQhgUTXmzDHU1qg4
Lord Apex,"High Stakes, Low Ryder",Drive-Thru,spotify:track:0cDhkhlo3aDolVV8ZQReYZ
Lord Apex,"High Stakes, Low Ryder",Green Goo,spotify:track:2tOy0VsZXWuNlBIYA1jEOc
Lord Apex,"High Stakes, Low Ryder",GTSA,spotify:track:65bcaAKkX9HsIfdNmqGeWL
Lord Apex,"High Stakes, Low Ryder",High Noon,spotify:track:0sU2Si210mYuMCobg2aarJ
Lord Apex,"High Stakes, Low Ryder",In the Beginning,spotify:track:5BDfCoPNSr3iZthPpL7AJY
Lord Apex,"High Stakes, Low Ryder",Just Business,spotify:track:3uqWcpN2mtpaOM5dzswb0J
Lord Apex,"High Stakes, Low Ryder",Key to Her Heart,spotify:track:0MpCA20wogoicQPYHfvvbQ
Lord Apex,"High Stakes, Low Ryder",PCJ-600,spotify:track:5M0388ZYLWD4orsIaeXKSQ
Lord Apex,"High Stakes, Low Ryder",R2 X L1 L1 L2 L2 L2 X,spotify:track:29qjD2LRnrtnqsjU7FiVOR
Lord Apex,"High Stakes, Low Ryder",Sweet's Girl,spotify:track:0QwYbIujuzRt7tNuOsJUuA
Lord Apex,"High Stakes, Low Ryder",Tagging Up Turf,spotify:track:37Jqwy1jkNr4UYDBqKZ9HR
Lord Apex,"High Stakes, Low Ryder",Verona Beach,spotify:track:5q7FESdt7R4LRgd98YHaHX
Lord Apex,"High Stakes, Low Ryder",Vertical Bird,spotify:track:57rPaizgxv0l3RVmbLuWAl
Lord Apex,"High Stakes, Low Ryder",Wu Zi,spotify:track:1FMkYdlw5aOWjUJGF0CCuY
Lord Apex,S.O.I.L.,Make It Work,spotify:track:1TY8G0xSSh7f74EtJbhX7Q
Lord Apex,S.O.I.L.,Snoop SNL,spotify:track:0GhdoJWc70awIFZtuwfLco
Lord Apex,S.O.I.L.,Sunny Daze,spotify:track:3ygzrmfuWX3MyvCFPibopy
Lord Apex,S.O.I.L.,Wet Wet,spotify:track:4mWB17Sf4mOFuqPByfPccX
Lord Apex,S.O.I.L.,What's Good,spotify:track:6BVv0fTvNDSvV4Hfr93pou
Lord Apex,"Smoke Sessions, Vol. 2",Blanka Buds,spotify:track:65GdigQC1gBnJ2RMUicO6b
Lord Apex,"Smoke Sessions, Vol. 2",Em3,spotify:track:5QEL6qrZJH0yY5QnqbTHos
Lord Apex,"Smoke Sessions, Vol. 2",Fistful of Real,spotify:track:1brPWg7YwEwKQEC9ITGs7a
Lord Apex,"Smoke Sessions, Vol. 2",Mr. Metaphysical,spotify:track:34lkI3mk6eSJAYuoLUoZ4N
Lord Apex,"Smoke Sessions, Vol. 2",Pulse Prisms,spotify:track:0EdXcxex0noFy9PGM1Ec2J
Lord Apex,"Smoke Sessions, Vol. 2",Sin City Kush,spotify:track:1sF1WrQAGGp8SRcLUmjknj
Lord Apex,"Smoke Sessions, Vol. 2",Ssv2,spotify:track:3cEms4r71KC9Wqm14wVUQ8
Lord Apex,"Smoke Sessions, Vol. 2",Vintage Garms,spotify:track:2P5mpQY0luJnprRSeVapAB
Lord Apex,"Smoke Sessions, Vol. 2",Whats the World Mean to You,spotify:track:4v29GbADMDF7xGPuAX3Sy8
Lord Echo,Curiosities,Arabesque,spotify:track:4TMBGbe9o2bX0vkfwGj5pU
Lord Echo,Curiosities,Bohemian Idol,spotify:track:29xf5nc1MstbSeMmoSqyHV
Lord Echo,Curiosities,Digital Haircut,spotify:track:1izYPTS6wH2nkqvDMIxvv2
Lord Echo,Curiosities,Endless Dawn,spotify:track:3Bzll1AIy1twUITyigvvCL
Lord Echo,Curiosities,Ghost Hands,spotify:track:609UEoB7MdsnSUxApdyTXi
Lord Echo,Curiosities,Molten Lava,spotify:track:6eKWupt6hncrMQovZTLBSu
Lord Echo,Curiosities,Put It in My Head,spotify:track:3TJyDBwBwbJDwQmvQG3V0Y
Lord Echo,Curiosities,Street Knowledge,spotify:track:35csUUXp8RvXUa3FEI2rii
Lord Echo,Curiosities,The Creator Has a Master Plan,spotify:track:5epSaObThf9YLGYjLUY2HZ
Lord Echo,Curiosities,What Is That Feeling,spotify:track:5nwBCsrx4yWsCxtwAV50ph
Lord Echo,Harmonies,C90 Eternal,spotify:track:1MqBJTzZZOvIDQ8leMlhmX
Lord Echo,Harmonies,I Love Music,spotify:track:4yyRfi9IPN3VXmPLZUFwpd
Lord Echo,Harmonies,In Your Life,spotify:track:5p6So4cj6s5JqWcCgtyJ5g
Lord Echo,Harmonies,Just Do You,spotify:track:1CoeAT60i6nt3Qa3NiwIi2
Lord Echo,Harmonies,Life on Earth,spotify:track:0JH6XDgzDXlM8xLotEjebL
Lord Echo,Harmonies,Low to the Street,spotify:track:6lzAGvpGoMJq3Y601qvqUa
Lord Echo,Harmonies,Makossa No. 3,spotify:track:45GyOy7TLJABZo7WTiz4Ou
Lord Echo,Harmonies,Note from Home,spotify:track:48YX95ubhgxWLicRV55w1P
Lord Echo,Harmonies,The Sweetest Meditation,spotify:track:1QVF9JOvsO9koQhq1XQTzy
Lord Echo,Harmonies,Woah! There's No Limit,spotify:track:6Rd2NhQnVeDBMUti7BiS90
Lord Echo,Melodies,Blueberry Jam,spotify:track:6QGxe1lGNmHeY1qqOWqDJq
Lord Echo,Melodies,Cosmic Echoes,spotify:track:7BE24OjRGIYzdi4bKgqnu1
Lord Echo,Melodies,Honest I Do,spotify:track:6sjKEh3b3w39zU2yXXwsUD
Lord Echo,Melodies,Miracle Dance,spotify:track:2qXrhdQsvI9myNQDIoGI2w
Lord Echo,Melodies,Rhythm 77,spotify:track:4rwfvxuf5nlwNHvR6RClXJ
Lord Echo,Melodies,Sword Cane,spotify:track:3fATpAE1oMr7WYz3IBkmoG
Lord Echo,Melodies,Terabu,spotify:track:5oLPCg1nHYU5oa6hhjujoc
Lord Echo,Melodies,That's Right,spotify:track:13sjXB4DOFvBe2xWoQqHxK
Lord Echo,Melodies,The Book Keeper,spotify:track:24fAveZUoo5CVKcqUcFU29
Lord Echo,Melodies,Thinking of You,spotify:track:1iMOlA78LDd12ZHhuBNDh6
Lord Echo,Melodies,Wang East,spotify:track:3TYNyZF3ZuuBzellB8DAT2
Losian,Marian Court,Marian Court,spotify:track:6PPnD7ev9EvzKBnlV6riG4
Louf,Infinity Room,Lost Touch,spotify:track:0yftxXI9C23dZvIIbiO30f
Louis VI,Lonely Road of the Dreamer,Chasing Me,spotify:track:3g3eLcWgQ8vIDDHqaU83Ur
Louis VI,Lonely Road of the Dreamer,Feelin' Something,spotify:track:30Y1Y4vuTKnM6A6BinqEn8
Louis VI,Lonely Road of the Dreamer,Fly Pigeon Fly,spotify:track:2tXwr6nLXpQ9v3x97qX1KW
Louis VI,Lonely Road of the Dreamer,Freeparking,spotify:track:1IwKUI3pyHxVj1OOUbSBKq
Louis VI,Lonely Road of the Dreamer,Outroneous,spotify:track:1P4Qb3HWjkSCfOhKOmtRpZ
Louis VI,Lonely Road of the Dreamer,Please Be There,spotify:track:3xCfklOqbk1wPGcXl6YmuS
Louis VI,Lonely Road of the Dreamer,Question Mark,spotify:track:5pzxTrOGKHCOcwwsQMbz4J
Louis VI,Lonely Road of the Dreamer,Space Dust,spotify:track:6IXwos39H4rikePo1bif8B
Louis VI,SUGAR LIKE SALT,Black Opus,spotify:track:5EmVVz0EjKpH24LLzyouJR
Louis VI,SUGAR LIKE SALT,Confidence,spotify:track:1RPcAedCTbQPLe21a3mAhH
Louis VI,SUGAR LIKE SALT,False Faces,spotify:track:4HA2Jrwh6mftodCKRoW6CS
Louis VI,SUGAR LIKE SALT,Floatin',spotify:track:5iY5w29iCwJmQrZ2yo0GuR
Louis VI,SUGAR LIKE SALT,Free Your Mind,spotify:track:3MoZmRz2DTmbXyIouL1YGM
Louis VI,SUGAR LIKE SALT,Jazz Got Me,spotify:track:01UHYCiwhLwlmuWQZg5phl
Louis VI,SUGAR LIKE SALT,Mindstate,spotify:track:5KEgdMa1H3vjctag8YfhhQ
Louis VI,SUGAR LIKE SALT,Poison Love,spotify:track:00VxVyE0eQd6iWFUai23Jo
Louis VI,SUGAR LIKE SALT,Sugar Like Salt,spotify:track:6LNclTxKp49hoiDIdulynw
Louis VI,SUGAR LIKE SALT,Thurgood,spotify:track:7xKtQGhm78hGb8HElUVaYR
Louis VI,SUGAR LIKE SALT,Track 7-Ish,spotify:track:7tz7qXGM7CzSjTrNLAfko5
Louis VI,SUGAR LIKE SALT,Waiting for the Intro,spotify:track:1LpIRa4qDvl2k9couZPxjO
Louis VI,SUGAR LIKE SALT,We Been Runnin',spotify:track:1ZZgrs0wbKJ1tdEYl7XBjB
Louis VI,SUGAR LIKE SALT,WEST,spotify:track:1eOamFtqQKfaOt4vSdKvcm
Low Flung,Blow Waves,Constant Structure,spotify:track:3tax497xvkQb3nEeLLXbsM
Low Flung,Type-D,Nectarine,spotify:track:4XOeTjwfZ084qyemSgZ9Zl
Loyle Carner,"Not Waving, But Drowning",Angel,spotify:track:4pjcxC0qgXWZWmcBjzn1az
Loyle Carner,"Not Waving, But Drowning",Carluccio,spotify:track:5AxhoDqSWt4WQjBvhh6aq3
Loyle Carner,"Not Waving, But Drowning",Dear Ben,spotify:track:6xWI9x7ojVUmvTxo1PzdgX
Loyle Carner,"Not Waving, But Drowning",Dear Jean,spotify:track:4mkIH8ixbQ7cpOvhzEL7jc
Loyle Carner,"Not Waving, But Drowning",Desoleil (Brilliant Corners),spotify:track:5rYTMjVkGioNF4MpSQISlg
Loyle Carner,"Not Waving, But Drowning",Ice Water,spotify:track:5wXZXabu8JyRGNHqgueUHm
Loyle Carner,"Not Waving, But Drowning",It’s Coming Home?,spotify:track:6EVvlyK0meZ3NqynLvIMsy
Loyle Carner,"Not Waving, But Drowning",Krispy,spotify:track:6ZizKmm2kQY7e77rXrlwWs
Loyle Carner,"Not Waving, But Drowning",Looking Back,spotify:track:0yJYiXx51WML5XvFz4Ihnh
Loyle Carner,"Not Waving, But Drowning",Loose Ends,spotify:track:6dEe0H4vjEyy2ukczkB25o
Loyle Carner,"Not Waving, But Drowning","Not Waving, But Drowning",spotify:track:6pmbqukeG0WgphcHbAoLzj
Loyle Carner,"Not Waving, But Drowning",Ottolenghi,spotify:track:64I9byMYBlS1ARsC3vtpgW
Loyle Carner,"Not Waving, But Drowning",Sail Away Freestyle,spotify:track:07pxaWIMEcz0nKJahhII1y
Loyle Carner,"Not Waving, But Drowning",Still,spotify:track:2AYZQuAJIHcM32EBkHgQs3
Loyle Carner,"Not Waving, But Drowning",You Don't Know,spotify:track:0FhEsw0tLzYcittOixmHPL
Loyle Carner,Yesterday's Gone,+44,spotify:track:2WrR0t3XT6U8xTV1PGvzpF
Loyle Carner,Yesterday's Gone,Ain't Nothing Changed,spotify:track:5dvpipXxOIH96gcGEKR1Iu
Loyle Carner,Yesterday's Gone,Damselfly,spotify:track:32sBVB5HmrwJ6e9g0S2BRL
Loyle Carner,Yesterday's Gone,Florence,spotify:track:4IWKqjDmoYFsgjDBDcFWdj
Loyle Carner,Yesterday's Gone,Mean It In The Morning,spotify:track:19yMYXxG3gtIbKxOpQo9vL
Loyle Carner,Yesterday's Gone,Mrs C,spotify:track:6ZTtdhd5TTorVWqvOsjmja
Loyle Carner,Yesterday's Gone,NO CD,spotify:track:5yH8Ce7MpMwJPDSRvgIZF6
Loyle Carner,Yesterday's Gone,No Worries,spotify:track:2ikFDsRk2VOwYuwZMPbY3g
Loyle Carner,Yesterday's Gone,Rebel 101,spotify:track:544b3IyotR1LwNdas4Mibr
Loyle Carner,Yesterday's Gone,Stars & Shards,spotify:track:6e6VlzrbLQtXpfcwS77sTn
Loyle Carner,Yesterday's Gone,Sun Of Jean,spotify:track:3193ErFb7RSUxGPIKqdEBz
Loyle Carner,Yesterday's Gone,Swear,spotify:track:3KowaUqsejPa79bwoujPMB
Loyle Carner,Yesterday's Gone,The Isle Of Arran,spotify:track:2YQ1cc9xWnp5qI08rKt6wv
Loyle Carner,Yesterday's Gone,The Seamstress (Tooting Masala),spotify:track:0ACCdVsHqYXOcAfRPk658a
Loyle Carner,Yesterday's Gone,Yesterday's Gone,spotify:track:0cwzlVIFlRVK6ISk6u3noR
Loz Goddard,Signals EP,It's Not Cold In Tromso,spotify:track:1jgLVt3xHw12lwTCe0VwRy
Lukas Nystrand von Unge,Studio Barnhus Volym 1,sans titre,spotify:track:3toULYTAs4vg3SRK0kyZ2S
Lydia Lunch,Late Night Tales: Badbadnotgood,"You, Me and Jim Beam",spotify:track:59NfMyRn9npu3EjUmVBoiv
Låpsley,Long Way Home,Cliff,spotify:track:17sgGdhxYjvpp4PZL8ZJYA
Låpsley,Long Way Home,Falling Short,spotify:track:6u9cWDkxbTXaqf4GZP5MHh
Låpsley,Long Way Home,Heartless,spotify:track:76WgGxapg0CWAiR1dD24Xq
Låpsley,Long Way Home,Hurt Me,spotify:track:2MMFpdctgwEkUlfP3kyPDG
Låpsley,Long Way Home,Leap,spotify:track:13Jvc6rfcRvvBtqfK12qT2
Låpsley,Long Way Home,Love Is Blind,spotify:track:3Q8CKUm69MxszItlinRoti
Låpsley,Long Way Home,Operator (He Doesn't Call Me),spotify:track:0OW4q99xXIpbiof4ao8Oet
Låpsley,Long Way Home,Painter,spotify:track:10MVAf2fIPphtHsf3U2Q5S
Låpsley,Long Way Home,Seven Months,spotify:track:6enHIDuYpY7HEO0wNAATvw
Låpsley,Long Way Home,Silverlake,spotify:track:1qsstCHvzqD8LO1Atpxln8
Låpsley,Long Way Home,Station,spotify:track:5jDXfISY9JRT6qF9dtGk3g
Låpsley,Long Way Home,Tell Me the Truth,spotify:track:1UNLR4tDzgWjVxOrcQ0hWA
Mable John,The Spirit Of Memphis (1962-1976),Your Good Thing (Is About To End),spotify:track:09rIfdp0NDkS3sUOBZdDF4
Mac DeMarco,2,Annie,spotify:track:6o9Dt1j9ywLoX8B9dqRM5D
Mac DeMarco,2,Boe Zaah,spotify:track:4qhUpIOiYvLeVWRgxp1du2
Mac DeMarco,2,Cooking Up Something Good,spotify:track:5CqmSwn8D1DuleBV1fOiCG
Mac DeMarco,2,Dreaming,spotify:track:1M0MLvc9H4GGlWFhm06oO4
Mac DeMarco,2,Freaking Out the Neighborhood,spotify:track:25SJaCCPiosugnlY53VhRG
Mac DeMarco,2,My Kind of Woman,spotify:track:2OFrAsP5Vrcb0DtsPNsm54
Mac DeMarco,2,Ode to Viceroy,spotify:track:601KiLiZtBJRTXBrTjeieP
Mac DeMarco,2,Robson Girl,spotify:track:5loGjtpOoD4xlha7HJfL6S
Mac DeMarco,2,Sherrill,spotify:track:5MXd4yxIwbgCb0RASikIWm
Mac DeMarco,2,Still Together,spotify:track:2RLm6OrnjLuoyQEowCJ6QE
Mac DeMarco,2,The Stars Keep On Calling My Name,spotify:track:6B3bNP0x4vyKM9aYWRvzVf
Mac DeMarco,Here Comes The Cowboy,All Of Our Yesterdays,spotify:track:2N16QiEd8CZoEApMGj95wo
Mac DeMarco,Here Comes The Cowboy,Baby Bye Bye,spotify:track:1hTo9vkhJuRkE5BGJeNfdt
Mac DeMarco,Here Comes The Cowboy,Finally Alone,spotify:track:7JyhhEb1LKIuDiHy6bWdet
Mac DeMarco,Here Comes The Cowboy,Heart To Heart,spotify:track:7EAMXbLcL0qXmciM5SwMh2
Mac DeMarco,Here Comes The Cowboy,Here Comes The Cowboy,spotify:track:1am561XPWzs1Rsa0FgR2XF
Mac DeMarco,Here Comes The Cowboy,Hey Cowgirl,spotify:track:5DMatF7gcSJ6DwUKrgAbhx
Mac DeMarco,Here Comes The Cowboy,K,spotify:track:0SMxKocTYMTE8C4dktdlRX
Mac DeMarco,Here Comes The Cowboy,Little Dogs March,spotify:track:7ixHZ5EUkPYCKScXKGaYoS
Mac DeMarco,Here Comes The Cowboy,Nobody,spotify:track:42EMSKPgulAzr4RLY65Eut
Mac DeMarco,Here Comes The Cowboy,On The Square,spotify:track:1WyEXbMQLt9szrhDos1uz8
Mac DeMarco,Here Comes The Cowboy,Preoccupied,spotify:track:6N4WUdbz6HVKy6u6JX1KqK
Mac DeMarco,Here Comes The Cowboy,Skyless Moon,spotify:track:0RhSiT2gNwrHQdI6UzFj1B
Mac DeMarco,Phantom,Phantom,spotify:track:6Dj5lEggc3Jq3pJbKrSAut
Mac DeMarco,Salad Days,Blue Boy,spotify:track:1CKm95B5JmaSCnZLquInM4
Mac DeMarco,Salad Days,Brother,spotify:track:2xcRTNxhhCL5HbCp4UGkjh
Mac DeMarco,Salad Days,Chamber Of Reflection,spotify:track:1MJ5f5EYBC92ADD6xcz7nb
Mac DeMarco,Salad Days,Go Easy,spotify:track:5FMu7ZbfPXmGeOU7FnGijE
Mac DeMarco,Salad Days,Goodbye Weekend,spotify:track:6yFNMQrUVlg9Uqo0qRzGOD
Mac DeMarco,Salad Days,Jonny's Odyssey,spotify:track:6kX0IJzgRHkGOuftDSUmlE
Mac DeMarco,Salad Days,Let Her Go,spotify:track:7KmawNv6JUgZ54gSyVF6VQ
Mac DeMarco,Salad Days,Let My Baby Stay,spotify:track:7nxi8DUA9Iw6nnpGN3M9Zd
Mac DeMarco,Salad Days,Passing Out Pieces,spotify:track:2J4obtL5oOmstcOfq5UW3C
Mac DeMarco,Salad Days,Salad Days,spotify:track:4keAoywVf4jxRvXU7ON0hV
Mac DeMarco,Salad Days,Treat Her Better,spotify:track:3hPHUpKVB4xo9efj2y29W9
Mac DeMarco,This Old Dog,A Wolf Who Wears Sheeps Clothes,spotify:track:1xpnkMYroPcpCwQmf9Z5sS
Mac DeMarco,This Old Dog,Baby You're Out,spotify:track:18nwOqwVCo7JFOci9uqBLD
Mac DeMarco,This Old Dog,Dreams from Yesterday,spotify:track:0mGJYajNW8Y4T9NxnD6P79
Mac DeMarco,This Old Dog,For the First Time,spotify:track:4LB5cNN7f18wIJA2RU4iIO
Mac DeMarco,This Old Dog,Moonlight on the River,spotify:track:1yCJHs8UFfmqMujayg9i5y
Mac DeMarco,This Old Dog,My Old Man,spotify:track:4c7k0jGOFR1OraHvE3BszV
Mac DeMarco,This Old Dog,On the Level,spotify:track:36rqjSUBaArtMBLWrzwInc
Mac DeMarco,This Old Dog,One Another,spotify:track:4xF9zRaPdnrLU7QmVMKOzR
Mac DeMarco,This Old Dog,One More Love Song,spotify:track:6l91G5h57AW47LDPMuJSST
Mac DeMarco,This Old Dog,Sister,spotify:track:2Wsgcbi4ZlAtua74Hitvmk
Mac DeMarco,This Old Dog,Still Beating,spotify:track:2N4idqj9TT3HnH2OFT9j0v
Mac DeMarco,This Old Dog,This Old Dog,spotify:track:1KTMZ2DeqT4oqIJ7Co5F6R
Mac DeMarco,This Old Dog,Watching Him Fade Away,spotify:track:4q0CeoDsBdFYCDDj3a6Jej
Mac Miller,Best Day Ever,All Around the World,spotify:track:5XHyafbkxwZ8RJlg3t9Acd
Mac Miller,Best Day Ever,BDE Bonus,spotify:track:5x0xZHazBx3VNjCQLMfscM
Mac Miller,Best Day Ever,Best Day Ever,spotify:track:6w1zyzIiXYphY8vUJ3u86y
Mac Miller,Best Day Ever,Donald Trump,spotify:track:2jxnXwiUi8hhL0RkfcUuqP
Mac Miller,Best Day Ever,Down the Rabbit Hole,spotify:track:3APeL2aH0HW55kDXq2x7TG
Mac Miller,Best Day Ever,Get Up,spotify:track:7lQh0BX1u34MD4cb0OzyIC
Mac Miller,Best Day Ever,I'll Be There (feat. Phonte),spotify:track:03u1F4fh5YuFUDfY3xbaTg
Mac Miller,Best Day Ever,In the Air,spotify:track:5HXIFZSr9Eaoph1jkVv8XF
Mac Miller,Best Day Ever,Keep Floatin',spotify:track:3MF4jWNN6qLMxmZl7rlMWq
Mac Miller,Best Day Ever,Life Ain't Easy,spotify:track:7hk1c644y4fKccFFGgZ9s1
Mac Miller,Best Day Ever,Oy Vey,spotify:track:0SMSjk07MB0O2EeXZHThEZ
Mac Miller,Best Day Ever,Play Ya Cards,spotify:track:7vpYk1auABN8wEsUnR26Mr
Mac Miller,Best Day Ever,She Said,spotify:track:2ZbMpKmMSRop51dcqXAYjt
Mac Miller,Best Day Ever,Snooze,spotify:track:0PGmXvPAM7R1XxuBjMxeFN
Mac Miller,Best Day Ever,Wake Up,spotify:track:6QDRdCv5OSoRMmH6vLjLVi
Mac Miller,Best Day Ever,Wear My Hat,spotify:track:4N5Y5bGisJXvapmVIdB8aX
Mac Miller,Mac Miller,4_Therapy,spotify:track:6RQflHBnqIkCnK2VsNK4Or
Mac Miller,Mac Miller,Ave Maria,spotify:track:49P16qsbYIBaYfnDKITKHD
Mac Miller,Mac Miller,Friends (feat. Schoolboy Q),spotify:track:3JceTK6a1D2gcnbNcbbXTM
Mac Miller,Mac Miller,Insomniak (feat. Rick Ross),spotify:track:3mKfeFIC613bFFn4qny3Ei
Mac Miller,Mac Miller,Malibu,spotify:track:08QQznLiiBRb4l8I8yN8pw
Mac Miller,Mac Miller,New Faces (feat. Earl Sweatshirt & Dash),spotify:track:6nBSuerrSaXseIpw1X9uOv
Mac Miller,Mac Miller,Polo Jeans (feat. Earl Sweatshirt),spotify:track:3cNoemotxUhbYBPZ1sxAwf
Mac Miller,Mac Miller,Rain (feat. Vince Staples),spotify:track:0qIuovp55BJg9tSmS2ZtFK
Mac Miller,Mac Miller,Uber (feat. Mike Jones),spotify:track:2bV8MgBx41DXRzZ4TvWm14
Mac Miller,Mac Miller,What Do You Do (feat. Sir Michael Rocks),spotify:track:6Kj7BUQbI1TUrfkt706q0j
Mac Miller,Swimming,2009,spotify:track:6dFn6my1sHK2bcf23GlHwM
Mac Miller,Swimming,Come Back to Earth,spotify:track:01z2fBGB8Hl3Jd3zXe4IXR
Mac Miller,Swimming,Conversation Pt. 1,spotify:track:1oFEAWvPHP5TdSlmIs77sV
Mac Miller,Swimming,Dunno,spotify:track:3YnwIp2b99p3e5dsFTXIIx
Mac Miller,Swimming,Hurt Feelings,spotify:track:5p7GiBZNL1afJJDUrOA6C8
Mac Miller,Swimming,Jet Fuel,spotify:track:2JmFRXaJrkAUD2cs6U20KG
Mac Miller,Swimming,Ladders,spotify:track:39NDBdU5Xkm5pCFGa5kZtI
Mac Miller,Swimming,Perfecto,spotify:track:0Xcy81PsJCOO6mhLZaQyQ4
Mac Miller,Swimming,Self Care,spotify:track:5bJ1DrEM4hNCafcDd1oxHx
Mac Miller,Swimming,Small Worlds,spotify:track:4gT3mNJA8lnlkYFqGZ8IA2
Mac Miller,Swimming,So It Goes,spotify:track:0EA2RhRHL4KWeNa7JfD1Yw
Mac Miller,Swimming,What's the Use?,spotify:track:2dgrYdgguVZKeCsrVb9XEs
Mac Miller,Swimming,Wings,spotify:track:16umSNZfofRpDqTvf8DIAo
Mac Miller,The Divine Feminine,Cinderella (feat. Ty Dolla $ign),spotify:track:2lpygKqzPFtItQ4ss3cgfb
Mac Miller,The Divine Feminine,Congratulations (feat. Bilal),spotify:track:1OubIZ0ARYCUq5kceYUQiO
Mac Miller,The Divine Feminine,Dang! (feat. Anderson .Paak),spotify:track:5iUQMwxUPdJBFeGkePtM66
Mac Miller,The Divine Feminine,"God Is Fair, Sexy Nasty (feat. Kendrick Lamar)",spotify:track:6hzbRKhJHo6cfCHSnNaDS8
Mac Miller,The Divine Feminine,My Favorite Part,spotify:track:66wkCYWlXzSTQAfnsPBptt
Mac Miller,The Divine Feminine,Planet God Damn (feat. Njomza),spotify:track:7bd0BC9RNR6GxJsM3pRwBw
Mac Miller,The Divine Feminine,Skin,spotify:track:1eDS8ii1utvj0PjfQLrDb4
Mac Miller,The Divine Feminine,Soulmate,spotify:track:2puHJmjL4jvO19aEA7kzcb
Mac Miller,The Divine Feminine,Stay,spotify:track:4brX8MJs5hxErgq48f9REO
Mac Miller,The Divine Feminine,We (feat. CeeLo Green),spotify:track:4k5UZm89ZX0YAHUp55zpt9
Madalyn Merkey,DJ-Kicks (Mount Kimbie),Meridian - Mixed,spotify:track:3fqu75roElioSW5GwuhedE
Madvillain,Four Tet Remixes,Accordion (Four Tet Remix - Instrumental),spotify:track:4Tt4kKzbabliW14PMFWdUg
Madvillain,Four Tet Remixes,Accordion (Four Tet Remix),spotify:track:7FTBQrTuC7FhgDRscn0E67
Madvillain,Four Tet Remixes,Great Day (Four Tet Remix - Instrumental),spotify:track:0kk0qosRKqZtbSGnBEPSe6
Madvillain,Four Tet Remixes,Great Day (Four Tet Remix),spotify:track:5kfPqasbQYeZay5XXF78eS
Madvillain,Four Tet Remixes,Meat Grinder (Four Tet Remix - Instrumental),spotify:track:5XU7m0FWNQeNUB9r7KLJAc
Madvillain,Four Tet Remixes,Meat Grinder (Four Tet Remix),spotify:track:6ZxA5eiYsMu7TtV9Diprq4
Madvillain,Four Tet Remixes,Money Folder (Four Tet Remix - Instrumental),spotify:track:5GW8o5lCDZxCfr1vfd0d0R
Madvillain,Four Tet Remixes,Money Folder (Four Tet Remix),spotify:track:3R1sbktYgdJvTu19Qt4Wkg
Madvillain,Four Tet Remixes,Rhinestone Cowboy (MF Doom & Four Tet Remix),spotify:track:6VufBzQiwBGBLQEza3BfqR
Madvillain,Four Tet Remixes,Shadows of Tomorrow (Four Tet Remix - Bonus Beat),spotify:track:0GmRO8c7CQOT8Kk4XzZRmS
Madvillain,Madvillainy,Accordion,spotify:track:5jAvbp8kEnRPToi4Bzcvzt
Madvillain,Madvillainy,All Caps,spotify:track:1Y2ExJJ9Dmb9po8K0ybSj3
Madvillain,Madvillainy,America's Most Blunted,spotify:track:4BtGch9Jl7HIehy9dK9UzR
Madvillain,Madvillainy,Bistro,spotify:track:685wafKZSIbPoZeuzDvcWs
Madvillain,Madvillainy,Curls,spotify:track:5l7tdLI34MnxnNyd2nhNIk
Madvillain,Madvillainy,Do Not Fire!,spotify:track:0drokAUhKfiMnu20UKQnFZ
Madvillain,Madvillainy,Eye,spotify:track:5r0HHLwjuJkcwa4FZJNjh7
Madvillain,Madvillainy,Fancy Clown,spotify:track:6WnYONkaYOchkMXUz0Eu0W
Madvillain,Madvillainy,Figaro,spotify:track:43M5EZXbN0RhqEyZRoswyI
Madvillain,Madvillainy,Great Day,spotify:track:3mZFf3Ru4er3cBfzWq72Ol
Madvillain,Madvillainy,Hardcore Hustle,spotify:track:6lJrqw2e6YNXZCUsXL1SKn
Madvillain,Madvillainy,Meat Grinder,spotify:track:60PZUWKsJC52uXaPlPcEVf
Madvillain,Madvillainy,Money Folder,spotify:track:7dZanttu013xDQlAJprAZC
Madvillain,Madvillainy,Operation Lifesaver aka Mint Test,spotify:track:6xSBcheWUUOJPAf0mQTQ80
Madvillain,Madvillainy,Raid,spotify:track:1P3eYnB5KiF4S2qZ7iQnOP
Madvillain,Madvillainy,Rainbows,spotify:track:4x8vLLF0UI953H5Z0p2Rwo
Madvillain,Madvillainy,Rhinestone Cowboy,spotify:track:0F8FJjvopb8WYgRXb5Qb9F
Madvillain,Madvillainy,Shadows of Tomorrow,spotify:track:0QLyUmGkzS5BnNjjx8e6QD
Madvillain,Madvillainy,Sickfit,spotify:track:3HdrN4xHTPhxQGdTSo2spQ
Madvillain,Madvillainy,Strange Ways,spotify:track:72Pf3VRjCGRpnhCthX2oYk
Madvillain,Madvillainy,Supervillain Theme,spotify:track:2hhwbQWk0RDQM5luQF6f51
Madvillain,Madvillainy,The Illest Villains,spotify:track:0vlTyXdxncOF0RRKTMWfpo
Madvillain,Madvillainy 2: The Madlib Remix,3.214,spotify:track:0f4g2DEM4CKzyOGCWKRMmL
Madvillain,Madvillainy 2: The Madlib Remix,Borrowed Time,spotify:track:0xbZF3s4vR0WmfE9ZJaN46
Madvillain,Madvillainy 2: The Madlib Remix,Boulder Holder,spotify:track:1BrzHVGCZEYj52ImDRSCP6
Madvillain,Madvillainy 2: The Madlib Remix,Butter King Jewels,spotify:track:3d79SkaerOfqNyYNcKSRUs
Madvillain,Madvillainy 2: The Madlib Remix,Can't Reform Em,spotify:track:1ZYQ5epbKKQ6gj41oPxtxW
Madvillain,Madvillainy 2: The Madlib Remix,Cold One,spotify:track:0o7sOs8KENTIONlyqB98yA
Madvillain,Madvillainy 2: The Madlib Remix,Cold One (Reprise),spotify:track:1tkWUaficuF4hYRGyBSvER
Madvillain,Madvillainy 2: The Madlib Remix,Confucius Spot (Interlude),spotify:track:7AGDIa8Evf8oUH3fm90n9K
Madvillain,Madvillainy 2: The Madlib Remix,Drainos,spotify:track:2DjSPgzBBFeXsouRNezub6
Madvillain,Madvillainy 2: The Madlib Remix,Fire In The Hole,spotify:track:6z30TJFiq4vXe8ebJpFONg
Madvillain,Madvillainy 2: The Madlib Remix,Fluid (Instrumental),spotify:track:7w6d2hEk9aJGBPRAiDXy2j
Madvillain,Madvillainy 2: The Madlib Remix,Heat Niner,spotify:track:7Gz9tH4M9hROXqaThuvKOi
Madvillain,Madvillainy 2: The Madlib Remix,Invazion (Interlude),spotify:track:13b0Z69GFIGpblZBUxhkgo
Madvillain,Madvillainy 2: The Madlib Remix,Light of the Past,spotify:track:6N8IcdbU0IY9QOpYsMX8fs
Madvillain,Madvillainy 2: The Madlib Remix,Monkey Suit,spotify:track:3PilKqRMfYlDVJvE75uBwB
Madvillain,Madvillainy 2: The Madlib Remix,Never Go Pop,spotify:track:4TcBNTCnT0nl7PtwQwb8wR
Madvillain,Madvillainy 2: The Madlib Remix,No Brain,spotify:track:6HX71PilF1ucccoT95LdwL
Madvillain,Madvillainy 2: The Madlib Remix,Pearls,spotify:track:6mz5J9YojePCzz5mrN4Uzc
Madvillain,Madvillainy 2: The Madlib Remix,Pow! (Intro),spotify:track:1JeY3siMFof7X583gVKFuw
Madvillain,Madvillainy 2: The Madlib Remix,Redd Spot (Interlude),spotify:track:3LkjSaW6qMTvpOLEuDdN26
Madvillain,Madvillainy 2: The Madlib Remix,Roller Coaster Riders (Instrumental),spotify:track:5COOxJnRV8InY7v4fJedQX
Madvillain,Madvillainy 2: The Madlib Remix,Running Around with Another,spotify:track:4UD2vgiTxGRA24LNRmPvCC
Madvillain,Madvillainy 2: The Madlib Remix,Savage Beast (Instrumental),spotify:track:15zVT9VUVv7rJKAYmaj03y
Madvillain,Madvillainy 2: The Madlib Remix,Sermon,spotify:track:2U69C1IGwqwPwnzkIYq094
Madvillain,Madvillainy 2: The Madlib Remix,Space Ho's Coast to Coast,spotify:track:2Qj9eS9TWa2lGeXtw9PFED
Maisha,We out Here,Inside the Acorn,spotify:track:1RtG2f1zLgW15RKD92IRIb
Makèz,Arriving Home Elsewhere,Define Us (Feat. 30/70 & dreamcastmoe),spotify:track:2yFrezgOcblagzwnwdpuBl
Malaki,Head Highs,Head Highs,spotify:track:3oib1sfr5xfi3Hklnyspq8
Mama Odé,Typik Morisien,Typik Morisien,spotify:track:0UGeSZcPPI1fyQlGCFHOyZ
Man Tear,Studio Barnhus Volym 1,Night Fantastic,spotify:track:6ugiKmV8o2K1bKkNsV17D6
Manga Saint Hilare,Contraband,Contraband,spotify:track:5wZihzdTR5Nvyy472Gc50T
Marc Rebillet,Loop Daddy,Bridge,spotify:track:7D9DLTNVLE0JCCMKj3ii53
Marc Rebillet,Loop Daddy,I Need You,spotify:track:1GQ0EBUPYDdgTugzuflubV
Marcellus Pittman,DJ-Kicks (Moodymann),1044 Coplin (Give You Whatcha Lookin 4) - Mixed,spotify:track:5OVA5tcSTNqRqrgHPZUEc4
Marco Bernardi,DJ-Kicks (Mount Kimbie),The Light Beside the Hall - Mixed,spotify:track:28RVSLs2cmmuiSzxHGHEMZ
Maribou State,Kingdoms In Colour,Beginner's Luck,spotify:track:6adjXENHRzh4uyVziFlVGm
Maribou State,Kingdoms In Colour,Feel Good,spotify:track:3PURbsY67tLMyausOABtit
Maribou State,Kingdoms In Colour,Feel Good - Edit,spotify:track:3aItgN74XNH4h9rr8ng9jq
Maribou State,Kingdoms In Colour,Glasshouses,spotify:track:7isVqPzG3R5ni6IM4YG0sv
Maribou State,Kingdoms In Colour,Kingdom,spotify:track:46SpOq8ojlVUBrgGnUzUlV
Maribou State,Kingdoms In Colour,Kingdom - Edit,spotify:track:1Eo42r2Z18crKjRVcKOTiI
Maribou State,Kingdoms In Colour,Kāma,spotify:track:4ghGteg0whCnkUwaIbXdna
Maribou State,Kingdoms In Colour,Nervous Tics,spotify:track:2oJ8Il24SIiDCJv39RYzPp
Maribou State,Kingdoms In Colour,Part Time Glory,spotify:track:5O8jA5esx67O3FoqKwBjQV
Maribou State,Kingdoms In Colour,Slow Heat,spotify:track:570ETApQMCYLqOojX4ISiN
Maribou State,Kingdoms In Colour,Turnmills,spotify:track:5m4o1robU6yTvFDXXSrH0F
Maribou State,Kingdoms In Colour,Turnmills - Edit,spotify:track:3HzSuE22PGsbPstPLv44M7
Maribou State,Kingdoms In Colour,Vale,spotify:track:58FsmlVRQxpjFmXF8vSKMT
Maribou State,Kingdoms In Colour Remixed,Kãma - Skinny Pelembe’s Birthday Cake Version,spotify:track:1tvo1TR35BEe15x49NIdSr
Maribou State,Portraits,Home,spotify:track:07fB2SZNaI4otc0eqMhJWN
Maribou State,Portraits,Midas,spotify:track:6VNooTY5w9A9wg1YUsEbKB
Maribou State,Portraits,Natural Fools,spotify:track:2h3VovOKaebUKvhhdE0I5U
Maribou State,Portraits,Raincoats,spotify:track:0cry75hK8X1CnzKBFMxrNg
Maribou State,Portraits,Rituals,spotify:track:0UCU2uiUBfToI9EDdrS6aJ
Maribou State,Portraits,Say More,spotify:track:3xaGXkbtFi7n5yDKdgBmTM
Maribou State,Portraits,Steal,spotify:track:0pAiyIHt9DyHOjWgF41kp6
Maribou State,Portraits,The Clown,spotify:track:0aOT5OQeNPyZzGwwudbaYs
Maribou State,Portraits,Varkala,spotify:track:0KFjTOGE68i5iz0IMVKJR4
Maribou State,Portraits,Wallflower,spotify:track:4mYDWmlkTTZ2jmHukYppym
Matt Karmil,Sourced,Sourced,spotify:track:2VvDiyAZseLBGB8qOOToqQ
Matt Martians,The Drum Chord Theory,Alotta Women / Useless,spotify:track:2TT7bcEQ5CNnMXK85ROSeX
Matt Martians,The Drum Chord Theory,Baby Girl,spotify:track:5DXLAH0YC4FEYFTbCbd2Qy
Matt Martians,The Drum Chord Theory,Callin' on Me,spotify:track:2qw9wGBNz5dBxocELAauwy
Matt Martians,The Drum Chord Theory,Dent Jusay,spotify:track:1goN1TN8DZDLRNizMciiho
Matt Martians,The Drum Chord Theory,Diamond in da Ruff,spotify:track:22GE8q8JZ9Szz48trWjFBC
Matt Martians,The Drum Chord Theory,Down,spotify:track:510BwabzQ94eGnSNhagKUu
Matt Martians,The Drum Chord Theory,Elevators (Bonus),spotify:track:3Ix2xgQnE5qTq901pPvuVm
Matt Martians,The Drum Chord Theory,Found Me Some Acid Tonight,spotify:track:79UyXlFZ0EGjDBfSZbCxcu
Matt Martians,The Drum Chord Theory,Southern Isolation,spotify:track:0kUPOlqFUTNNHgryvXI35t
Matt Martians,The Drum Chord Theory,Spend the Night / If You Were My GF,spotify:track:0fyBcKk6ieVp0KLHkE57nr
Matt Martians,The Drum Chord Theory,What Love Is,spotify:track:3QCkvCkKJjkRTngZRM5wVJ
Matt Martians,The Drum Chord Theory,Where Are Yo Friends?,spotify:track:2PtO7xWsBYikAbd6p6V9hF
Matt Martians,The Last Party,Knock Knock,spotify:track:1mkcExHxkgpqRxAjAXD0q8
Matt Martians,The Last Party,Look Like,spotify:track:1cSoxlfYPEkWEmYwekuyQw
Matt Martians,The Last Party,Movin on,spotify:track:4rBcezN1Mpa3s1stfF8rIO
Matt Martians,The Last Party,Off My Feet / Westside Rider Anthem,spotify:track:2Lj9UQsdvaN9bIfiKWidS8
Matt Martians,The Last Party,Out the Game,spotify:track:11oVRuYlr4jYS3c97mPoiP
Matt Martians,The Last Party,Pony Fly,spotify:track:5vO4NyFfTf4Qqo2Fhf7wG9
Matt Martians,The Last Party,Southern Isolation 2,spotify:track:5xdqssBw53iGKmVUulaamS
Matt Martians,The Last Party,The Last Party,spotify:track:0m77eEdNWG43N2jpYVJiup
Matthew Bourne,Late Night Tales: Bonobo,VIII. Juliet,spotify:track:4WtolB2MyxiPmCupNhulsX
Matthew Halsall,Harmony with Nature,Harmony with Nature - Live at Hallé St Peter's,spotify:track:2W5zq1D7Yxc6T66pW2jiXi
Matthew Halsall,Into Forever,As I Walk,spotify:track:3qYIHx9B7BV0IvN12oPIfY
Matthew Halsall,Into Forever,Badder Weather,spotify:track:12Dpq3HXztXGp5TWbMZwgA
Matthew Halsall,Into Forever,Cushendun,spotify:track:1z39cZeRLfWHeVfctmWxpH
Matthew Halsall,Into Forever,Daan Park,spotify:track:6cIBwQ3zzgC6FDt2DaQYkX
Matthew Halsall,Into Forever,Dawn Horizon,spotify:track:64m4Jz1jYmwFv3ssSH6T7b
Matthew Halsall,Into Forever,Into Forever,spotify:track:5qw9Dh37lQISrMDlGnLga3
Matthew Halsall,Into Forever,Jamais Vu,spotify:track:0OUXPNzdojzsn8F16kDVI8
Matthew Halsall,Into Forever,Longshan Temple,spotify:track:6iXbUdaTUY9ykumPf1OSPV
Matthew Halsall,Into Forever,Only a Woman,spotify:track:48Di1RlKp2kNG62W2yZzM0
Matthew Halsall,Into Forever,The Land Of,spotify:track:4nBWxxXf8PQAKU1wJv5Zsi
Matthew Halsall,Into Forever,These Goodbyes,spotify:track:4ayKwfSkYhKxHIMS1SIYUx
Matthew Halsall,Late Night Tales: Bonobo,Sailing out to Sea,spotify:track:5Ip5XniqevCfvMdT98NtBo
Matthew Halsall,On The Go (Special Edition),Breathless - Bonus Track,spotify:track:1VNC5GERC7n3WqxG0cG23t
Matthew Halsall,On The Go (Special Edition),Music for a Dancing Mind,spotify:track:23um8NMGWT4CLKam5H9TBx
Matthew Halsall,On The Go (Special Edition),Only You - Bonus Track,spotify:track:16AwGtDUuGdDK1blaE8XtA
Matthew Halsall,On The Go (Special Edition),Samatha,spotify:track:17XghyzSCifTABBxVgJiwu
Matthew Halsall,On The Go (Special Edition),Singing Everyday - Bonus Track,spotify:track:3qLQU49U96BUM0WlPgD4y1
Matthew Halsall,On The Go (Special Edition),Song for Charlie,spotify:track:0AcuDPPPoADugi1CSymZx0
Matthew Halsall,On The Go (Special Edition),The End of Dukkha,spotify:track:5rjcZPHDbMAp9YwNILfD18
Matthew Halsall,On The Go (Special Edition),The Journey Home,spotify:track:3Ls0o9MlssBMxafgasFZIG
Matthew Halsall,On The Go (Special Edition),The Move,spotify:track:7E5ThokoCGs18d9E6GRsnf
Matthew Herbert,Need To Run,Need To Run,spotify:track:4NbPwhDEsJJcvg9ikCrPst
MAVI,Let the Sun Talk,"Love, of Money",spotify:track:2XILilAwcXHdGwZLNHteue
Max Roach,Late Night Tales: Floating Points,Equipoise,spotify:track:1fwlil6nAkyWjZZNnPXI2p
Maxo Kream,WEIGHT OF THE WORLD,LOCAL JOKER,spotify:track:2RwtxUbn6EGgj7IRTaNJna
Maxwell,Maxwell's Urban Hang Suite,Ascension (Don't Ever Wonder) - Remastered 2021,spotify:track:6l4TNbfPtNAOOlGIfceSaO
Maxwell Owin,Come With the Ragga,Come With the Ragga,spotify:track:4mpx825HRRxLLwBbWpYbHG
Me and My Friends,Hide Your Way,All That Is You,spotify:track:5KHB2Ba4QKjYsZHGrlQqNw
Me and My Friends,Hide Your Way,Droplet,spotify:track:24GXIT4oi40dfnQhMUmhvD
Me and My Friends,Hide Your Way,Hide,spotify:track:1JiTVP6ywk0AFQ7doYzdBQ
Me and My Friends,Hide Your Way,Holiday,spotify:track:1LyHzPj3fA2GYmBk2j1IkA
Me and My Friends,Hide Your Way,Leave My Bones,spotify:track:3LZjyEzCgwl1Iu7L9fjf3h
Me and My Friends,Hide Your Way,Stray,spotify:track:08iKI2vdIP3Vyh6X0Q8R4r
Me and My Friends,Hide Your Way,You Don't Know,spotify:track:08wy9GWK88YN2MzH4GdDQO
Me and My Friends,Look Up,All of This I Know,spotify:track:4DQ6dRZt7KXfau2feNgUbO
Me and My Friends,Look Up,Another Lifetime,spotify:track:51z7BTAfAQ0NQ9TvJZxkvW
Me and My Friends,Look Up,Gently Blinded,spotify:track:5FfGD1lQx9P9aql1EInhgO
Me and My Friends,Look Up,Good Life,spotify:track:2fqgrEjsRmaXxgzz82zIBR
Me and My Friends,Look Up,High as the Sun,spotify:track:4eOKcGPQG9XoDnGPjsaVSW
Me and My Friends,Look Up,Look Up,spotify:track:4Cq3iOxACPRlZ3LIA9H8T2
Me and My Friends,Look Up,Promise Me This Much,spotify:track:4CWXq49P41goQXxTyaFZpb
Me and My Friends,Look Up,Sometime,spotify:track:21EMtsS3Nonz15P0iWBCzt
Me and My Friends,Look Up,You Read My Mind,spotify:track:4dszWVSXy3UeB59sol7xEK
Medikul,Future Bubblers 1.0,No Release,spotify:track:6vSS5aVvwZQPgUJpt1C8Ak
Melo-Zed,Eleven,Her Winter,spotify:track:1hthvpJAEOGSivdY85FQPn
Melodiesinfonie,A Journey to You,A Fool's Moon,spotify:track:7cTMzpYHwJtWL1wN9OJrcF
Melodiesinfonie,A Journey to You,AO Longo Do Rio,spotify:track:4hG1YxYUUj029FsRa6Zdgi
Melodiesinfonie,A Journey to You,Enjoy Your Life,spotify:track:1tBNamNIdekpdyr7swunCd
Melodiesinfonie,A Journey to You,Feel Me,spotify:track:4n9Gm13q0mnglxVbjjx8qY
Melodiesinfonie,A Journey to You,Keep on Searching,spotify:track:7L3iSAmRVrRp0ouOgl97Sm
Melodiesinfonie,A Journey to You,Light,spotify:track:4wkytyQorSjQJU6T7idSF6
Melodiesinfonie,A Journey to You,Orion - Interlude,spotify:track:37YXd5rWW8aM92wBSVYfh6
Melodiesinfonie,A Journey to You,Peace on Earth,spotify:track:2cLpj0nMZLnkG59BGQyETC
Melodiesinfonie,A Journey to You,There Is You,spotify:track:1LrSvQUCotuUcVOWfdHOiQ
Melodiesinfonie,A Journey to You,Tropicololo,spotify:track:3oHpnrupsyl38Q1QL1fc66
Melodiesinfonie,A Journey to You,Waterdrops - Outro,spotify:track:1FxN3wDYU2hxxD9cPlrcAz
Melodiesinfonie,A Journey to You,Words,spotify:track:7tAmzP1k8yoW6PX9enTIHi
Melodiesinfonie,Be Thankful,Fhli scho so,spotify:track:0g5N7HsIKsX8FIceye4Cra
Melodiesinfonie,Be Thankful,Garden,spotify:track:1fdm3A22V9nH1qZZ78H63a
Melodiesinfonie,Be Thankful,Grapes,spotify:track:557sGkr4sl7fqhMtFtZgLJ
Melodiesinfonie,Be Thankful,Latenightwalking,spotify:track:21I9XVZuVx9bzpsIaZYPBb
Melodiesinfonie,Be Thankful,Lonely,spotify:track:1mZL44eZLqGamHq5XpphJi
Melodiesinfonie,Be Thankful,Naked,spotify:track:2aUsaQmc5XsDwGOsy8aymi
Melodiesinfonie,Be Thankful,Peaceyea,spotify:track:7ESdnE5kjqUExRUVNOywJX
Melodiesinfonie,Be Thankful,Srolang,spotify:track:3bWzKjnnvzjP3wR4CbZJYV
Melodiesinfonie,Be Thankful,The Beginning,spotify:track:2jCpBynmnXw0z1tLjbeP6o
Melodiesinfonie,Be Thankful,Tuk Rueh,spotify:track:6YS5sc3Wr5czAfyQsIrhYh
Melodiesinfonie,Be Thankful,When I'm Home,spotify:track:4Vs9aJ4C7GHrFtsrRVRgDr
Melodiesinfonie,Be Thankful,Yours,spotify:track:7dzekiQg3lEufxZmBAqf2O
Melodiesinfonie,Be Thankful,Youshineon,spotify:track:0IChBWf7OoS7PUW7ddFJ4B
Melodiesinfonie,Ensnared,Ensnared,spotify:track:1p5jbuZMzTZUXOlmI8VRIl
Melodiesinfonie,Fragments,Wonderful,spotify:track:2TXiEJ6B7gAJJKptIyMI3e
Melodiesinfonie,Pictures of Your Face,Pictures of Your Face,spotify:track:4ki79MKEPGeMNP6xuEqtkc
Melodiesinfonie,Sichtexotica IV,Afterdinner,spotify:track:5PzGbql9grSNipnNEpkIB6
Melodiesinfonie,Sichtexotica IV,Backinyourmood,spotify:track:2seu1vvQCLwSppxyb6Vxwq
Melodiesinfonie,Sichtexotica IV,Clearwater,spotify:track:3UPDOXHCXTs4FGlumTbb6y
Melodiesinfonie,Sichtexotica IV,Funkyjam Irgendwas,spotify:track:5YyO0O2SzF2REp1kAD6JyI
Melodiesinfonie,Sichtexotica IV,M A M A,spotify:track:1TcnTk0W4r6OD3jusuHIFM
Melodiesinfonie,Sichtexotica IV,Remember It,spotify:track:7n6Ko5sVTqMXOCqIY5RirZ
Melodiesinfonie,Sichtexotica IV,TOKYO,spotify:track:6I2Sf9ZV1Xia4Wk86bDIHK
Melodiesinfonie,Sichtexotica IV,Unterwasser Remix,spotify:track:5XGRf3cy81TxhBqa6Hh8pO
Melodiesinfonie,Unreleased Jass,Achtedrissg,spotify:track:50Q9QGUJlquyHvS3l0tFqt
Melodiesinfonie,Unreleased Jass,Achzehn,spotify:track:3RDCfLfolWapJFRr61zavU
Melodiesinfonie,Unreleased Jass,Dreiedrissig,spotify:track:4MOBe01HhMp1rbotDvBBmd
Melodiesinfonie,Unreleased Jass,Dreisisch,spotify:track:2Y0i7vgXbUIofKN0msMRSJ
Melodiesinfonie,Unreleased Jass,Dreizehn,spotify:track:0tO8NVkj951algQnO1KbWv
Melodiesinfonie,Unreleased Jass,Eight,spotify:track:1gz2FwpXymLigGZ0UkyYHP
Melodiesinfonie,Unreleased Jass,Five,spotify:track:5leApGHtk6ZIdO2eS56rh3
Melodiesinfonie,Unreleased Jass,Four,spotify:track:3CTVW7uxU2qhvjzbPxSpMc
Melodiesinfonie,Unreleased Jass,Mijo Seit Jeja,spotify:track:6eHeusZnhwmsyGnC41Yfvk
Melodiesinfonie,Unreleased Jass,Neunedrissg,spotify:track:0DSkNy366SKV7LfRDq4NXH
Melodiesinfonie,Unreleased Jass,Neunzehn,spotify:track:6vZavj1y97v5le5TJMu158
Melodiesinfonie,Unreleased Jass,Nine,spotify:track:3pQSKoZj3IR0DWSD9JS1s4
Melodiesinfonie,Unreleased Jass,One,spotify:track:6stXl0pQBweyiqEZmRP9sa
Melodiesinfonie,Unreleased Jass,Sechsedrissg,spotify:track:0NT65yx1cyzLKqVfJUEez5
Melodiesinfonie,Unreleased Jass,Sechzehn,spotify:track:62Kf6YxQpLnzAn5VaE2mJW
Melodiesinfonie,Unreleased Jass,Seven,spotify:track:3xe1E9R3Htgwy269YoJcI7
Melodiesinfonie,Unreleased Jass,Siebenedrissg,spotify:track:16sPOmZEfIBjKiCnld9BLa
Melodiesinfonie,Unreleased Jass,Siebzehn,spotify:track:5zHQSy4WQSHaZJKZnOfFOx
Melodiesinfonie,Unreleased Jass,Six,spotify:track:1pUZK3BVzojcrGGBwVAk95
Melodiesinfonie,Unreleased Jass,Sternefoividrissg,spotify:track:4Hf60npsqYN5EQllHyQB2L
Melodiesinfonie,Unreleased Jass,Three,spotify:track:1afB9oFHv03c5rIE5eqbr9
Melodiesinfonie,Unreleased Jass,Two,spotify:track:3qOw2bfNF6rEISoDUtJRK5
Melodiesinfonie,Unreleased Jass,Vierzehn,spotify:track:243O2SE1WBEwhEpIuSWPqu
Melodiesinfonie,Unreleased Jass,Vingt Deux,spotify:track:7uHAAm4naPR3JKnINvKXJH
Melodiesinfonie,Unreleased Jass,Vingt Five,spotify:track:1suLv0bkD1YWYVhcdbTUIB
Melodiesinfonie,Unreleased Jass,Vingt Huit,spotify:track:7jVYRUIXFqdbPgWdNhel5V
Melodiesinfonie,Unreleased Jass,Vingt Neuf,spotify:track:1JcfCWRmCcpltRZtlZdBes
Melodiesinfonie,Unreleased Jass,Vingt Quatre,spotify:track:1f8NNCpWlP8GMnueg6yh7A
Melodiesinfonie,Unreleased Jass,Vingt Sept,spotify:track:5QJrD36eOxYN5DGeYIw9yL
Melodiesinfonie,Unreleased Jass,Vingt Sis,spotify:track:3r4PtPzZlwBt23AKiNrC7R
Melodiesinfonie,Unreleased Jass,Vingt Trois,spotify:track:2eV3KWfCaB9cbNHzg95u7y
Melodiesinfonie,Unreleased Jass,Vingt Uno,spotify:track:5mUKdyhND6LKR5Krw6lrCM
Melodiesinfonie,Unreleased Jass,Virzg,spotify:track:2s1LnKA8HUZftVjtvHRYxa
Melodiesinfonie,Unreleased Jass,Zwanzig,spotify:track:0ZdhB8zygil25rdYas2haZ
Melodiesinfonie,Unreleased Jass,Zwelf,spotify:track:1RlkNyOQA5rDG2e7LA3w9O
Men I Trust,Billie Toppy,Billie Toppy,spotify:track:5jyj2XKWILHQxDoz59ddCT
Men I Trust,Headroom,Again,spotify:track:74SiMxFuGC4SYuIGRBIIcZ
Men I Trust,Headroom,Aquarelle,spotify:track:5dJPIMizpBWyGivbdNo11v
Men I Trust,Headroom,Break for Lovers,spotify:track:1mXE3amJxqLBPBUBYQi55e
Men I Trust,Headroom,Curious Fish,spotify:track:1qJRHo7u8xep1Qk2e4QhOe
Men I Trust,Headroom,Morse Code,spotify:track:6Hg4shhNiovAnaXle7IS0f
Men I Trust,Headroom,Offertorio,spotify:track:5bdu1FcFpOgoY0i8gUtkzq
Men I Trust,Headroom,Out in Myself,spotify:track:3zGyOfZTXJVCq492Q9bnEO
Men I Trust,Headroom,Quiet,spotify:track:2p132CMDRBL3m7M52NV2o5
Men I Trust,Headroom,Sad Organ,spotify:track:4z8WheUV9mwdaNWD8eFWwg
Men I Trust,Headroom,Space Is the Place,spotify:track:1ln7EnR5W9Twtw1G7Mkz51
Men I Trust,I Hope to Be Around,I Hope to Be Around,spotify:track:0Molxw6WdYhOifas6NiQL2
Men I Trust,Lauren,Lauren,spotify:track:7vptmeNwSEVkcwDdqk7UQO
Men I Trust,Numb,Numb,spotify:track:6Ijmj8Z0L31hCp5pLZnT5U
Men I Trust,Plain View,Plain View,spotify:track:3XkxqQ02BchQiJvC99GuDR
Men I Trust,"Say, Can You Hear","Say, Can You Hear",spotify:track:7JvjjlZ5R1I1xRDsEkPuJ7
Men I Trust,Seven,Seven,spotify:track:2dwvxOHnQjndZLowIR6PiS
Men I Trust,Show Me How,Show Me How,spotify:track:01TyFEZu6mHbffsVfxgrFn
Men I Trust,Tailwhip,Tailwhip,spotify:track:2DoO0sn4SbUrz7Uay9ACTM
Men I Trust,You Deserve This,You Deserve This,spotify:track:254ybNwQUpo3zbyBb41KMk
Menahan Street Band,Late Night Tales: Bonobo,The Traitor,spotify:track:1AsfRAABzh6ojovJYDDQlN
MF DOOM,BORN LIKE THIS,ABSOLUTELY,spotify:track:5TNf50N4pG8jBjmmqQDjbB
MF DOOM,BORN LIKE THIS,ANGELZ,spotify:track:1LcbZd2jYgxL0H1LUBr0c9
MF DOOM,BORN LIKE THIS,BALLSKIN,spotify:track:6xsT670QZy7Zm4U9RAhBOj
MF DOOM,BORN LIKE THIS,BATTY BOYZ,spotify:track:2YApH2iZyOPLT0ZSj4MEXm
MF DOOM,BORN LIKE THIS,BUMPY'S MESSAGE,spotify:track:7KKN7vOyBWYP3xrB1GkIlL
MF DOOM,BORN LIKE THIS,"CELLZ, Pt. 1",spotify:track:6Xbijn38KkfDAbSoJWVROM
MF DOOM,BORN LIKE THIS,"CELLZ, Pt. 2",spotify:track:5N1GNgyX2hUf8xm5U64M7X
MF DOOM,BORN LIKE THIS,GAZZILLION EAR,spotify:track:78vSlq4iQCEqjcyOsBUL9x
MF DOOM,BORN LIKE THIS,GAZZILLION EAR - DR WHO DAT? REMIX,spotify:track:0IyJIX6E51Z0txXhYaKM6E
MF DOOM,BORN LIKE THIS,GAZZILLION EAR - JNEIRO JAREL / DAVE SITEK REMIX,spotify:track:7ntEYpfK7vEhxlvSIF84iX
MF DOOM,BORN LIKE THIS,GAZZILLION EAR - THOM YORKE REMIX,spotify:track:0loQO7jh9Uory0c6qZrzvk
MF DOOM,BORN LIKE THIS,LIGHTWORKS,spotify:track:69c4oDezPPUa0htOrd7QVb
MF DOOM,BORN LIKE THIS,MICROWAVE MAYO,spotify:track:2QVLmW0eEG93SPuRsHimac
MF DOOM,BORN LIKE THIS,MORE RHYMIN,spotify:track:3b5o4p740MrK9dXDZsOTVK
MF DOOM,BORN LIKE THIS,RAP AMBUSH,spotify:track:62pfBgi6qtz424gjR5wFkz
MF DOOM,BORN LIKE THIS,STILL DOPE,spotify:track:3X5T6Dhti3tcvw17dCRScq
MF DOOM,BORN LIKE THIS,SUPERVILLAIN (INTRO),spotify:track:4GEb6yEeiiFQedw9Cbu0ls
MF DOOM,BORN LIKE THIS,SUPERVILLAINZ,spotify:track:2NJfmYKPQs9h9JqeVt4kYM
MF DOOM,BORN LIKE THIS,THANK YA,spotify:track:2R2RbXbA85o3pUFKpWzU2m
MF DOOM,BORN LIKE THIS,THAT'S THAT,spotify:track:4NMNcJzN75mBOeZqnCQny0
MF DOOM,BORN LIKE THIS,THE.GREEN.WHORE.NET,spotify:track:3t5fS9HMonWLAsDIrHmLXb
MF DOOM,BORN LIKE THIS,YESSIR!,spotify:track:5aOpPQasVGYgmeMy180i6F
MF DOOM,Coco Mango (FloFilz Remix),Coco Mango (FloFilz Remix),spotify:track:1JZW4KLFdvnpUfw3zSvsIl
MF DOOM,MM...FOOD,Beef Rap,spotify:track:3naDDvqjwCTy6c1xZ1FV6d
MF DOOM,MM...FOOD,Deep Fried Frenz,spotify:track:12Lemsk6c6ohm9afZxYUBz
MF DOOM,MM...FOOD,Fig Leaf Bi-Carbonate,spotify:track:4fGz81hlNLXwzO3L8GGaop
MF DOOM,MM...FOOD,Fillet-O-Rapper,spotify:track:5Jn3B5PcYtSvrLjZ0dvAI7
MF DOOM,MM...FOOD,Guinnesses feat. Angelika & 4ize,spotify:track:06JvX7FobdW07Qa81nghOl
MF DOOM,MM...FOOD,Gumbo,spotify:track:3NJwoC6yRLO6JJ4vaoFZ1h
MF DOOM,MM...FOOD,Hoe Cakes,spotify:track:6OyRpRa1xjDNriftwh1dZR
MF DOOM,MM...FOOD,Kon Karne,spotify:track:08Ar75Td2vFXnKv750IAsC
MF DOOM,MM...FOOD,Kon Queso,spotify:track:5SFMhTRSO8jL2PtamoO1Q7
MF DOOM,MM...FOOD,Kookies,spotify:track:1a9qF8g8cctPiaLfJzxVK7
MF DOOM,MM...FOOD,One Beer,spotify:track:4O4Y5pZNd0kge9aw95OaYC
MF DOOM,MM...FOOD,Poo-Putt Platter,spotify:track:41QEnBlGuGnos5no5qGKBy
MF DOOM,MM...FOOD,Potholderz feat. Count Bass D,spotify:track:1DxaNpUujd8r0rSiv8uCFA
MF DOOM,MM...FOOD,Rapp Snitch Knishes feat. Mr. Fantastik,spotify:track:25kGNSv0yGXZKaC79xzrvg
MF DOOM,MM...FOOD,Vomitspit,spotify:track:07nA7gafu75RjIkAUxtjjr
MF DOOM,Operation: Doomsday (Complete),?,spotify:track:5e5hRYVA6SatSjvDiq9WXs
MF DOOM,Operation: Doomsday (Complete),? (Extended Raw Rhymes Version),spotify:track:3FDhfKLu9mV5RoRQXR5Fj3
MF DOOM,Operation: Doomsday (Complete),? (Instrumental),spotify:track:4VbKUE5a29T2PlKyvRugLZ
MF DOOM,Operation: Doomsday (Complete),Back in the Days (Skit),spotify:track:1xOv6X3zCOXbymLjg3clzH
MF DOOM,Operation: Doomsday (Complete),Dead Bent,spotify:track:4WePk0mCURhm9EcREwuKcU
MF DOOM,Operation: Doomsday (Complete),"Dead Bent (12"" Instrumental Version)",spotify:track:0vaVO6tsqm0Gn8lCtYncsz
MF DOOM,Operation: Doomsday (Complete),"Dead Bent (12"" Version)",spotify:track:1EFH9Ji7ju3cOD22gd12uB
MF DOOM,Operation: Doomsday (Complete),"Doom, Are You Awake? (Skit)",spotify:track:675YYZyBpk3B0cs1bNzGfr
MF DOOM,Operation: Doomsday (Complete),Doomsday,spotify:track:7lT1dCz96jANsLAAADlfIg
MF DOOM,Operation: Doomsday (Complete),Doomsday (Instrumental),spotify:track:3EeD6nR6WDj5kI54SvR9Ph
MF DOOM,Operation: Doomsday (Complete),Gas Drawls,spotify:track:5PZvQeHocidnZ73a3pHO76
MF DOOM,Operation: Doomsday (Complete),"Gas Drawls (12"" Instrumental Version)",spotify:track:4IUuE6MgvdNEfhuunr0mmC
MF DOOM,Operation: Doomsday (Complete),"Gas Drawls (12"" Version)",spotify:track:6fVqoReE9Ov12qxYgAVzMG
MF DOOM,Operation: Doomsday (Complete),Go with the Flow,spotify:track:1Ulk1RYwszH5PliccyN5pF
MF DOOM,Operation: Doomsday (Complete),"Go With the Flow (12"" Version)",spotify:track:48G4FnJvJXxoCmUzgPSWFq
MF DOOM,Operation: Doomsday (Complete),Go With the Flow (Raw Rhymes),spotify:track:610xq5IJOkU58qLAYI1lz3
MF DOOM,Operation: Doomsday (Complete),"Greenbacks (12"" Instrumental Version)",spotify:track:4uC0YChET9wxPDrzypaE8Q
MF DOOM,Operation: Doomsday (Complete),"Greenbacks (12"" Version)",spotify:track:5GUPP6mpy1LgMdz7wLPgmv
MF DOOM,Operation: Doomsday (Complete),Hero v.s. Villain (Epilogue),spotify:track:0Byk7bLRoPwq9AHP6h6pxe
MF DOOM,Operation: Doomsday (Complete),"Hey (12"" Version)",spotify:track:6jPBjORofYaGFOaqDB4kHa
MF DOOM,Operation: Doomsday (Complete),Hey!,spotify:track:51ri5k3DG3HSm85YcOJ0XF
MF DOOM,Operation: Doomsday (Complete),"Hey! (12"" Instrumental Version)",spotify:track:0hwHPe97NqY0RB0EO8iazw
MF DOOM,Operation: Doomsday (Complete),"I Hear Voices (12"" Instrumental Version)",spotify:track:78D4hh4kK0jBTzfvr8tcJX
MF DOOM,Operation: Doomsday (Complete),"I Hear Voices Pt. 1 (12"" Version)",spotify:track:7tzhzmmTUG8h0hJhpo4wGU
MF DOOM,Operation: Doomsday (Complete),"I Hear Voices Pt. 2 (12"" Version)",spotify:track:2tgfOOprFsv2XAEoNngTJe
MF DOOM,Operation: Doomsday (Complete),Operation: Greenbacks,spotify:track:46ttkZIOCxnJcdG3rcudhJ
MF DOOM,Operation: Doomsday (Complete),Red and Gold,spotify:track:03sEEzFv7vnD54KRwU47Ue
MF DOOM,Operation: Doomsday (Complete),"Red and Gold (12"" Instrumental Version)",spotify:track:568x5AeiyXQ3v6vnzHT6xN
MF DOOM,Operation: Doomsday (Complete),Rhymes Like Dimes,spotify:track:12OkZyDWNBLUqoReoseGrc
MF DOOM,Operation: Doomsday (Complete),Rhymes Like Dimes (Instrumental),spotify:track:2CB4gM9asSvCLoxeqZj00U
MF DOOM,Operation: Doomsday (Complete),The Finest,spotify:track:6ijkogEt87TOoFEUdTpYxD
MF DOOM,Operation: Doomsday (Complete),The Finest (Instrumental),spotify:track:0cMjzMAvp0cELaw01vrenL
MF DOOM,Operation: Doomsday (Complete),The Hands of Doom (Instrumental),spotify:track:1zvXaMQXna8N0dqIB1niAb
MF DOOM,Operation: Doomsday (Complete),The Hands of Doom (Skit),spotify:track:1EKH5W2NzTU3BdsT25gyKP
MF DOOM,Operation: Doomsday (Complete),The Mic,spotify:track:0Gja6nrmHk2jrt4SIzAEaH
MF DOOM,Operation: Doomsday (Complete),"The Mic (12"" Instrumental Version)",spotify:track:0rrZwVZQ7d2LhzFcnO2kR1
MF DOOM,Operation: Doomsday (Complete),The Mystery of Doom (Skit),spotify:track:5gGiZqDRdUYHZkXY4nNTA6
MF DOOM,Operation: Doomsday (Complete),The Time We Faced Doom (Skit),spotify:track:74aoqh6npWQyk8WESs5T7W
MF DOOM,Operation: Doomsday (Complete),"Tick, Tick...",spotify:track:4ClVhgWezpuyGhACLGBkEA
MF DOOM,Operation: Doomsday (Complete),"Tick, Tock (12"" Version)",spotify:track:005GysoS5B8WH372VBNAmT
MF DOOM,Operation: Doomsday (Complete),Who You Think I Am (Instrumental),spotify:track:25IDpfUhpSlX2Lph7kl1Y4
MF DOOM,Operation: Doomsday (Complete),Who You Think I Am?,spotify:track:5bPjleBV2VtjRnc0ogJ5ib
Mild Orange,Foreplay,Down By The River,spotify:track:50jPA11pFqdxB1wMK9Fz9h
Mild Orange,Foreplay,In The Living Room,spotify:track:6eXUUOfhAh6m7Udp53NE0W
Mild Orange,Foreplay,Intro~,spotify:track:6tONDRvH1PwW5B7YjCLCHB
Mild Orange,Foreplay,Losing Time,spotify:track:6qfLL2ZoxIpqfzxrqXqEjP
Mild Orange,Foreplay,Mysight,spotify:track:3y54TlZtGwtHapnvGEnwGX
Mild Orange,Foreplay,Selfish Lover,spotify:track:7gWvM2Ffp63wX3NlcssJ9N
Mild Orange,Foreplay,Some Feeling,spotify:track:5e0b8UxDpZQro2cUCtK29Q
Mild Orange,Foreplay,Stranger,spotify:track:4MQwH8UtOM4qgJxd16kJX5
Mild Orange,Foreplay,Terandara,spotify:track:3Gdg0B64ZBIu1KIUM7JPzS
Mild Orange,Foreplay,Where Are We Now?,spotify:track:5eYPrjCCB5qejaeArNGfpI
Mild Orange,Foreplay,~Outro,spotify:track:4tH7qusSwqxCjx4c4tphtE
Miles Davis,Everything's Beautiful,Ghetto Walkin',spotify:track:1b3DCnwkxeL75NdjEY7shK
Miles Davis,Everything's Beautiful,I'm Leaving You (feat. Ledisi & John Scofield),spotify:track:4m6UKPkoGeSAuA2jRvo9hk
Miles Davis,Everything's Beautiful,Little Church (feat. Hiatus Kaiyote) - Remix,spotify:track:6bRXQqoKvQNEXSQUpm351h
Miles Davis,Everything's Beautiful,Maiysha (So Long) (feat. Erykah Badu),spotify:track:1q2Jzd23O49Crk91Rijl7Y
Miles Davis,Everything's Beautiful,Milestones (feat. Georgia Anne Muldrow) - Remix,spotify:track:2T5YaAdIQr5mG9qyiW5Zm9
Miles Davis,Everything's Beautiful,Right On Brotha (feat. Stevie Wonder),spotify:track:7G64vroEI7CDoKngYAzwE8
Miles Davis,Everything's Beautiful,Silence Is the Way (feat. Laura Mvula),spotify:track:6dIOkY29AWodA9QyU4dxpx
Miles Davis,Everything's Beautiful,Song for Selim (feat. KING),spotify:track:2222P1FYURvSNS01HcyoFQ
Miles Davis,Everything's Beautiful,Talking Shit,spotify:track:2kvssJgPAOAFR6ZAypoIwW
Miles Davis,Everything's Beautiful,They Can't Hold Me Down (feat. Illa J),spotify:track:5hGM3sbvHUS40bx2p6jhqU
Miles Davis,Everything's Beautiful,Violets (feat. Phonte),spotify:track:185ciwUe4FUDPG7VHFNzcv
Milo,A Toothpaste Suburb,A Day Trip to the Nightosphere,spotify:track:6OpXndde9C3O33j4q9tuxT
Milo,A Toothpaste Suburb,Argyle Sox (Hellfyre 5ever),spotify:track:6yKYTqPoHkaU29SnSYLjLe
Milo,A Toothpaste Suburb,Buck 65's Knee,spotify:track:1Mioa1T54kkg9lczwW4fpp
Milo,A Toothpaste Suburb,Fragrant Pee Farts,spotify:track:6S9UuDu9tlDuNwtYR4aWZk
Milo,A Toothpaste Suburb,Gaudeamus Igitur (for Kang Min-gyu),spotify:track:7yKt7WiSeufvrsWzuIPrFX
Milo,A Toothpaste Suburb,In Gaol,spotify:track:4dyGS868sbyKQ0A21HeHH4
Milo,A Toothpaste Suburb,Just Us (A Reprise for Robert Who Will Never Be Forgotten),spotify:track:7jaytjdSoneIWM9AcyaGHl
Milo,A Toothpaste Suburb,MAY THE DAYS BE AIMLESS (Sorcery),spotify:track:6AF2clMKUmdotibhZseB1b
Milo,A Toothpaste Suburb,Objectifying Rabbits,spotify:track:4p5CoaimaG1CRxK0bIQaGf
Milo,A Toothpaste Suburb,Ought Implies Can and I Cannot,spotify:track:6rbJSaqX4uBeeIjwcuIhYC
Milo,A Toothpaste Suburb,Peanut Butter Sandwiches,spotify:track:1dkf9kLHt7OTUbf7X3bOyx
Milo,A Toothpaste Suburb,"Salladhor Saan, Smuggler",spotify:track:5TKrrDW9ibArDJJcMwTf43
Milo,A Toothpaste Suburb,Sanssouci Palace,spotify:track:1ylIbkY6qZ3i1pQnK6lSNy
Milo,A Toothpaste Suburb,Thatness and Whatness,spotify:track:0605JfWppWqO8KoB74GcsL
Milo,A Toothpaste Suburb,Yafet's Song,spotify:track:6uEg15fvX4XFkerDikBjbr
Milo,A Toothpaste Suburb,You Are Go(o)d to Me,spotify:track:0Bv5esoQfy1E6DkhsCNu3d
Milo,budding ornithologists are weary of tired analogies,aubergine cloak,spotify:track:3aHW2ysp0x8n0bg1x9elP6
Milo,budding ornithologists are weary of tired analogies,deposition regarding the green horse for rap,spotify:track:2mlpA5BvX8cvkwbXu19FsX
Milo,budding ornithologists are weary of tired analogies,failing the stress test (iguessillbeheadingthen),spotify:track:2Q0BcQHgjhEDiexCfsFgvr
Milo,budding ornithologists are weary of tired analogies,galahad in goosedown (fiat iustitia et pereat mundus),spotify:track:1mO0ueaP2UgKYx2uuD2cJM
Milo,budding ornithologists are weary of tired analogies,lowcoup,spotify:track:1u5jXuhbxe81KwPBWEHQzR
Milo,budding ornithologists are weary of tired analogies,mid answer trying to remember what the question is,spotify:track:03U0u49l4ZYmLgF3yD0e5Y
Milo,budding ornithologists are weary of tired analogies,mythbuilding exercise no.9,spotify:track:0lTEy6m4VFkO5ST7RGiwYn
Milo,budding ornithologists are weary of tired analogies,nominy,spotify:track:2nEVEFQLFccVjQLxwoWAku
Milo,budding ornithologists are weary of tired analogies,pure scientific intelligence (quantum),spotify:track:2Vn4Bepy2l54X1KKIjsyZd
Milo,budding ornithologists are weary of tired analogies,romulan ale,spotify:track:7wGHS9RAG3NcHFhfUNYJCY
Milo,budding ornithologists are weary of tired analogies,sanssouci palace (4 years later),spotify:track:3eosJbYWZ6DK6bG2HdP6bt
Milo,budding ornithologists are weary of tired analogies,stet,spotify:track:3XPLfP4RrRkg3By7BokCNt
Milo,budding ornithologists are weary of tired analogies,the esteemed saboteur reggie baylor hosts an evening at the scallops hotel,spotify:track:0ODAidehmO3ULqt25Y0hAi
Milo,budding ornithologists are weary of tired analogies,thinking while eating a handful of almonds,spotify:track:6PSV4XoWhnSIbyAEWGl5fV
Milo,budding ornithologists are weary of tired analogies,tiptoe,spotify:track:0OiGBiM4hV7Cqmldo3s400
Milo,So The Flies Don't Come,An Encyclopedia,spotify:track:4Ylj0xUFrFivUyENgXw3YT
Milo,So The Flies Don't Come,Going No Place,spotify:track:092QFOLTQYMa6sIxyMxv9J
Milo,So The Flies Don't Come,Napping Under The Echo Tree,spotify:track:3dLmoDhwbXHTkh0Q1KmbqH
Milo,So The Flies Don't Come,Rabblerouse,spotify:track:2A9125BrAqWvM7i9rgNdbw
Milo,So The Flies Don't Come,Re: Animist,spotify:track:2OtIxCX1uROzIB4KywyPXh
Milo,So The Flies Don't Come,Song About a Raygunn (An Ode to Driver),spotify:track:0yPMMp3JjUS8Koz55zZezI
Milo,So The Flies Don't Come,Souvenir,spotify:track:69ou2sRo7sN30mNkhdVVr1
Milo,So The Flies Don't Come,True Nen,spotify:track:7jbSaTVTwh2nTubHMuihS6
Milo,So The Flies Don't Come,Yomilo,spotify:track:66NsZxDfYduAXr5xg1Vd4Z
Milo,So The Flies Don't Come,Zen Scientist,spotify:track:2WyOVbnECDNG0vCyWoIuiJ
Milo,things that happen at day // things that happen at night,A Lazy Coon's Obiter Dictum,spotify:track:0obdWMTrgqO2yMvdhTfZGT
Milo,things that happen at day // things that happen at night,Almond Milk Paradise,spotify:track:48er9m1zbNifk3ku7x3EM7
Milo,things that happen at day // things that happen at night,Almost Cut My Hair (for Crosby),spotify:track:07ShV8CymziYg4gQB1z1S6
Milo,things that happen at day // things that happen at night,Folk-Metaphysics,spotify:track:1pXmvZA7hdVGtvaAKy9JGJ
Milo,things that happen at day // things that happen at night,"Folk-Metaphysics, 2nd ed.",spotify:track:4Z87DQDqRmt8XQmbKb3yar
Milo,things that happen at day // things that happen at night,"Kenosha, WI",spotify:track:3X5p8jKje5i3XRnjRrtums
Milo,things that happen at day // things that happen at night,Legends of the Hidden Temple,spotify:track:176DnFJwiqMlpWDRObi096
Milo,things that happen at day // things that happen at night,Monologion,spotify:track:2cC1TCHfhbIbgrOcgHPIHU
Milo,things that happen at day // things that happen at night,Post Hoc Ergo Propter Hoc (for Schopenhauer),spotify:track:4QZESlGUdTmSdN1q8OOugI
Milo,things that happen at day // things that happen at night,Prop Joe's Clock Repair Shop,spotify:track:4x2kzXUn3IZYsCRpta9KM5
Milo,things that happen at day // things that happen at night,Sweet Chin Music (The Fisher King's Anthem),spotify:track:1MUwO9DniwWxDtubpAYv7h
Milo,things that happen at day // things that happen at night,The Gus Haynes Cribbage League,spotify:track:6ExC6Q3mY8fwGzBsFlqkz9
Milo,things that happen at day // things that happen at night,The Otherground Pizza Party,spotify:track:1eFktbY25CGTb0BDYKRsUo
Mk.gee,Pronounced Mcgee,You,spotify:track:75ZoDBdTAO9e896PtMsbnG
MMYYKK,Mellow Moods & Meditations,Grand Rising [Vibe],spotify:track:5HuLIE6QnVBoSjAyncaRZA
Mndsgn,Body Wash,Alluptoyou,spotify:track:4iT9X3SFNAv10YAOcgrTiP
Mndsgn,Body Wash,Cosmic Perspective,spotify:track:3OtBieT1rwL2SoePlQL4Zh
Mndsgn,Body Wash,Cosmic Perspective,spotify:track:402uLp5EjZ2ADaW0ADZN8O
Mndsgn,Body Wash,Enter Her Abode (Interlude),spotify:track:2O1Zunygg9XTueQQLvvZ9a
Mndsgn,Body Wash,Guess It’s All Over,spotify:track:1VmNMzBiFt3FhSRopVfAac
Mndsgn,Body Wash,Lather,spotify:track:4yDPLWqlXTL0moAorxVqo5
Mndsgn,Body Wash,Overture,spotify:track:2HfU2aeYvJX1G829B7UuoL
Mndsgn,Body Wash,Prelude 2 Purification,spotify:track:7Evkbdhss3FupQ8oHJ28bH
Mndsgn,Body Wash,Searchin I (4 That Familiar Feelin),spotify:track:0VQhhPGPdo5Ej74qDE1UpB
Mndsgn,Body Wash,Searchin II (4 Sumthn New),spotify:track:67YpOUayccX3EENaqv2hf7
Mndsgn,Body Wash,Searchin III (4 Nothin Else),spotify:track:7Dud7mZ8eKyZXBY5Vy8E0C
Mndsgn,Body Wash,Tha Origin (Interlude),spotify:track:7E81qqZtrqVsB35ytSRcOC
Mndsgn,Body Wash,Transmissionnn,spotify:track:4n2I2MIxkgogkCphIj7DPR
Mndsgn,Body Wash,Use Ya Mnd (Twentyfourseven),spotify:track:2JL5OInj6ETNZe19D4066P
Mndsgn,Body Wash,Vague//Recalibrate,spotify:track:6VsyWgFQOYgyXR1YUMiv9m
Mndsgn,Body Wash,Where Ever U R,spotify:track:1hQ9qjhCYXsbx673oey1HS
Mndsgn,Body Wash,Ya Own Way,spotify:track:3PsFkY2DpGKfrR8z1P7cyT
Mndsgn,Snaxx,Ggardenn,spotify:track:4VzuvfGVaZVwrm976XZXNi
Mndsgn,Surface Outtakes,a brand new couch,spotify:track:3qtQ6hs8WFnZxBn0EiEFfe
Mndsgn,Surface Outtakes,dialect,spotify:track:6IW94skFRmvJ9z13hOwH9S
Mndsgn,Surface Outtakes,due mantra,spotify:track:347nmFq5pFDQRMKUZYCbai
Mndsgn,Surface Outtakes,eating starfruit,spotify:track:4wowfXcPnsmM1dDTyKOZqC
Mndsgn,Surface Outtakes,eggs,spotify:track:3aQBfSWXGiEB6zxMpyhjoO
Mndsgn,Surface Outtakes,FSHO,spotify:track:498cFv5zA47QYv2qLgBhmA
Mndsgn,Surface Outtakes,goodbye wavs,spotify:track:6BS3IVEopgQxx6mDWiLh3E
Mndsgn,Surface Outtakes,HLP,spotify:track:6A6BgCBDeIfgidB50vokRI
Mndsgn,Surface Outtakes,overwhelming gratitude,spotify:track:4DuVRqsfQ28XaNqgvSGIlk
Mndsgn,Yawn Zen,Afternoon Shuffle,spotify:track:0new27LtW56D6kVRxeJxzn
Mndsgn,Yawn Zen,AM,spotify:track:3eYqm1yANjjGmdCK0eY0ZF
Mndsgn,Yawn Zen,Arklite,spotify:track:0Dj5LU2LjYHInwHBURsYlx
Mndsgn,Yawn Zen,Camelblues,spotify:track:6AQobWDXD64OnrlmIeZaja
Mndsgn,Yawn Zen,Convert,spotify:track:6ZpBAPoTIo58Fe7HfpCVU4
Mndsgn,Yawn Zen,Exchanging,spotify:track:3O88iuI399zxB69meqkjL0
Mndsgn,Yawn Zen,Frugality,spotify:track:00Y66m581iKcy3otTxYW8S
Mndsgn,Yawn Zen,Homewards,spotify:track:2YdgfEjUO1qhG9j2R58HES
Mndsgn,Yawn Zen,Sheets,spotify:track:0rzwYNDRmc3enemsBllMCn
Mndsgn,Yawn Zen,Txt (MSGS),spotify:track:6keqH1nqtS2j3DOovYwGFU
Mndsgn,Yawn Zen,Yawn,spotify:track:5PKcqv1PLAeSe7Kdz6AIe9
Mndsgn,Yawn Zen,Zen,spotify:track:4DRutlzwU0o0hRHrJGJBdv
Mo Kolours,Inner Symbols,Fade Away,spotify:track:1SPCmJxThENVt5mYsTF0WO
Mo Kolours,Inner Symbols,For Real,spotify:track:3WgNcimCndijwD3BF4p6AY
Mo Kolours,Inner Symbols,Go to Sleep,spotify:track:5EX157odvLpXnUogrzu865
Mo Kolours,Inner Symbols,Inner Symbols,spotify:track:0iZ7VGAz7kw5OUsmz8mJgY
Mo Kolours,Inner Symbols,Life,spotify:track:7wTUNHEgtbi665zLeDKq0x
Mo Kolours,Inner Symbols,Mental Time Dub,spotify:track:2ca8YF0kVVnJRU9cw2yIka
Mo Kolours,Inner Symbols,My Love Medley,spotify:track:4C6lkhQxCu6TfA58FyyIkM
Mo Kolours,Inner Symbols,Push it Now,spotify:track:10fh9KL6AijuifOPQbT0xC
Mo Kolours,Inner Symbols,Real with You,spotify:track:0l9Y8obNUr8yZG4zAgjLrU
Mo Kolours,Inner Symbols,Right Before my Eyes,spotify:track:1XXnA0QGuv3IQYasz9RXTh
Mo Kolours,Inner Symbols,Sacred Drums,spotify:track:5VDWP5kmHURLiKpELhMJjg
Mo Kolours,Inner Symbols,Thanks and Praise,spotify:track:5WpXSvvZe9GZHL2I3TSIu6
Mo Kolours,Inner Symbols,We People,spotify:track:7ERUpL7nauxHXMeSJHtNoX
Mo Kolours,Inner Symbols,Without Strife,spotify:track:09T7FXWNgfF6VGQnmxZvV2
Mo Kolours,Mo Kolours,16-Bit Slaves,spotify:track:6egQROkmjt1SFaUR4ieDlF
Mo Kolours,Mo Kolours,Afro Quarters,spotify:track:3tRize4bkMeqE6IlmxgXpx
Mo Kolours,Mo Kolours,Brixton House,spotify:track:0iw0Xvn3006oteZuJlWtuy
Mo Kolours,Mo Kolours,Child's Play,spotify:track:1fi1GCdVjp730qLxhEs0Tt
Mo Kolours,Mo Kolours,Curly Girl,spotify:track:0696pdYO35nWflNxNoTae8
Mo Kolours,Mo Kolours,In Her Eyes (Funk Heart),spotify:track:1nw2fQGZxwawbhvptiYkPO
Mo Kolours,Mo Kolours,Lighter Break,spotify:track:242Nrg4gmUA6NLxTSICM2X
Mo Kolours,Mo Kolours,Little Brown Dog,spotify:track:3KZMPnlyKTDV4W7oNs7Vbk
Mo Kolours,Mo Kolours,Love for You (Humbeat),spotify:track:67Ky1vZoFlwgTdAHaqOaUn
Mo Kolours,Mo Kolours,Mike Black,spotify:track:6rTSA4YCL3Mu1fzCF0mUje
Mo Kolours,Mo Kolours,Natural Disasters Wish List,spotify:track:3b6xQuaP6VbmMPFKhJAYEV
Mo Kolours,Mo Kolours,Other Day House,spotify:track:5hvNAmYvD4wXicdopESQKB
Mo Kolours,Mo Kolours,Play It Loud (In Your Car),spotify:track:1asNmCJe6WgaRawHvzIqBC
Mo Kolours,Mo Kolours,Say Word,spotify:track:1P46YvWaQnRmxxGItFiLeD
Mo Kolours,Mo Kolours,Shepherd,spotify:track:4Kdxv8rwSeWR3D5qEyTgF7
Mo Kolours,Mo Kolours,Straight Ruk (feat. Jeen Bassa),spotify:track:6W9zizlOLV4q6hi9i3TPsr
Mo Kolours,Mo Kolours,Streets Again,spotify:track:2Ih4DlUlMUXlpw523B1hzz
Mo Kolours,Mo Kolours,Take Us - Interlude,spotify:track:2gwf0I84Ugsraj2x7YOhly
Mo Kolours,Texture Like Sun,A Soul's Journey,spotify:track:7MhXbSrkMEzw2RhDHBpM2V
Mo Kolours,Texture Like Sun,B Feeling - Skit,spotify:track:2pdB5cMVh0kodauPQ1aDm0
Mo Kolours,Texture Like Sun,Breathe,spotify:track:0e3OSZ6kM2O607AltaquWg
Mo Kolours,Texture Like Sun,Club - Skit,spotify:track:7qBR8p4H8PERTboMRP0a2l
Mo Kolours,Texture Like Sun,Don't Poison All the Water,spotify:track:4Uo3ZfshboEokELqC8ZezT
Mo Kolours,Texture Like Sun,Find out What You Want,spotify:track:7Lo3N59OjpkslgFCVo6bsQ
Mo Kolours,Texture Like Sun,Foundation,spotify:track:0Atm2n8wfTMsjKGLHIKzAq
Mo Kolours,Texture Like Sun,Foundation Rhythm,spotify:track:6Jl74gjlWUciZ8wuoBI3KH
Mo Kolours,Texture Like Sun,Harvest,spotify:track:2Cj8IsTRSib4KcTEEzAY4Z
Mo Kolours,Texture Like Sun,Keep Cool,spotify:track:1QgdqVmA4kyEnexPNFgIwD
Mo Kolours,Texture Like Sun,Orphan's Lament,spotify:track:0N0ZahE8VPfU9YgV9HyqZh
Mo Kolours,Texture Like Sun,Paradise,spotify:track:3HhJkkHZcA9J9SxqFWvrJB
Mo Kolours,Texture Like Sun,Pass It Round,spotify:track:4Tam7Olf308fR5bfCnnOAY
Mo Kolours,Texture Like Sun,Pots & Pans Ceremonial - Intro,spotify:track:08waFpjRuG0GyypULoFZav
Mo Kolours,Texture Like Sun,Second Start,spotify:track:1qTWDX16TchREAMz1dOy6L
Mo Kolours,Texture Like Sun,Sign,spotify:track:7IZHGsXTSJV4qabXFQhF37
Mo Kolours,Texture Like Sun,Tears & Sand,spotify:track:4xuSGh7DIKNMZKW1OUfWnY
Mo Kolours,Texture Like Sun,Texture Like Sun (Golden Brown),spotify:track:6XJWkM5q21LHgcxJzbhgQE
Mo Kolours,Texture Like Sun,Where's the Salad?,spotify:track:6Cnqc4pjnahbFFswOaacWg
Model Man,Beta Songs,The Hill,spotify:track:7m3lcIEQbmsZfI1PGcxE5d
Model Man,"City Songs, Pt. I",Alone,spotify:track:0TQHT8Atl75SGkR6wMQ2Mt
Model Man,"City Songs, Pt. I",Don't Be a Burden,spotify:track:5kTjGkuCQJv8fOc5a2YyU8
Model Man,"City Songs, Pt. I",Ketones,spotify:track:7GtUNdi7L5e8xcbCuLzuoP
Model Man,"City Songs, Pt. I",Running,spotify:track:4FnbmLIXcEUQZ23sfzrk0v
Model Man,"City Songs, Pt. I",Without You,spotify:track:70GBnWr5S9pNvdG24uMNrl
Modha,Harzer Straße,Harzer Straße,spotify:track:4KXtD1yMFOnMp5GplR7YfP
Moods,Where I Met You,Where I Met You,spotify:track:2AuHTUSBMMNVHeO93a6n25
Moods,Wildfire,Wildfire,spotify:track:4FJEw0qNeSEhVlGLo7v2PV
Moodymann,Black Mahogani,Back at Bakers (On Livernois),spotify:track:7BY0eABPF2rOJ4Zm0IR1u1
Moodymann,Black Mahogani,Black Mahogani,spotify:track:495oT3dvrhlsppXTlXHpQx
Moodymann,Black Mahogani,Holiday (Live) [feat. Roberta Sweed],spotify:track:2nV7GjXsIorMgI85nsM0Wu
Moodymann,Black Mahogani,I Need You so Much (feat. Roberta Sweed),spotify:track:7bJI2zJ9YGJ12V2MjjAIwy
Moodymann,Black Mahogani,I'm Doing Fine (feat. Amp Dog Knight),spotify:track:5vOSahSFyo87bRpf3yoBNg
Moodymann,Black Mahogani,Mahogani 9000,spotify:track:67a7r1t1SxJILPdFAe4wBb
Moodymann,Black Mahogani,Riley's Song,spotify:track:5EcjotT3n1eQsTrZNXw748
Moodymann,Black Mahogani,Roberta Jean Machine (feat. Norma Jean Bell & Roberta Sweed),spotify:track:1MLF4CW2a9jjKKvfHna8Qu
Moodymann,Black Mahogani,"Runaway (feat. Roberta Sweed, Norma Jean Bell & Pitch Black City)",spotify:track:67do51JLVgOHkbuqo0vDGO
Moodymann,Black Mahogani,Shades of Jae,spotify:track:2jzdxxtPk8hI5AlVJMI1dh
Moonchild,Voyager,6am,spotify:track:2oEUuyb34gDdiDaBR5CMUf
Moonchild,Voyager,Change Your Mind,spotify:track:3zzdIzBIq1iLB2kYyblXle
Moonchild,Voyager,Cure,spotify:track:0JYaCnwwLv7dSAGEzJLxkd
Moonchild,Voyager,Doors Closing,spotify:track:0SsL24tWTdMshmTBhK95HV
Moonchild,Voyager,Every Part - For Linda,spotify:track:61I8fA28FX4t336pMzw8yl
Moonchild,Voyager,Hideaway,spotify:track:3GhZ0SeJCfg69YRCGMhvOD
Moonchild,Voyager,Let You Go,spotify:track:6bYQW2gkDCJyDxI2pLWt3D
Moonchild,Voyager,Now and Then,spotify:track:5DUc2dpwloa6PihhhSEzM0
Moonchild,Voyager,Run Away,spotify:track:5eEum96IDe1uRMWgfl8w0y
Moonchild,Voyager,Show the Way,spotify:track:4y7R2VQNof7CYPFOVZ409D
Moonchild,Voyager,The List,spotify:track:5NbdN6rPwkntsk9rdHO4vl
Moonchild,Voyager,Think Back,spotify:track:72dP3mFZQYNkKWhYi2IeJe
Moonchild,Voyager,Voyager - Intro,spotify:track:0qn8ijdDwea1nA5qKceziy
Moonilena,Studio Barnhus Volym 1,Stone Talk,spotify:track:712F4wYZorDlq4BSzNwqfj
Moses Boyd,We out Here,The Balance,spotify:track:0dKdUYcJvnzonLe8dTNXxO
Moses Ideka,Cast Out,Cast Out,spotify:track:1ixSvMpiQVaOtW0Ev4pW9k
Moses Ideka,Won't Be Waiting,Won't Be Waiting,spotify:track:6KCPje9DnWgRse7ss9LbyS
Mosley Jr,Lonestar Retreat,Sorry and Sunscreen,spotify:track:4PArRqkYWtLrKsLWM03Rpi
Mount Kimbie,Cold Spring Fault Less Youth,Blood and Form,spotify:track:0JJBc9IxBfWPvbwqVFw6BG
Mount Kimbie,Cold Spring Fault Less Youth,Break Well,spotify:track:2t0XPiQhdqLSoEHlZ2tMqG
Mount Kimbie,Cold Spring Fault Less Youth,Fall Out,spotify:track:6krFVB0KUhlPdXJPUG3N22
Mount Kimbie,Cold Spring Fault Less Youth,Home Recording,spotify:track:745Fbp3nK7cC4sSbvVa7Ez
Mount Kimbie,Cold Spring Fault Less Youth,Lie Near,spotify:track:1dhibqyLfgm9pJ6PlZrI4X
Mount Kimbie,Cold Spring Fault Less Youth,Made To Stray,spotify:track:7M0GDtHcuJrTMWtnSs48I3
Mount Kimbie,Cold Spring Fault Less Youth,"Meter, Pale, Tone",spotify:track:0ZxqWhiK6r7wc8XNQJllT1
Mount Kimbie,Cold Spring Fault Less Youth,Slow,spotify:track:5mhpnGG2yC9lDC4u8inh34
Mount Kimbie,Cold Spring Fault Less Youth,"So Many Times, So Many Ways",spotify:track:0ODzmLDk8UNWNtNrJKpGzh
Mount Kimbie,Cold Spring Fault Less Youth,Sullen Ground,spotify:track:4QTtoZ4E5IDPLF8YmtNzSV
Mount Kimbie,Cold Spring Fault Less Youth,You Took Your Time,spotify:track:3zBgPi9s8iroxNQ5rNYeQR
Mount Kimbie,Crooks & Lovers,Adriatic,spotify:track:6hpRmbDoD3MMkSy5enhWBP
Mount Kimbie,Crooks & Lovers,Before I Move Off,spotify:track:6rcBB3zLdFn6RjEzienOdm
Mount Kimbie,Crooks & Lovers,Between Time,spotify:track:6vlLLd3TLxHsnKx0QzoBAj
Mount Kimbie,Crooks & Lovers,Blind Night Errand,spotify:track:57p1UwuJ19XMaC7gF9B52h
Mount Kimbie,Crooks & Lovers,Carbonated,spotify:track:5d3qZ4xZv0inQK292Mmnhh
Mount Kimbie,Crooks & Lovers,Field,spotify:track:7gavqW2imahYFp7bGWYWN1
Mount Kimbie,Crooks & Lovers,Mayor,spotify:track:17IvJQFH0gLEHisyCRClo2
Mount Kimbie,Crooks & Lovers,Ode to Bear,spotify:track:5mSLvWcMT6emiUKgBDXJk5
Mount Kimbie,Crooks & Lovers,Ruby,spotify:track:4nEuIUz3MYhErH40zqVm6z
Mount Kimbie,Crooks & Lovers,Tunnelvision,spotify:track:15CSOpkmPwwOQ3GkJRCsQ6
Mount Kimbie,Crooks & Lovers,Would Know,spotify:track:7KIiwHwKPyBNVNfWgnqF2i
Mount Kimbie,DJ-Kicks (Mount Kimbie),Blue Train Lines (Nina Kraviz Remix) - Mixed,spotify:track:6K500U4NEyN92HaXTEnAF6
Mount Kimbie,DJ-Kicks (Mount Kimbie),Southgate (DJ-Kicks) - Mixed,spotify:track:21Ih0irfDtY6wa2XfXZajZ
Mount Kimbie,Love What Survives,Audition,spotify:track:0iXG53cL42szbZuZUGBfXC
Mount Kimbie,Love What Survives,Blue Train Lines,spotify:track:5MZbUlBSqkRJkc0nxp730C
Mount Kimbie,Love What Survives,Delta,spotify:track:0VW0QfQICgJ3N5TNnNDpxv
Mount Kimbie,Love What Survives,Four Years and One Day,spotify:track:7foBPPS22i7vZlvsxqYiLe
Mount Kimbie,Love What Survives,How We Got By,spotify:track:2YjdhziaHroiYMClwCBbIQ
Mount Kimbie,Love What Survives,Marilyn,spotify:track:5jJPcImQkogKdwsVS36zH7
Mount Kimbie,Love What Survives,Poison,spotify:track:7KJgdlyxWIMssSMkcWd08Q
Mount Kimbie,Love What Survives,SP12 Beat,spotify:track:5VkHUSvOdPG0hm9ZOol6yU
Mount Kimbie,Love What Survives,T.A.M.E.D,spotify:track:65mtcgjLyfBbAf3FI5ZXjK
Mount Kimbie,Love What Survives,We Go Home Together,spotify:track:3P1KupycQmYLLq7QxXzB1c
Mount Kimbie,Love What Survives,You Look Certain (I’m Not So Sure),spotify:track:559261quLx4Iuiz1PjmvgY
Move 78,Follow the Earworm / Hectic As...,Hectic As...,spotify:track:7qGiqZXmt6ksGNtm36cTfX
Munro,Future Bubblers 1.0,Calm Waters,spotify:track:3SPUAr8qjwhuwT1zbAMrL9
Mura Masa,Curve +1,Handsup,spotify:track:3QT1t1UdF3A4ABV5BI5Yoz
Mura Masa,Mura Masa,1 Night (feat. Charli XCX),spotify:track:06XuHBFQejxy9jhNBaHEwx
Mura Masa,Mura Masa,All Around The World (feat. Desiigner),spotify:track:4x8874idDYp8yxgKsyb4xG
Mura Masa,Mura Masa,Blu (feat. Damon Albarn),spotify:track:4WzIR5PJLp6dY09h5PWdxr
Mura Masa,Mura Masa,Firefly (feat. NAO),spotify:track:62BvDgepVjmPeYKl9Ru1zu
Mura Masa,Mura Masa,give me The ground,spotify:track:16MhfA6MG8jEdoJMBqubly
Mura Masa,Mura Masa,helpline (feat. Tom Tripp),spotify:track:3kTi265EwS95DCYL59hxyK
Mura Masa,Mura Masa,Love$ick (feat. A$AP Rocky),spotify:track:3sTN90bIP2cJ1783ctHykO
Mura Masa,Mura Masa,Messy Love,spotify:track:5cRCEOCVmqUBRYW8XyFk0d
Mura Masa,Mura Masa,NOTHING ELSE! (feat. Jamie Lidell),spotify:track:5bewkBDtMY5rrXCYBFspfF
Mura Masa,Mura Masa,Nuggets (feat. Bonzai),spotify:track:1UKd207NfxFvKpOiuguKhe
Mura Masa,Mura Masa,Second 2 None (feat. Christine And The Queens),spotify:track:6OdwhuZj85VSZG4bVPE87C
Mura Masa,Mura Masa,What If I Go? (feat. Bonzai),spotify:track:2tHfNQnj50VoMZga2rpfdA
Mura Masa,Mura Masa,Who Is It Gonna B (feat. A. K. Paul),spotify:track:4P8ebswGFjPzUFFkoW597X
Mura Masa,Someday Somewhere,Are U There?,spotify:track:2LAADRyMblXuDfKZ8dm8LR
Mura Masa,Someday Somewhere,Firefly,spotify:track:2s9C5THb9llwyVXtjveV4E
Mura Masa,Someday Somewhere,Lovesick,spotify:track:3GGg9FWBlAjrAvC16kazer
Mura Masa,Someday Somewhere,Low,spotify:track:1DozKkvrqPPLYcXawVxIR2
Mura Masa,Someday Somewhere,Terrible Love,spotify:track:3mAgdriwMRKVeIvWw0neZP
Mura Masa,Someday Somewhere,When U Need Me,spotify:track:5iGDHpBu0oAA4FHoEwYOE3
Mura Masa,Someday Somewhere,Your Bones (Intermission),spotify:track:62w0FwjHqlQ3JH7eI6d61k
Mura Masa,Soundtrack To A Death,...Girl,spotify:track:2CJOCW4VWc0u6gKTvRkdXA
Mura Masa,Soundtrack To A Death,An Interlude,spotify:track:1ARmW54wKilRiJm3znEmel
Mura Masa,Soundtrack To A Death,Bae,spotify:track:3LlN0koSj1GH4W6sER5OCa
Mura Masa,Soundtrack To A Death,Cloud Claps,spotify:track:0XCZSl12v5sqeeyPixMbnv
Mura Masa,Soundtrack To A Death,Hell,spotify:track:7dQ847NQosTZ9gztaaBtn7
Mura Masa,Soundtrack To A Death,I've Never Felt So Good,spotify:track:4mXDPnhn0oEq3XrCHJ2pkP
Mura Masa,Soundtrack To A Death,Intro?,spotify:track:1Rdd86FXUBFhBwSQBG9nkm
Mura Masa,Soundtrack To A Death,Know Me Better,spotify:track:5jwcfSApQrJnceLYm8awz9
Mura Masa,Soundtrack To A Death,Lotus Eater,spotify:track:18SDFwz5UNo3C7M3FzGCyN
Mura Masa,Soundtrack To A Death,Miss You,spotify:track:7u6Wl10noSzDOL2aiDJHNh
Mura Masa,Soundtrack To A Death,Shibuya,spotify:track:7K8mjUFCOTBL8pWtCeDHTO
Mura Masa,Soundtrack To A Death,Suicide Blades,spotify:track:3EJht2HTniMJbQzi8O0L10
Mura Masa,Soundtrack To A Death,U,spotify:track:75g6AGXwNMoB1QVN1gUZnx
Mura Masa,Soundtrack To A Death,¥ (money),spotify:track:5lt7DisYMz8AzstCfMjT4e
Myles Morgan,Ikywc,Ikywc,spotify:track:41cyH6sKVThj5AtcLPrkbS
møziz,E-Møtion: Time Machine + Cycles,12:34,spotify:track:7FHGVDdtApYHlCPaof0N70
N.Y House'n Authroity,DJ-Kicks (Mount Kimbie),APT. 2B - Mixed,spotify:track:0yMeRGHmoFvxgk3MPprLVC
namesbliss,Iniesta Flow,Iniesta Flow,spotify:track:1fZlxYXWrsus7bSPjX5Wng
NATE08,Hold Up,Hold Up,spotify:track:2r7fFB8YvJjSvtwtzkwM6Y
Natureboy Flako,Andar Y Volar,Andar Y Volar,spotify:track:7CAAUNako7iZChpFkBJj8B
Natureboy Flako,Natureboy,For You (Reprise),spotify:track:5IHvmuz9zy4kySIeaFQ4lJ
Natureboy Flako,Natureboy,Gelis,spotify:track:76EM5JFNGgkBxFq16xZTCC
Natureboy Flako,Natureboy,Golden High,spotify:track:0OOgOawGw96B5nCkPyDueq
Natureboy Flako,Natureboy,Kuku,spotify:track:2RGY5ihS4nksxXhbsCoSBy
Natureboy Flako,Natureboy,Lyrebird,spotify:track:6PcFDoAb7jlvqTfggRWPMz
Natureboy Flako,Natureboy,Payaso,spotify:track:4VHSLuyDhcnqEkANPuXLUb
Natureboy Flako,Natureboy,Shape Of Things To Come,spotify:track:1NMzyXf7rW9sjhiodFCPjC
Natureboy Flako,Natureboy,Shipibo Icaro,spotify:track:2R6HlTMCMEpfnrQbNngX8f
Natureboy Flako,Natureboy,Solo For Chloë,spotify:track:43IoF0paHQip0UZgkCpPTC
Natureboy Flako,Natureboy,Som Da Aura,spotify:track:5XMFt4sye1CA0n6TXXx8FA
Natureboy Flako,Natureboy,Spice Melange,spotify:track:6ybD0mTDa0IcAsfFZYoWG7
Natureboy Flako,Natureboy,The Odd & Beautiful,spotify:track:4Jgp9vKzKIeLUoNH2mZmhu
Natureboy Flako,Natureboy,The Opening / Purple Trees,spotify:track:7rPPdxAyoiqj9lJz3ZiuuW
Natureboy Flako,Natureboy,Twelve O'Clock Shadow,spotify:track:6HA02quiuV0apMuoB0fAKv
Natureboy Flako,Natureboy,Who Do You Think You Are?,spotify:track:0wrdS5SVQ2MxdH2olrQ3f2
Natureboy Flako,Natureboy,With Me Now,spotify:track:74zI09acHC2xIoQ0odMA0p
Natureboy Flako,Theme For A Dream,Ancient Lands,spotify:track:1xQafqN2PdLTD9RCtEXVen
Natureboy Flako,Theme For A Dream,From the Shadows,spotify:track:2DKewkAwLuVMnCJQZwn2Kr
Natureboy Flako,Theme For A Dream,Nebulous Garden,spotify:track:5SUEqRe3FNUDZ7rV6btSbv
Natureboy Flako,Theme For A Dream,Stream of Being,spotify:track:0jVRN7xbZvgv3jWFZ2lD5Y
Natureboy Flako,Theme For A Dream,The Great Escape,spotify:track:50sHX5Iwsxt8X0VeTqUwBo
Natureboy Flako,Theme For A Dream,Theme for a Dream,spotify:track:7ARq5LdtEOfpuOsZpseUlT
Natureboy Flako,Theme For A Dream,Traummaschine,spotify:track:67USctEZR2J4IuUdFgg9tH
Natureboy Flako,Theme For A Dream,Wolkenlos,spotify:track:3TRCzLgfoMar4Z3RW4LyW3
NAYANA IZ,TNT,TNT,spotify:track:1qR5M6imIjQEFXTsai8tcR
NEIL FRANCES,Took a While,Took a While,spotify:track:7AfZIW6yXC4MzElfFmqa9m
Nepa Allstar,fabric presents Bonobo,The Way - Mixed,spotify:track:4daCZigGO18UuQfj3SWI3z
Neu Balance,"In My Life, I've Loved Them All",I Left My Body Alone with You,spotify:track:5x1nVMdyzOQ4AT9enKRMuL
Neu Balance,"In My Life, I've Loved Them All","It's Love, It's Life",spotify:track:20IZxwaEeIq8B6vjIrVwhs
nic and reuben,MIND/WAVE,BIG wow,spotify:track:2BntxHCGjkk2i5WkndBTK8
Nick Murphy,Run Fast Sleep Naked,Believe Me,spotify:track:0ZfoVx1oxdIbeW8xg7FkBS
Nick Murphy,Run Fast Sleep Naked,Dangerous,spotify:track:1RvHSqQ3tEfryomvRBbgtm
Nick Murphy,Run Fast Sleep Naked,Harry Takes Drugs on the Weekend,spotify:track:60c3PZIkiNuOpCaERKuS2l
Nick Murphy,Run Fast Sleep Naked,Hear It Now,spotify:track:58nuCpXEZjDZ1ZFPlkK1LU
Nick Murphy,Run Fast Sleep Naked,Message You At Midnight,spotify:track:7dlagtf7Kosi8K7dnWgMW6
Nick Murphy,Run Fast Sleep Naked,Never No,spotify:track:6qYpEue17fqX4gaq0nRsnm
Nick Murphy,Run Fast Sleep Naked,Novacaine and Coca Cola,spotify:track:4JizDkEis67nds2FDWjuzQ
Nick Murphy,Run Fast Sleep Naked,Sanity,spotify:track:3d3QsESWXrKcURHKOuPmA9
Nick Murphy,Run Fast Sleep Naked,Some People,spotify:track:601v0MLjn0O3ViAJOe5ykS
Nick Murphy,Run Fast Sleep Naked,Sunlight,spotify:track:4Lig5zTw1gu5T7A5ciVsve
Nick Murphy,Run Fast Sleep Naked,Yeah I Care,spotify:track:7hLnx15yb5oUyjbQrGqbza
Nicolas Fox,IN DUBIO,BE REAL,spotify:track:4yHjwdSUEvqEE27E4sF4GX
Nicolas Jaar,Nymphs,Don't Break My Love,spotify:track:5QOdy5GeehZ3WAYQZnfW3W
Nicolas Jaar,Nymphs,Fight,spotify:track:1ggOcIqhVvjZOJ3SnzAfCt
Nicolas Jaar,Nymphs,Mistress,spotify:track:28XYmM3llkCEt36AF6LRAy
Nicolas Jaar,Nymphs,No One Is Looking at U,spotify:track:28LB8LFCPtAJY4ysfqI2JE
Nicolas Jaar,Nymphs,Swim,spotify:track:7BcJZjl2ZC9rEZZTSNkJnb
Nicolas Jaar,Nymphs,The Three Sides of Audrey and Why She's All Alone Now,spotify:track:4PUg6tUdodrcCtymgUo8Iz
Nicolas Jaar,Nymphs,Why Didn't You Save Me,spotify:track:4bxZSzNvqrHgsIIk0xna9z
Nicolas Jaar,Pomegranates,Beasts of This Earth,spotify:track:3iz9wIbPtkKpXzKokMQoSN
Nicolas Jaar,Pomegranates,Club Kapital,spotify:track:3Jpo3eBVC54LlPvemIJbUk
Nicolas Jaar,Pomegranates,Construction,spotify:track:7tcTXdATgi7waXeueprqnC
Nicolas Jaar,Pomegranates,Divorce,spotify:track:4ZJ5dUxohNsOyJyckNDiUQ
Nicolas Jaar,Pomegranates,Fall into Time,spotify:track:5BhEneBMapDIREA0tHAOKS
Nicolas Jaar,Pomegranates,Folie à deux,spotify:track:4flICze3xoKqLksPArbUsa
Nicolas Jaar,Pomegranates,Garden of Eden,spotify:track:1OBbiXn2k0QiYgsjc4jAW1
Nicolas Jaar,Pomegranates,Muse,spotify:track:2QiCEd0XkLX8t2uKMdoMcf
Nicolas Jaar,Pomegranates,Near Death,spotify:track:3niF9I3TpQR0S9u4p3hozT
Nicolas Jaar,Pomegranates,Nothingness,spotify:track:5QOGQ0maoQkRAfhm8FkCcS
Nicolas Jaar,Pomegranates,Pass the Time,spotify:track:1FFCbCFFq8WzTuMydsKviy
Nicolas Jaar,Pomegranates,Screams at the Edge of Dawn,spotify:track:1uI7YbnR0wrjUYeitdaLqV
Nicolas Jaar,Pomegranates,Shame,spotify:track:0Yxohi0DaoBlp9sjiGVvJL
Nicolas Jaar,Pomegranates,Spirit,spotify:track:2bQsdhnnySzNlLumqBE3ag
Nicolas Jaar,Pomegranates,Survival,spotify:track:4XrLGOiP3lpgVTd5DI2zcS
Nicolas Jaar,Pomegranates,The Fool and His Harem,spotify:track:11V0nv4rx97Vfx29xPnxxZ
Nicolas Jaar,Pomegranates,Three Windows,spotify:track:5c9bidUm1r3uX0aif1jKyf
Nicolas Jaar,Pomegranates,Tourists,spotify:track:22Zmt2SeQcMoHlWPqOdxjr
Nicolas Jaar,Pomegranates,Tower of Sin,spotify:track:2Es73DSMbu7JsdrsxGkulP
Nicolas Jaar,Pomegranates,Volver,spotify:track:2m5CuM72y9yKMXH4XRK2Ij
Nicolas Jaar,Sirens,A Coin in Nine Hands,spotify:track:78ypfJBHBtGfB8in3bJ0xI
Nicolas Jaar,Sirens,America! I'm for the Birds,spotify:track:7fnerefbjuEIsWbGzOgHdI
Nicolas Jaar,Sirens,History Lesson,spotify:track:23RkdtoT5BACJCaacHrqjx
Nicolas Jaar,Sirens,Killing Time,spotify:track:0Z6KGGQ1Sx4lFVBCHuWPss
Nicolas Jaar,Sirens,Leaves,spotify:track:4SSBPANlSrwT0GsBnSawgy
Nicolas Jaar,Sirens,No,spotify:track:5IEZd068ItF8u9fP2G4Gva
Nicolas Jaar,Sirens,The Governor,spotify:track:6DNa1en6RuNGdCdT6ngvfx
Nicolas Jaar,Sirens,Three Sides of Nazareth,spotify:track:7j6DqnrZpLKdpfX8wcb233
Nicolas Jaar,Sirens,Wildflowers,spotify:track:5vtKvxqhJg1FeecDPPrpOC
Nicolas Jaar,Space Is Only Noise,^tre,spotify:track:6NfVTDOFHUob4pTG0kWtkX
Nicolas Jaar,Space Is Only Noise,Almost Fell,spotify:track:5b9kxNUalGOn3KK9mlPo7H
Nicolas Jaar,Space Is Only Noise,Balance Her In Between Your Eyes,spotify:track:5Ru6WUaV3Zn5fjfGO97U7P
Nicolas Jaar,Space Is Only Noise,Colomb,spotify:track:5PV6r93MQICDlBiCEbURLZ
Nicolas Jaar,Space Is Only Noise,Keep Me There,spotify:track:54XrMtMjRcuFF2mUAHuwKF
Nicolas Jaar,Space Is Only Noise,Problem With the Sun,spotify:track:7cY5B7UVLQjKoygggH7Iqo
Nicolas Jaar,Space Is Only Noise,Space Is Only Noise If You Can See,spotify:track:7uW6TpsG5sqP5JxTLV7Bf0
Nicolas Jaar,Space Is Only Noise,Specters of the Future,spotify:track:5C7HsStuFSND0wLgy0ALVK
Nicolas Jaar,Space Is Only Noise,Sunflower,spotify:track:5xpCgJcvxTvmtEelQWkYHD
Nicolas Jaar,Space Is Only Noise,Too Many Kids Finding Rain In the Dust,spotify:track:2JM9NZGjOOaX83dK8H0nzQ
Nicolas Jaar,Space Is Only Noise,Trace,spotify:track:5gTWcDT8ibKwIRCAYq3vWR
Nicolas Jaar,Space Is Only Noise,Variations,spotify:track:3i8PWTx08WL1vjQYLaX3Fv
Nicolas Jaar,Space Is Only Noise,Être,spotify:track:0gljKCgHMtrqFGaRGoNFfx
Nige,Go Back,Go Back,spotify:track:0OzWzJiKI24yNY5NH146Pp
Nightmares On Wax,DJ-Kicks (Moodymann),Les Nuits - Mixed,spotify:track:4dYhnhsZh8PD7J1AitFVtx
Nilüfer Yanya,Miss Universe,WWAY HEALTH ™,spotify:track:24oBYmDYoCrRe9qjoreqNO
nimino,I Only Smoke When I Drink,I Only Smoke When I Drink,spotify:track:39glDGcpBhLVMSsQhvtqHR
NiNE8,No Smoke,Ignant,spotify:track:6EYOA2NN9flE5wXQI4lz37
Nirvana,Nirvana,About A Girl,spotify:track:55yvzYuvJYG2RUEnMK78tr
Nirvana,Nirvana,All Apologies - Live,spotify:track:59URYZHXZ6D3I6EOT9eQqn
Nirvana,Nirvana,Been A Son - Blew EP Version,spotify:track:0JyFwRpYcMrVU6dRXnSCoX
Nirvana,Nirvana,Come As You Are,spotify:track:0LnkNEgEXv83bVVvgnB9Et
Nirvana,Nirvana,Dumb,spotify:track:696yLrZ15KT1oMjXW6zGb4
Nirvana,Nirvana,Heart-Shaped Box,spotify:track:0p1IPSa7u7REnzAoKn5ywa
Nirvana,Nirvana,In Bloom,spotify:track:0989fUGbNX4X48jOww8qhc
Nirvana,Nirvana,Lithium,spotify:track:4ZJz3TASJ0TA9vF1KrZvUz
Nirvana,Nirvana,Pennyroyal Tea - Single Mix,spotify:track:3mwRj94KSmzZ1UMvpfrYFv
Nirvana,Nirvana,Rape Me,spotify:track:4SCzhsw9HHBaLsr2KhmmKG
Nirvana,Nirvana,Sliver,spotify:track:6vA9MwQSTgsGw2aaiVQdq2
Nirvana,Nirvana,Smells Like Teen Spirit,spotify:track:6y1etHPLRsgA467gLBOgBm
Nirvana,Nirvana,The Man Who Sold The World - Live,spotify:track:1XnPVbzLhuBv0sHaCTgyoi
Nirvana,Nirvana,You Know You're Right,spotify:track:5O8L4I2S4izFGDjvP7xAKv
Noir,DJ-Kicks (Moodymann),Around (Solomun Vox) [Moodymann Edit] - Mixed,spotify:track:3D4ye4jul39kOoubzM0wVW
Nokia Mansion,Dennis,Dennis,spotify:track:3vb68u0XdH61GHgYLwnUNs
Noname,Room 25,Ace,spotify:track:2jlVsVNu7aL9OjxyJwYZF5
Noname,Room 25,Blaxploitation,spotify:track:1XiKRU9Dg7QPlGRSWbfXgo
Noname,Room 25,Don't Forget About Me,spotify:track:5bXwm2RRXbyDvCKE9VkSLU
Noname,Room 25,Montego Bae,spotify:track:1g2mY3SYKNI90COS9x8dgB
Noname,Room 25,no name,spotify:track:6i8ipO7mcVtmuNCa1uCGk9
Noname,Room 25,Part Of Me,spotify:track:3XSHyuem7nf5GQzeScCu8S
Noname,Room 25,Prayer Song,spotify:track:50yYKk1o3W8Tp7skWT2AKv
Noname,Room 25,Regal,spotify:track:45wUgd2iiEwvquVT3xcNDA
Noname,Room 25,Self,spotify:track:2wUnFLr2k5491Pv4cUYd83
Noname,Room 25,Window,spotify:track:2wTGE01CrlTOH4naE9OGCE
Noname,Room 25,With You,spotify:track:2FyPSCjAed2BEipHi0QLZk
Noname,Song 32,Song 32,spotify:track:7GWAIzOmt5iznpu8RbSiSI
Noname,Telefone,All I Need (feat. Xavier Omär),spotify:track:5SBPdm1dAz7WhgmSQVfOew
Noname,Telefone,Bye Bye Baby,spotify:track:25FeM2rqMbcySLJ4dxS2iU
Noname,Telefone,Casket Pretty,spotify:track:2TjXFgo8V7BBfJ4HZw0z2W
Noname,Telefone,Diddy Bop (feat. Cam O'bi & Raury),spotify:track:6JvfBzqZmSiEG5MjM7OcSY
Noname,Telefone,Forever (feat. Joseph Chilliams & Ravyn Lenae),spotify:track:3cFqaY74NyS6rcitujSx2g
Noname,Telefone,Freedom (Interlude),spotify:track:31O7s8gaVrs6kzTROw0sze
Noname,Telefone,Reality Check (feat. Akenya & Eryn Allen Kane),spotify:track:0UVfZ1QfaSPqRHhmZNVI71
Noname,Telefone,"Shadow Man (feat. Phoelix, Smino & Saba)",spotify:track:1h2LHhmyAXi8tPNLi806JA
Noname,Telefone,Sunny Duet (feat. the Mind),spotify:track:1ZEpge1j4gAi4R7pU9oor5
Noname,Telefone,Yesterday,spotify:track:3YelntUJuFb94u4VDS4EPc
Noni-Mouse,Aa Bhave,Aa Bhave,spotify:track:4DZktCEtI6TrtIQamBmd3g
Nora Lilith,Daysof8,Daysof8,spotify:track:691LszVx09WFxhFlKHgem6
Nosaj Thing,Fated,2k,spotify:track:5ifKWX0RXRJ87gLovXxnI3
Nosaj Thing,Fated,A,spotify:track:1N0mofD31xjMtgZLQjNFb8
Nosaj Thing,Fated,Cold Stares,spotify:track:7x2vaFP5Lu9D0XAZBhJVfp
Nosaj Thing,Fated,Don't Mind Me,spotify:track:4lhpy32iUw8XE6o7YLa34l
Nosaj Thing,Fated,Erase,spotify:track:06hGcIx5zkeL5ziA4jqzVT
Nosaj Thing,Fated,Let You,spotify:track:7s5HDo8AKyvvUyBzVA73N8
Nosaj Thing,Fated,Light #5,spotify:track:43JCdUcwBvrm8brhMCn0ve
Nosaj Thing,Fated,Medic,spotify:track:4thmGd1JXdPOzeSu0vy34x
Nosaj Thing,Fated,Moon,spotify:track:3xVSssmlhWChuljllmblR9
Nosaj Thing,Fated,Phase IV,spotify:track:0w7giU14Pmi5TEiTg4CaBr
Nosaj Thing,Fated,Realize,spotify:track:1JuRd1e9MICfEqvKZ5o81T
Nosaj Thing,Fated,Sci,spotify:track:1YAB4zamvLdvmtz7E2rRKJ
Nosaj Thing,Fated,Uv3,spotify:track:2OjELXe5NG9yX1C9I1JZRA
Nosaj Thing,Fated,Varius,spotify:track:2qejclqCFDGKJlWoF9TnXZ
Nosaj Thing,Fated,Watch,spotify:track:1JCkiRsyzwfw3aMLAn06pu
Nosaj Thing,No Mind,Opal,spotify:track:63a2cvHYkuBjducsObp1Ir
Nosaj Thing,Timetable Vol. 2,Shower,spotify:track:2QKLkMUb3r1a8oKbQTHi6V
nour,مش حقيقة,مش حقيقة,spotify:track:5LUUxJLE3e4clwk3Nrm6Nh
Nubiyan Twist,Jungle Run,Addis to London,spotify:track:0VPkgWvXe0hffhB2TYtMBh
Nubiyan Twist,Jungle Run,Basa Basa,spotify:track:0XSix8XchghyrzP369uVA8
Nubiyan Twist,Jungle Run,Borders,spotify:track:5UcmMtdj3FespWyesU6IAH
Nubiyan Twist,Jungle Run,Brother,spotify:track:4sfiMbxHOK2VUu8psQbmmN
Nubiyan Twist,Jungle Run,Ghosts,spotify:track:5wfF8ykRyis3eos7ljHH1B
Nubiyan Twist,Jungle Run,Jungle Run,spotify:track:15SB9gupKiZkQjE5Y9r3C6
Nubiyan Twist,Jungle Run,Permission,spotify:track:0SS5DhHcvdmYoWXkaaJzHM
Nubiyan Twist,Jungle Run,Sugar Cane,spotify:track:0d6tcmCcbZlE5zFKpdlCr7
Nubiyan Twist,Jungle Run,Tell It to Me Slowly,spotify:track:2PT3eD8Vgu8OM03qDO8VW0
Nubiyan Twist,Jungle Run,They Talk,spotify:track:5LD0Drux5ASei7j1TImZGM
Nubya Garcia,We out Here,Once,spotify:track:7fr3vjsYO1GuA75vNZ8RKE
NxWorries,Yes Lawd!,Another Time,spotify:track:2HSOplZKcSsrO4Wof9yWSp
NxWorries,Yes Lawd!,Best One,spotify:track:3FQCunuHk5y4T1FLnlH3Fb
NxWorries,Yes Lawd!,Can’t Stop,spotify:track:6Hdl8ayWoNbXA3Coxban9W
NxWorries,Yes Lawd!,Fkku,spotify:track:23XmBijMpljQqee05QvmTt
NxWorries,Yes Lawd!,Get Bigger / Do U Luv,spotify:track:39IFzRUWJACL8YZ8t58bOc
NxWorries,Yes Lawd!,H.A.N.,spotify:track:0JfwGayqIdRQAjRwkXPsYj
NxWorries,Yes Lawd!,Intro,spotify:track:1rUyfY9niQjVODEqq2KkY1
NxWorries,Yes Lawd!,Jodi,spotify:track:0O2mZ4oJRUa62XlnI66y7e
NxWorries,Yes Lawd!,Khadijah,spotify:track:3qZsNN4H8OLeJVshChLza7
NxWorries,Yes Lawd!,Kutless,spotify:track:42w2krVjv84O8clFzoIR91
NxWorries,Yes Lawd!,Link Up,spotify:track:0EbwUhWO0HinKzqxTOykCy
NxWorries,Yes Lawd!,Livvin,spotify:track:3iVp14VoAsAZkIdgQoRRAb
NxWorries,Yes Lawd!,Lyk Dis,spotify:track:322vI2bPcLJeDxltXD9hzD
NxWorries,Yes Lawd!,Scared Money,spotify:track:10domQBk5oAdI8thuGJqUJ
NxWorries,Yes Lawd!,Sidepiece,spotify:track:5jq3Lzz8Y4ROTFlOyMQYdW
NxWorries,Yes Lawd!,Starlite,spotify:track:0AnLCkvhn3HUYkws8rgklp
NxWorries,Yes Lawd!,Suede,spotify:track:4F07ku5lMBIoybFPStM2j4
NxWorries,Yes Lawd!,What More Can I Say,spotify:track:18YB1U2346cnPCBAbmga8h
NxWorries,Yes Lawd!,Wngs,spotify:track:7LkktUSWNxyR7YGVqQKjXt
O'Flynn,Aletheia,Desmond's Empire,spotify:track:57vEXvnoTpXlLi3wYES4uQ
O'Flynn,fabric presents Bonobo,TKOTN - Mixed,spotify:track:06Ei5iHCuRyBhNBjxkOzD9
Object Blue,DJ-Kicks (Mount Kimbie),Even In You - Mixed,spotify:track:54kmXxczkTbH8lkc1iiaP5
Objekt,Objekt #4,Theme from Q,spotify:track:7Bzyr2VDVOAIU4o0KpSWnp
Octavian,Bet (feat. Skepta & Michael Phantom),Bet (feat. Skepta & Michael Phantom),spotify:track:1TULEHv0wpIZYI7zqmhzEg
Oddboy TEN,Ulogy,First Floor,spotify:track:47dFl1ePBZUFxnQamLbEwr
Oddboy TEN,Ulogy,Iya,spotify:track:0edPaNcmYAaEWQICDb5V6z
Oddboy TEN,Ulogy,Run Around,spotify:track:33vZV3JmUohh5OytZrdjWo
Oddboy TEN,Ulogy,The Opening,spotify:track:4KnhNkR31Dc3PE5CK66wpt
ODESZA,A Moment Apart (Deluxe Edition),A Moment Apart,spotify:track:5XOyL7enRCDxMsXtPSeaXD
ODESZA,A Moment Apart (Deluxe Edition),Across The Room,spotify:track:68EDdlH5WsdvPYvkqwCkrB
ODESZA,A Moment Apart (Deluxe Edition),Boy,spotify:track:1i057qqlr4hjEt6lQvvoLl
ODESZA,A Moment Apart (Deluxe Edition),Corners Of The Earth,spotify:track:1bKl5tYldxAHsdKJhWnEgQ
ODESZA,A Moment Apart (Deluxe Edition),Divide,spotify:track:1KbfyEZmBDhaeHnO2w2ZxR
ODESZA,A Moment Apart (Deluxe Edition),Everything At Your Feet,spotify:track:6YknKaV8KIL3D8SY9FDEw9
ODESZA,A Moment Apart (Deluxe Edition),Falls,spotify:track:3jYmQk6u6naf6aCZKXp8L4
ODESZA,A Moment Apart (Deluxe Edition),Falls (Reprise),spotify:track:5q0FQLl7xtz0dsNBogTi60
ODESZA,A Moment Apart (Deluxe Edition),Falls (Reprise) - Instrumental,spotify:track:2gTSj77BhqQu1MVsuy8sqn
ODESZA,A Moment Apart (Deluxe Edition),Higher Ground,spotify:track:76H2W0RuHsNRncUu8mf99A
ODESZA,A Moment Apart (Deluxe Edition),Higher Ground (Reprise),spotify:track:5NoSQH3h0yLc29HxoUySef
ODESZA,A Moment Apart (Deluxe Edition),Higher Ground (Reprise) - Instrumental,spotify:track:0viadwJp8Hb1oh9OaTcup6
ODESZA,A Moment Apart (Deluxe Edition),Intro,spotify:track:2TkO6n63MCMM0LQRlYP1g5
ODESZA,A Moment Apart (Deluxe Edition),It’s Only - ODESZA VIP Remix,spotify:track:2XyNLoEWc4IDt9OVzXZUXl
ODESZA,A Moment Apart (Deluxe Edition),Just A Memory,spotify:track:0mfSivZmglC3Hfn0NzssOY
ODESZA,A Moment Apart (Deluxe Edition),La Ciudad,spotify:track:56PT13pS9iuCdxHC6vjYSy
ODESZA,A Moment Apart (Deluxe Edition),Late Night,spotify:track:3C2eOPGayncp5BIOVtdpD7
ODESZA,A Moment Apart (Deluxe Edition),Line Of Sight,spotify:track:398MdLV0PJZad1tV17bPDN
ODESZA,A Moment Apart (Deluxe Edition),Line Of Sight (Reprise),spotify:track:7zXEY847TCQKZjk9CtiErN
ODESZA,A Moment Apart (Deluxe Edition),Line Of Sight (Reprise) - Instrumental,spotify:track:2bjegswjXUENEdZLp7sc9h
ODESZA,A Moment Apart (Deluxe Edition),Loyal,spotify:track:1cEDPbmrlhoVK1h6BLwBYS
ODESZA,A Moment Apart (Deluxe Edition),Memories That You Call - ODESZA & Golden Features VIP Remix,spotify:track:7BdBAeVMiVHbszGoN7WsAt
ODESZA,A Moment Apart (Deluxe Edition),Meridian,spotify:track:56JtC5mqe1df8w9CqUn680
ODESZA,A Moment Apart (Deluxe Edition),Show Me,spotify:track:2DbQxHHEMJjno3WVttevLl
ODESZA,A Moment Apart (Deluxe Edition),Thin Floors And Tall Ceilings,spotify:track:0ZZtTL0zgZyhlkxSQsI3rl
Off The Meds,boyboy,Currency Low,spotify:track:2D942Dbm3SjNwKMyZQc5nl
Off The Meds,Studio Barnhus Volym 1,Currency Low,spotify:track:6wcU2IeJ7iYxPHE0jT7Ess
Offthewally,Pollination,Palm Breeze,spotify:track:4kYCqTrrDQ0MEhbZ6cRLSo
Okedo,Destiny,Destiny,spotify:track:2eOQ6FAENCv7LtXUasFGSA
Okvsho,Kamala's Danz,Kamala's Danz,spotify:track:0V6jnAb2uUxpQ4csDDEmjn
Okvsho,Traphouse Jazz,Cariño,spotify:track:6KCo2pdtjvRnx8669nnxWA
Okvsho,Traphouse Jazz,Jazz Jam 3,spotify:track:1vEPhvGAnpTPYabiatxqTQ
Okvsho,Traphouse Jazz,Lanhaya,spotify:track:7tQeWXCvY47QI3Nk3fTmEm
Okvsho,Traphouse Jazz,Long Walks,spotify:track:7s4arMVNfggItXoCBO9UGD
Okvsho,Traphouse Jazz,River Limmat,spotify:track:5cQHEbCGuT0ZOfcF6ZTtaM
Okvsho,Traphouse Jazz,Traphouse Jazz,spotify:track:6uT99hl2EtAHVJy3v4tAgb
Oliver Coates,DJ-Kicks (Mount Kimbie),Timelapse (Walrus) - Mixed,spotify:track:6ZzR4W1btDslhACyRhF6Sn
Olsen,fabric presents Bonobo,Femenine - Mixed,spotify:track:7rhngysu33IqVa81RPwOVP
OMAH LAY,Bad Influence,Bad Influence,spotify:track:2c00DlvpzthGKcyXpe5GHa
OMAH LAY,HOLY GHOST,HOLY GHOST,spotify:track:0zVk3uuV9UhxAt48F3OL12
Omar S,The Best!,Heard'chew Single,spotify:track:24vNJIb0lDqw9R084eYiQ6
Omasta,Jazz Report from the Hood,Mandem,spotify:track:2zNzFBl5hlH45vAQzqpbCf
ONES,v i s i o n s,v i s i o n s,spotify:track:0BhPuH183rjq6oJR6Vol5i
oogie,phew,pray 4 me,spotify:track:1nZQDbTnMupKtIJziW4aua
Oscar Jerome,Gravitate,Gravitate,spotify:track:3i97OJms85ExXn3lf9cHF2
Oscar Jerome,The Butter,The Butter - Spork Version,spotify:track:05U7xqqmSZqvN6WGQNHptL
oso leone,Gallery Love,Virtual U,spotify:track:39nTI9fKd7tB0AUuQObLf1
Outkast,Aquemini,Aquemini,spotify:track:4V3N5LvUOh3yDPP16cwAhE
Outkast,Aquemini,Chonkyfire,spotify:track:4mrR64jwacrmiZluhBelDB
Outkast,Aquemini,Da Art of Storytellin' (Pt. 1),spotify:track:1KQymTxNJfWk6vCD5ywKW2
Outkast,Aquemini,Da Art of Storytellin' (Pt. 2),spotify:track:2vjgepbkQg5jH8ujrKEOin
Outkast,Aquemini,"Hold On, Be Strong",spotify:track:7g8S0N45Tkp7yE1WEWRwyu
Outkast,Aquemini,Liberation (with Cee-Lo),spotify:track:1H6S9OkozTNvcASUX4Bfgb
Outkast,Aquemini,Mamacita,spotify:track:32PWtlzKyvr3HcvJp1JFF5
Outkast,Aquemini,Nathaniel,spotify:track:6NqUceA124QO9v5jYv0QCg
Outkast,Aquemini,"Return of the ""G""",spotify:track:1wYp8ISMvX8qrflPrBU9Yo
Outkast,Aquemini,Rosa Parks,spotify:track:0shK5iZQppbHPQYiy60xs9
Outkast,Aquemini,Skew It on the Bar-B (feat. Raekwon),spotify:track:6EQ4orawx8eo0aXH0pOKLE
Outkast,Aquemini,Slump,spotify:track:4ufZSKCI84Pd2ZlWTJcu4i
Outkast,Aquemini,SpottieOttieDopaliscious,spotify:track:4GdB5M7GbwLZLouktYocFC
Outkast,Aquemini,Synthesizer (feat. George Clinton),spotify:track:3sQDstyMhCcDJ3mY6onZez
Outkast,Aquemini,West Savannah,spotify:track:5yTQ7Vy6EwKwB64Vho90LI
Outkast,Aquemini,"Y'All Scared (feat. T-Mo, Big Gipp & Khujo)",spotify:track:5LAgMMJQ42fF8yKLKF3Wiw
Outkast,ATLiens,13th Floor/Growing Old,spotify:track:5oKpqxuTm4kg8BRQwIBFzk
Outkast,ATLiens,ATLiens,spotify:track:2vfvGlqCB7oertO5VLE0sz
Outkast,ATLiens,Babylon,spotify:track:1OkHiYsPJBwhR5Jb0hz9Q1
Outkast,ATLiens,Decatur Psalm,spotify:track:5aC5KtkmNBfX1iFX4EVfCO
Outkast,ATLiens,E.T. (Extraterrestrial),spotify:track:3HTaKftetB9nQ4Vv3KnmvU
Outkast,ATLiens,Elevators (Me & You),spotify:track:2oLwDI8tZUOh6SmTMRRfKs
Outkast,ATLiens,Elevators (Me & You) - ONP 86 Mix,spotify:track:3VO93aw7fZhxKk43pr2RTE
Outkast,ATLiens,Jazzy Belle,spotify:track:6w4MlvpuxtbjGdL9YeTx89
Outkast,ATLiens,Mainstream,spotify:track:3lecA86POu0jRaFIubASoT
Outkast,ATLiens,Millennium,spotify:track:50Fp9rUhDZvGJ4UUz4mTwp
Outkast,ATLiens,Ova Da Wudz,spotify:track:1SrDDrw3ZMElLdnTjvWJOg
Outkast,ATLiens,Two Dope Boyz (In a Cadillac),spotify:track:2q8lHMMso6wx6pb5uwqzOs
Outkast,ATLiens,Wailin',spotify:track:7nfGrjZf34FxqS0FWXM5B7
Outkast,ATLiens,Wheelz of Steel,spotify:track:5qKqRkWnRTXNVWbEOOmGxk
Outkast,ATLiens,You May Die (Intro),spotify:track:5katW3JH8JM3jiEdrr2zuR
Overmono,Clipper,Clipper - Another 5 Years,spotify:track:1ucXfCZVA51hjMB73OKYMw
Overmono,Everything U Need,Everything U Need,spotify:track:0pwYCGZE0qELSDnXyQBlWn
Overmono,Pure Devotion,Mialon,spotify:track:2tXJcQuMB0soIAzjBd0nUz
Overmono,Walk Thru Water,Walk Thru Water,spotify:track:0yclRzOGTnUoXAnK4RjWzr
Pa Salieu,Belly,Belly,spotify:track:3vn014QextPOcH3jyhfFiE
Pale Jay,Dos Uvas,Dos Uvas,spotify:track:5ZVhOPIz5xEb52pRnZBitG
paleboi,like me,like me,spotify:track:6CJwIcJNQStg1cgRBMLM76
Pan Amsterdam,The Pocket Watch,Landlord Elijah,spotify:track:7tJ41ZicPObFxy1UJyt7FA
Papooz,Green Juice,Ann Wants to Dance,spotify:track:0DiQAYZAOQLL9mwinkRS3E
Papooz,Green Juice,Brother,spotify:track:6Tz9X5WzeKBQAYHGjCcdHX
Papooz,Green Juice,Chubby Baby,spotify:track:5rjZiwdoPPJJLpnD5uftA6
Papooz,Green Juice,Good Times on Earth,spotify:track:3GQfxae0xiNlTcK0MzD6lw
Papooz,Green Juice,Green Juice,spotify:track:7mGBsNXdarjcZiCe2pOCKy
Papooz,Green Juice,Louise,spotify:track:0XJg5LjKy0n79iL1KwiEXw
Papooz,Green Juice,One of Those Days,spotify:track:2Wo66PR1mV7afRFQDHSwme
Papooz,Green Juice,Simply Are,spotify:track:706zOWkDBj1YIJzQMrF4Gl
Papooz,Green Juice,Stories of Numbers,spotify:track:6aDOmnwf1dfurHFsxyYXjp
Papooz,Green Juice,Toria's Song,spotify:track:4gBUA0YcNQW6OZZPojyDdp
Papooz,Green Juice,Trampoline,spotify:track:6PyHfJ8XbOHcMMU3AirYO5
Papooz,Green Juice,Wanted,spotify:track:7B6aY8h4yujVyJ5G5HNhUl
Papooz,Night Sketches,About Felix,spotify:track:7mSOgvlMRsyKOi0DlgTsme
Papooz,Night Sketches,Armindo's Midnight Dilemma,spotify:track:6l0tNQlrzBhWiRSpYBaU7X
Papooz,Night Sketches,Bubbles,spotify:track:4h9UGXeyzZEVhLQwIKYROx
Papooz,Night Sketches,Danger to Myself,spotify:track:6KHLs2xmVAu6yJNV4ZlgUO
Papooz,Night Sketches,Downtown Babylon,spotify:track:5kgRV3wfqIigSdaFFNaABf
Papooz,Night Sketches,Good for Nothing,spotify:track:07VyclPNNMV114FRVscCtd
Papooz,Night Sketches,Let the Morning Come Again,spotify:track:77NH6FpT4wS0omsrWw79Zv
Papooz,Night Sketches,Night Sketches,spotify:track:56MoX7CcNpLxniCQb6GSgE
Papooz,Night Sketches,Pacific Telephone,spotify:track:7BSyNVm3C2VBzTnlso8zhw
Papooz,Night Sketches,Theatrical State of Mind,spotify:track:00fhsRlHHe9tpd7Nyep7XJ
Papooz,Night Sketches,Undecided,spotify:track:2zz2bKlTns0DhdNq7wWnvQ
Papooz,Night Sketches,You and I,spotify:track:2blV6tohiJoieVNtlL0yU4
Paradise Alley,Studio Barnhus Volym 1,What Road,spotify:track:50PlaijGTErWF6YvBZ5ZJx
Parcels,Leaveyourlove,Leaveyourlove,spotify:track:5GGHmGNZYnVSdRERLUSB4w
Parcels,Parcels,Bemyself,spotify:track:2aE8uSjiWN0k4Nkvp0bUwB
Parcels,Parcels,Closetowhy,spotify:track:6ynpjKUatAPVLmfgzTXvOG
Parcels,Parcels,Comedown,spotify:track:4H78HR8fBjJRWRueFVKo79
Parcels,Parcels,Credits (feat. Dean Dawson),spotify:track:6gtFpBTeBiPAVQIoI4u3az
Parcels,Parcels,Everyroad,spotify:track:5233fZGEk0FY0AzdgLaWch
Parcels,Parcels,Exotica,spotify:track:2eC43PWHMbUnwqCRZcbGfo
Parcels,Parcels,IknowhowIfeel,spotify:track:2IFaUS63AIAr9P46W1lEwt
Parcels,Parcels,Lightenup,spotify:track:1qtiESAzfGMw3YqJvI97ki
Parcels,Parcels,Tape,spotify:track:1hRQ0Kzy8gZXEikgrsOT9O
Parcels,Parcels,Tieduprightnow,spotify:track:2pC4aF8VvXFapppROIALIW
Parcels,Parcels,Withorwithout,spotify:track:1Avnd5xLg7HmaNofmYk7RQ
Parcels,Parcels,Yourfault,spotify:track:6jhdjIaErMtj2ymt0PufjG
Parcels,Yougotmefeeling,Yougotmefeeling,spotify:track:5tUgNChqKSz7ezdwtP9juP
Patrick Holland,Beaubien Dream,Closer,spotify:track:6n44rF2nl6rF0q5DYgezS1
PawPaw Rod,Glass House,Glass House,spotify:track:1U2hgbpQ92mK7gCWL0lcWY
PawPaw Rod,Message (Better Days),Message (Better Days),spotify:track:0tZA4mQgeSJjRyjsU6Sujw
Pedrodollar,Studio Barnhus Volym 1,Reality World,spotify:track:1zC14cXI26mRpxq5efeZr7
Peter and Kerry,Late Night Tales: Bonobo,One Thing,spotify:track:6xrjiQlZMCDp2sDJhW2v6e
Peter Digital Orchestra,DJ-Kicks (Moodymann),Jeux De Langues (Moodymann Edit) - Mixed,spotify:track:4dvTevLRBueSOodKgjPGEi
pheel.,stunted.,bendy.,spotify:track:5XdHSr71fthtovI8kb0Rvi
Pinty,City Limits,Ceasors,spotify:track:12UY0Btpz3WyyZPHk2hcRi
Pinty,City Limits,City Limits,spotify:track:0zQ1nNQGp4PR3RdXpLkhmR
Pinty,City Limits,Honey,spotify:track:1jmhYtkMa6p2YcK2oT12fR
Pinty,City Limits,Nightcrawler,spotify:track:3OlUfnqVSgJukVHNAbXTCA
Pinty,City Limits,Sunday Smokes,spotify:track:3lNTwmqxaTD5S0YvtHHBjE
Pinty,City Limits,Tropical Bleu,spotify:track:29CPIn290G79RRyqeE5poC
Pinty,Found It,Found It,spotify:track:37EbaHOe72VF9nifcKWK2n
Plusma,Fear And Loathing In Beats,Falib,spotify:track:4dfESnUu1rBQPLztRvLrJa
Pomo,Intoxicated,Intoxicated,spotify:track:2JRtD3QjOULLeguptl6riM
Poté,fabric presents Bonobo,Jacquot (Waters Of Praslin) - Mixed,spotify:track:3wyOSKmUbmzS8WvoZQ1Umv
Prabh Deep,Diwani,Diwani,spotify:track:36pBRFHXYTKocRNZKOGlSS
Prabh Deep,FIZA,FIZA,spotify:track:4vNFusvkayWu4GmGQPNJWL
Prabh Deep,Fly,Fly,spotify:track:65vIdly0XpD4XLjXLBWEAu
Prabh Deep,Khap,Khap,spotify:track:5JFgPx52xbxlADI9JiEH6t
Prabh Deep,Tabia,Tabia,spotify:track:1zDAkehGGqrvTqwJBzTzEi
Prophet,Wanna Be Your Man,Dream,spotify:track:0WSHU5LyM9e4LuKPzV85to
Prophet,Wanna Be Your Man,I Do,spotify:track:0b35XyTmvnboE4UWkdblrR
Prophet,Wanna Be Your Man,I Do Love,spotify:track:4REIuoQ3y9HXVv9RINsPHk
Prophet,Wanna Be Your Man,Insanity,spotify:track:0tx9ySpDzW4fCZy5gOtclV
Prophet,Wanna Be Your Man,Ooo Wee Yeah,spotify:track:64rznY3fCmvLLbOfQxaGXP
Prophet,Wanna Be Your Man,Party,spotify:track:4DlM1utjdMztpkuwL1vlqu
Prophet,Wanna Be Your Man,Really Turn Me On,spotify:track:7wps3GUqn2m0sDvIKw7Muw
Prophet,Wanna Be Your Man,Right On Time,spotify:track:2GdddtyzcLYPhLOaUgz57U
Prophet,Wanna Be Your Man,Tonight,spotify:track:1FmHcUx5u1nCKhel67oFIg
Prophet,Wanna Be Your Man,Wanna Be Your Man,spotify:track:6k5YlXt2XLONy01HtaVlm0
Psalm Trees,Soulitude,Soulitude,spotify:track:29SEL6NwWVOC1m8Gl4wiFm
Puma Blue,Blood Loss,as-is,spotify:track:4Czw7OiPX0EiK0AOsAAsAN
Puma Blue,Blood Loss,BC/Rift,spotify:track:1qKB8Rh1pAEFlAklwUTWFR
Puma Blue,Blood Loss,Bruise Cruise,spotify:track:7j7lh4awlX5wI90tgnpfet
Puma Blue,Blood Loss,close,spotify:track:49MmD9QU0nKQyWaWElZooO
Puma Blue,Blood Loss,Ether,spotify:track:3jvSFuhdGbGQcEv9dKC4bJ
Puma Blue,Blood Loss,limbo lake,spotify:track:7H4rXJYreukuosE4pOZ9oI
Puma Blue,Blood Loss,Lust,spotify:track:0njbrNYVfUlLOCoNA6IUIj
Puma Blue,Blood Loss,Midnight Blue,spotify:track:6uPghyvycxBGLcexNIlUR3
Puma Blue,Swum Baby,(She's) Just a Phase,spotify:track:0NfKkSlUJWTbECFqrO0bp1
Puma Blue,Swum Baby,Lil Lude (Dark Embrace),spotify:track:1QWk4yeW9bbCPU5H62AjjL
Puma Blue,Swum Baby,Soft Porn,spotify:track:3M7Uzdz67KGdknx32Ihztj
Puma Blue,Swum Baby,Untitled 2,spotify:track:3deZKJbYiDxTH9g8XSfVjY
Puma Blue,Swum Baby,Want Me,spotify:track:4epCfSIi9z2rDTtVrdRATH
Pumarosa,The Witch,Barefoot,spotify:track:3PiFIzR06hfSvpqxQ6uxld
Pumarosa,The Witch,Dragonfly,spotify:track:5tN72YXvr7rwubtpVPFOib
Pumarosa,The Witch,Hollywood,spotify:track:5AzTEBQC9dsmyCE0T74SEG
Pumarosa,The Witch,Honey,spotify:track:3BeA6rupEChpHGuR9f9zIt
Pumarosa,The Witch,Lions’ Den,spotify:track:3G2oBsGtNB5juIehdkhCpX
Pumarosa,The Witch,My Gruesome Loving Friend,spotify:track:1HntO2M4aKlP2jBs4g72Gm
Pumarosa,The Witch,Priestess,spotify:track:25CvVup41Sd2dUOoFkJnIY
Pumarosa,The Witch,Red,spotify:track:2x9JGhxXrzKKvtj1q27WpD
Pumarosa,The Witch,Snake,spotify:track:0KiJy4wLcZ0WysXEDxAHAS
Pumarosa,The Witch,The Witch,spotify:track:781pNb8kueJGEsrjEm437W
Python P,BORN,F*ck Wit Me,spotify:track:2hRf2piuJSfLWDrt0WrfkF
Qaadir Howard,Studio Barnhus Volym 1,Bloodied and a Mess,spotify:track:50z10raMivJxv5fwDtHp4V
Quincy Jones,You've Got It Bad Girl,Summer In The City,spotify:track:39eFFeKv7QaTBIukk7TYVu
Quinn Oulton,100 Degrees,100 Degrees,spotify:track:6qXJEnPg8I9tTPqMiUhjTK
R. Lyle,fabric presents Bonobo,Perpetrator - Mixed,spotify:track:7oNBpXNuCQ8r67UUI3KrZx
R.A.P. Ferreira,OUTSTANDING UNDERSTANDING,rather difficult,spotify:track:0WFrCePgfUUmE5bscD5W93
R.A.P. Ferreira,Respectdue,Respectdue,spotify:track:5eSW3ZNNB3bHKszDZAGmC0
RADA,Burn One,Burn One,spotify:track:0DjmWkULJvwhNYmIudd6DS
Radioactive Orchestra,Radioactive Orchestra feat. Axel Boman,Three Excited Nuclei of Lutetium-167 at E-level rnd feat. Axel Boman,spotify:track:7nzJAcTxi8DZ7PcvArRPMw
Raghd,Easy Go!,Easy Go!,spotify:track:6k2qNuSSwA3qK0af7Lz2N5
RALPH TV,Making Movements,Making Movements,spotify:track:0j1jHp74sg8OUdGLIEo0Hu
RALPH TV,Making Movements,Soak It Up,spotify:track:6hc2tIvfMZepet9L4lZhzj
RALPH TV,RALPH TV,Anywhere,spotify:track:19nF0JtxlJI6kMPnZ88mWh
RALPH TV,RALPH TV,Blood Red Moon,spotify:track:4uk29AVmPqSMQ99freKKai
RALPH TV,RALPH TV,Honey Honey,spotify:track:1rKhKhQtmLmYd6FiaBP4q8
RALPH TV,RALPH TV,Shake This Feelin',spotify:track:3uaZk6jT6stmSaLzj2aEAm
RALPH TV,RALPH TV,Taxi Boy,spotify:track:63YF2bxQMDQhMhSeUKjq3s
Rap Shar3,7azeen Elwat (Saudi),7azeen Elwat (Saudi),spotify:track:0DfpLTGoLeQAU8zj4La5Jf
Ratatat,Classics,Gettysburg,spotify:track:4UiLR6XySIF6ocpJgDKBjv
Ratatat,Classics,Kennedy,spotify:track:3Xw3yp1iuYl3n8oKmWk7YG
Ratatat,Classics,Lex,spotify:track:70HxZbVnoyrfQ4dIWgcYMm
Ratatat,Classics,Loud Pipes,spotify:track:5ZrrXIYTvjXPKVQMjqaumR
Ratatat,Classics,Montanita,spotify:track:2QWIKHqO8HrB8Gkvs6DSsk
Ratatat,Classics,Nostrand,spotify:track:1w2b7yH3BlYMzDGN3QNQra
Ratatat,Classics,Swisha,spotify:track:6tB7yLLaEdIQfAk3uY0CS3
Ratatat,Classics,Tacobel Canon,spotify:track:6Bn8QuwLkcAOaJ6R25NfaF
Ratatat,Classics,Tropicana,spotify:track:5ovKMrenMOvhyEcMWmLnZj
Ratatat,Classics,Wildcat,spotify:track:4EBisBBehGON4ESJsNZBsP
Raúl Monsalve y los Forajidos,Bocón,Bocón - Orestes Gomez Remix,spotify:track:2TNS7b4hxgjtQy8Twi1Ml4
Re:um,Glass Kingdom,Glass Kingdom,spotify:track:3Tp1rv9cYeNal42bSnna0h
Real Lies,Real Life,Blackmarket Blues,spotify:track:2EJwoNFZaW48LTZn7UeWRI
Real Lies,Real Life,Dab Housing,spotify:track:7zfN6GeybWQNz6AwvFEujj
Real Lies,Real Life,Deeper,spotify:track:2cwEe0yg6DzLEXcArjkGLZ
Real Lies,Real Life,Gospel,spotify:track:0nn5zwXwlFHFJGYlTpiGat
Real Lies,Real Life,Lovers' Lane,spotify:track:4OfEbI4MhCVWEWEbttHyDs
Real Lies,Real Life,Naked Ambition,spotify:track:75XYSOrhfydl7YYdN32ZOy
Real Lies,Real Life,North Circular,spotify:track:6c2PLEOr3VnWym26FiGPBv
Real Lies,Real Life,One Club Town,spotify:track:3WESWCX3U9dkK6nN2zF0Ye
Real Lies,Real Life,Seven Sisters,spotify:track:2L7UXq5HZZEHsZPebVPJ6G
Real Lies,Real Life,Sidetripping,spotify:track:1KXgX4vsZxsJWESKL8sLAn
Real Lies,Real Life,World Peace,spotify:track:0VqYjvr7WPXdo3xECEdQFC
Reals,All Night Long,All Night Long,spotify:track:7tVGO2naKHLMtfnusntdEX
Red Robyn,When,When,spotify:track:6RSroHZ47dkt7fcORgNSzi
Rejjie Snow,D.R.U.G.S.,D.R.U.G.S.,spotify:track:7D1UnbetgQ0BdxSC7dYQBI
Rejjie Snow,Dear Annie,23,spotify:track:1r3M82sqImOu3AUwRdELRT
Rejjie Snow,Dear Annie,Annie,spotify:track:0QjXXdJ83V1bo5IxqsfLD9
Rejjie Snow,Dear Annie,Bye Polar,spotify:track:3t20SZinsrn9lAh3UokY4N
Rejjie Snow,Dear Annie,Charlie Brown,spotify:track:5QwAIKnwgEvMlEXzGZIw2E
Rejjie Snow,Dear Annie,Désolé,spotify:track:3DWfDXlkgLmVbOcQJUlmPj
Rejjie Snow,Dear Annie,Egyptian Luvr (feat. Aminé and Dana Williams),spotify:track:4uToWVHXLtKEEboNsG3n2u
Rejjie Snow,Dear Annie,Greatness,spotify:track:46gl2Ocjl779rE7O8L7181
Rejjie Snow,Dear Annie,Hello,spotify:track:2P3eaRpKOEs8WDyA4jiRfX
Rejjie Snow,Dear Annie,LMFAO,spotify:track:6U1NxHKs37kaytnT1y1PVY
Rejjie Snow,Dear Annie,Mon Amour,spotify:track:5v8YJa5EjEr8ZqVXVuQ52g
Rejjie Snow,Dear Annie,Oh No!,spotify:track:5BEEMkhdKOp02sdLT38xxY
Rejjie Snow,Dear Annie,Pink Lemonade,spotify:track:1cW5n4h9HWNM5B7UV4bPOE
Rejjie Snow,Dear Annie,Rainbows,spotify:track:7Lw1xzR6vTDZAja2jSR05W
Rejjie Snow,Dear Annie,Room 27,spotify:track:5p47omTDW3zs74XkxeL0pn
Rejjie Snow,Dear Annie,Skateboard P Intermission,spotify:track:4lJxODy7Vctn1VPe3YQKhW
Rejjie Snow,Dear Annie,Skinny Jasmine Intermission,spotify:track:7C9GxjfkPxUHFY7CGGJBdC
Rejjie Snow,Dear Annie,Spaceships,spotify:track:2h3HYFSZ8I0N5atotTyR21
Rejjie Snow,Dear Annie,The Ends,spotify:track:09T82nb25PWTQF4puq0HrF
Rejjie Snow,Dear Annie,The Rain,spotify:track:3K8gIioWa3uC9002Asdh0N
Rejjie Snow,Dear Annie,The Wonderful World of Annie,spotify:track:5ApMciFBiefMjhEVpMfPWa
Rejjie Snow,Rejovich,1992,spotify:track:4oowvb1qhRTkIQkJsO7qfc
Rejjie Snow,Rejovich,Loveleen,spotify:track:34HAlaqKnkgvYMXuAO3hoU
Rejjie Snow,Rejovich,Olga (1984),spotify:track:5pVm3hoYZFdi1an6PMWgu5
Rejjie Snow,Rejovich,Snow (My Rap Song),spotify:track:4buCx1tDm7tScLKJfnv9KI
Rejjie Snow,Rejovich,USSR,spotify:track:55kB5eXgdn3b66KvpUMaql
Rejoicer,Energy Dreams,Alien Sphere,spotify:track:2ZPyFKspBqQ4gOCEbxHuf5
Rejoicer,Energy Dreams,Ancient Energy Search,spotify:track:4r8GdiSP6SOh5HlQbLxTxf
Rejoicer,Energy Dreams,Changa Cold Change,spotify:track:6JiJHaExlGoRnfmgaa5iUZ
Rejoicer,Energy Dreams,Cloud of Me,spotify:track:1oGPealkFIX8OYr2PtqEwh
Rejoicer,Energy Dreams,Double Astral Move,spotify:track:0KCOQYdLRZUYJvUo80gbYR
Rejoicer,Energy Dreams,High on Star Dance,spotify:track:4IpynW0NjGy1Mioi1IJXmy
Rejoicer,Energy Dreams,Lucid Intent,spotify:track:6Tc3FrAh1FcE6V583m2pcQ
Rejoicer,Energy Dreams,Neo Drive Knows You,spotify:track:3ALnAcKe9OfwQHZOkZjmZN
Rejoicer,Energy Dreams,Purple T Shirts,spotify:track:1IUh4pGnhEP2XLfgV9lIuu
Rejoicer,Energy Dreams,Rings of There,spotify:track:7n2PMumCiZu4YaDxsEvfW7
Rejoicer,Energy Dreams,Yesterday's Forest Magic,spotify:track:3SBKwRZXM7Ev7XHRCA1GA6
Rejoicer,Five Winds,Five Winds,spotify:track:2VyrQ5JiN1xMVeGDUaMPtA
Rejoicer,Heavy Smoke,Five Winds,spotify:track:3VA5uyyyHc8wR7UZCZsxWq
Rejoicer,Heavy Smoke,Heavy Smoke,spotify:track:2zLMhtEaIyuNvj7I7nxHGZ
Rejoicer,Heavy Smoke,Noted,spotify:track:2XzrTAo7nY9CvkjX2Q4zFH
Rejoicer,Heavy Smoke,PTD,spotify:track:7cir6bGv7DgtV8y3m5Cxl3
Rejoicer,Heavy Smoke,Shibuya Zen,spotify:track:7K1n1Sbih6Xehuq4SoJ8Ih
Rejoicer,Heavy Smoke,The Saraphati Hang Crew,spotify:track:4dvuueEXbSyKSzrhFcUzex
Relaén,Twines,"85,6",spotify:track:4Ijp4nRWFDguMG8p9I1ald
Relaén,Twines,Bambi - Dramadigs Rework,spotify:track:6J5AsVco6YJTMPyCFraB0G
Relaén,Twines,Beat #2,spotify:track:0NI7eA0BvdvtE49GYf4iMm
Relaén,Twines,Beat #2 - Hulk Hodn Rework,spotify:track:3ju3wuinvzocr7AgHOCrsN
Relaén,Twines,Confusion of Emojones,spotify:track:4N2Qcuk1GQEuCxonHOx6dR
Relaén,Twines,Electric Dreamscapes,spotify:track:7D4qX9U4Vua2OUtHP9GcRC
Relaén,Twines,Electric Dreamscpapes - Melodiesinfonie Rework,spotify:track:3Te02mm5RyTWEAFDTwIYoC
Relaén,Twines,Hol ma Bier jetzt!,spotify:track:7x6W6Tvoeiz9j1Oz7ymNJp
Relaén,Twines,Intro / Bygone Beauties,spotify:track:3poD1v82bxISAkH0mGYuyq
Relaén,Twines,Life Goes On,spotify:track:0Ur1wSsEEsjCFeoYOaOxkh
Relaén,Twines,Outro,spotify:track:5ExCDeuoX5X94rtZTxFzbd
Relaén,Twines,Serbia Song,spotify:track:6ce5eD2vIh8i0zroacAfSj
Relaén,Twines,Twines,spotify:track:1iPCpqAS2TXNXizv0RRLbq
Relaén,Twines,Twines - FloFilz Rework,spotify:track:0DrAQMjfCejR13kS7sb1Ti
Relaén,Twines,Twines - fLOwTEC Rework,spotify:track:5d54Dah0ewNIKP5omZpp9O
Relaén,Twines Rework,Bambinho - Dramadigs Rework,spotify:track:7AKQ4hi5lhG8v9mFE6iEcD
Relaén,Twines Rework,Beat #2 - L-One Rework,spotify:track:0Mnh18Gm0ftF5uv020sWsu
Relaén,Twines Rework,Beat #2 - Spaze Windu Rework,spotify:track:2U1hNrOQpq5aHwe28UjpJr
Relaén,Twines Rework,Electric Dreamscapes - 12Vince Rework,spotify:track:1ilZBaq2ffpdQYMgNEJ3IC
Relaén,Twines Rework,Electric Dreamscapes - Cut Spencer Rework,spotify:track:0HvMIUAX2PGP3CMZUwJGl6
Relaén,Twines Rework,Electric Dreamscapes - Dienst & Schulter Rework,spotify:track:53Ywruacy9OofdxEcdPvF4
Relaén,Twines Rework,Electric Dreamscapes - Django Rework,spotify:track:2a8k54p2HqZSWGMrCZoM4a
Relaén,Twines Rework,Serbia Song - Grasime Rework,spotify:track:4oYmrrCxLvPdw7kj1cNzA1
Relaén,Twines Rework,Twines - Holger Fresh Rework,spotify:track:4cf49tkiZl5NM9tvuRZNEk
Relaén,Twines Rework,Twines - Plusma Rework,spotify:track:65KG2MKQPN4UZngyOrV6hH
Relaén,Twines Rework,Twines - S R V S Rework,spotify:track:6g8iAXFmpzLcuvh4pUBzJh
Relaén,Twines Rework,Twines - Thelonious Coltrane Rework,spotify:track:1mxiWcEb79BhMgwq6bIuav
Rema,Baby (Is it a Crime),Baby (Is it a Crime),spotify:track:6NOrpcicPUh2eaj8bAD44u
Resavoir,Escalator,Escalator - Demo Version,spotify:track:3okkFxl5LGlMNcb0ALg6xl
Reuben James,So Cool,So Cool,spotify:track:7bChzDoU4kJ5zBbQyN0ASl
Revenu,Future Bubblers 1.0,1s and 0s,spotify:track:6AK8M6kf5DabtyvC68kGbG
Rhye,Blood,Blood Knows,spotify:track:3gvQljXu3NIXN5Br4O8Nbw
Rhye,Blood,Count To Five,spotify:track:65Vt1536iXPbsNvIr5StYi
Rhye,Blood,Feel Your Weight,spotify:track:5DSyJgMpaC8pao4MpLNabM
Rhye,Blood,Phoenix,spotify:track:2AeftZl3vhk6b3zT7QwCN4
Rhye,Blood,Please,spotify:track:2jetNke3FOOWNdbEio0Brj
Rhye,Blood,Sinful,spotify:track:7IV78Nsle24BVtgwF5GsDm
Rhye,Blood,Softly,spotify:track:7KZbEIxLtTImW20mLUvfu5
Rhye,Blood,Song For You,spotify:track:37mexN2P0f149qjPNZUmWx
Rhye,Blood,Stay Safe,spotify:track:151jotL6nwIYPbCi8fPZP3
Rhye,Blood,Taste,spotify:track:2vaujLiDbZFsqWRD3gDTDq
Rhye,Blood,Waste,spotify:track:4t0Rndz3z4QDLMz1Ggrw9f
Rhye,Woman,3 Days,spotify:track:5KytIKWqQJXb2T3RNOyi9G
Rhye,Woman,Hunger,spotify:track:7keDap8WPVeNBJSbDTq2NX
Rhye,Woman,Last Dance,spotify:track:4b0RAiqz6oEZvvpbiFuIAp
Rhye,Woman,Major Minor Love,spotify:track:2cK4dcR0aXdGrFLh1nyf4b
Rhye,Woman,One Of Those Summer Days,spotify:track:37cOjNle7qT7WQXgyP9rR0
Rhye,Woman,Open,spotify:track:3JsA2sWDNR9oQogGAzqqtH
Rhye,Woman,Shed Some Blood,spotify:track:5tQRObnug5tdauVx6zWUbC
Rhye,Woman,The Fall,spotify:track:35yZkNFNVosiHE6Uj0COVM
Rhye,Woman,Verse,spotify:track:0ZbUkWQTZOT6sA3cZFSGvV
Rhye,Woman,Woman,spotify:track:5Kl3llmRnRdimW5rFSxJTD
Riar Saab,Obsessed,Obsessed,spotify:track:6Z4rRhYZVQsYKmrxD40tru
Rich Medina,DJ-Kicks (Moodymann),Can't Hold Back (Platinum Pied Pipers Remix) - Mixed,spotify:track:3I3L2I5lU2wFLiR1FTcLyI
RITUAL,No Escape Out Of Time,Better By Now,spotify:track:0HBvEjoX56Ms9quzgKPi4l
RITUAL,No Escape Out Of Time,Drown The Lovers,spotify:track:54OEArtp5D4bmOITIPjuw0
RITUAL,No Escape Out Of Time,Drown The Lovers,spotify:track:7995ixUOrQx42j3bvIDTwN
RITUAL,No Escape Out Of Time,Exit,spotify:track:1Zx9O4AfJ0ywHxYiAhRp9M
RITUAL,No Escape Out Of Time,Hotel Bars,spotify:track:4i4NixlirrbGfekDcDOexx
RITUAL,No Escape Out Of Time,Loyal,spotify:track:7FZrsT0uQ3xbKFPdzjUyAz
RITUAL,No Escape Out Of Time,Real Feels,spotify:track:4WwweQORCVk8nhjrS0V7YG
RITUAL,No Escape Out Of Time,Real Feels - RITUAL Remix,spotify:track:6AMVBZ0ozv4Dlun10juBvx
RITUAL,No Escape Out Of Time,Wouldn't Be Love,spotify:track:6x7Q6sYuLRRlF3hkoGBQUO
RITUAL,No Escape Out Of Time,Wouldn't Be Love - Acoustic,spotify:track:3ht5bIApJGjSHg8HNlCOC8
RITUAL,The Fall - EP,Amnesia,spotify:track:7ppW3FyOg6D6GzPdMrkYzj
RITUAL,The Fall - EP,Bloodflow,spotify:track:3pedf9Cm3XqtHCNR7AZKxm
RITUAL,The Fall - EP,The Fall,spotify:track:5dQNaCtaigeGTje9ATeMZ6
RITUAL,The Fall - EP,Visions,spotify:track:4pZpXkPUkQ2ZRlhqaGos6K
Rival Consoles,Persona,Dreamer's Wake,spotify:track:320ePMZ8X0ugeffZk0wNzY
River Tiber,Late Night Tales: Badbadnotgood,West,spotify:track:0461n6oTlX3sCUlq5I4B6O
Rob Riggs,Sunshine Remixed,Eastern System,spotify:track:2o6IJIBhximtUpVJfDaL5N
Robert Glasper,Covered (The Robert Glasper Trio Recorded Live At Capitol Studios),Barangrill - Live At Capitol Studios / 2014,spotify:track:5ienQQLLW70HgVV1O3jAb2
Robert Glasper,Covered (The Robert Glasper Trio Recorded Live At Capitol Studios),Good Morning - Live At Capitol Studios / 2014,spotify:track:6zrpQxVHprLJudTSJ5cmri
Robert Glasper,Covered (The Robert Glasper Trio Recorded Live At Capitol Studios),Got Over - Live At Capitol Studios / 2014,spotify:track:69ekqt3MVZEGZmArVD7t3t
Robert Glasper,Covered (The Robert Glasper Trio Recorded Live At Capitol Studios),I Don't Even Care - Live At Capitol Studios / 2014,spotify:track:4aV6FnmU30NcprNR45VF9w
Robert Glasper,Covered (The Robert Glasper Trio Recorded Live At Capitol Studios),I'm Dying Of Thirst - Live At Capitol Studios / 2014,spotify:track:1TdCtIj1kqpAE1zGc8uN4d
Robert Glasper,Covered (The Robert Glasper Trio Recorded Live At Capitol Studios),In Case You Forgot - Live At Capitol Studios / 2014,spotify:track:39EGKERZtklqn5HG45mp1O
Robert Glasper,Covered (The Robert Glasper Trio Recorded Live At Capitol Studios),Intro - Live At Capitol Studios / 2014,spotify:track:7w2iZimNBEINLFr3klb5kI
Robert Glasper,Covered (The Robert Glasper Trio Recorded Live At Capitol Studios),Levels - Live At Capitol Studios / 2014,spotify:track:1BugJMeZfJCHt1BzamapWi
Robert Glasper,Covered (The Robert Glasper Trio Recorded Live At Capitol Studios),Reckoner - Live At Capitol Studios / 2014,spotify:track:3PUCiHl4uncCHHESAV8fwM
Robert Glasper,Covered (The Robert Glasper Trio Recorded Live At Capitol Studios),So Beautiful - Live At Capitol Studios / 2014,spotify:track:0wHTLTu9Heub6X9PPvYwQZ
Robert Glasper,Covered (The Robert Glasper Trio Recorded Live At Capitol Studios),Stella By Starlight - Live At Capitol Studios / 2014,spotify:track:3KiUxj9qDxqv4y0XNhclqm
Robert Glasper,Covered (The Robert Glasper Trio Recorded Live At Capitol Studios),The Worst - Live At Capitol Studios / 2014,spotify:track:4YsXD1prW3ssgjLBWzG8ir
Robert Vanderbilt,Late Night Tales: Floating Points,A Message Especially from God,spotify:track:5EmbQ0KDTDHNNhefP56nQn
Rogê,Curyman,Existe Uma Voz,spotify:track:5bGMMNxjvlledmzq9dItvf
Roman GianArthur,OK Lady,Send It On,spotify:track:7tCBMsxAS9MEdcsiJ34U9B
Romare,Gone,Gone,spotify:track:1bRoUsfLiWWLGZ03rih6yQ
Romare,Late Night Tales: Bonobo,Down the Line (It Takes a Number),spotify:track:6K0qI50DzcXLhCuu0ebeCs
Romare,"Love Songs, Pt. 1",Hey Now (When I Give You All My Lovin'),spotify:track:6EiOaXSkNJGmEDwDilslHH
Romare,"Love Songs, Pt. 1","Jimi & Faye, Pt. 1",spotify:track:5eEJfMQmxViEXw1neB7ain
Romare,"Love Songs, Pt. 1",Taste of Honey (From the City),spotify:track:1w1CMbFr7HeuoWUkKtXws0
Romare,"Love Songs, Pt. 1",Your Love (You Give Me Fever),spotify:track:4D1x3XpYSfGxy3YsGa7PNA
Romare,Love Songs: Part Two,All Night,spotify:track:04jqhpf3oV06HtlmthfcZZ
Romare,Love Songs: Part Two,Come Close To Me,spotify:track:6s1Msf610dGgFssPHUevdN
Romare,Love Songs: Part Two,Don’t Stop,spotify:track:5qDuLwtzW9ZnA6eSlMtNS9
Romare,Love Songs: Part Two,Honey,spotify:track:4r1skiAhXYIcgDpjf0bGfx
Romare,Love Songs: Part Two,Je T’aime,spotify:track:6lksd8Y2Q95kkZPxAxvo10
Romare,Love Songs: Part Two,L.U.V,spotify:track:0QNoKpvjfxTN6m7yV8vuvO
Romare,Love Songs: Part Two,My Last Affair,spotify:track:6ocoBGFzJAI8UIKW37UcNO
Romare,Love Songs: Part Two,New Love,spotify:track:0625Xd4NxZKUPiIHiZubZ0
Romare,Love Songs: Part Two,Who Loves You?,spotify:track:5AIHJDEpUaswu3nyfrpyNo
Romare,Love Songs: Part Two,Who To Love?,spotify:track:7iLgYqNYFrztUt3VHqb89b
Romare,Meditations On Afrocentrism,Down the Line (It Takes a Number),spotify:track:2ekGAmlsoiJk98fPxafrtL
Romare,Meditations On Afrocentrism,Footnotes,spotify:track:77qKcwzLKuVNbmVDhwM1rR
Romare,Meditations On Afrocentrism,Freedom (Aspirations of a Prisoner),spotify:track:63DeZjieVz5vB9SJuksPqw
Romare,Meditations On Afrocentrism,I Wanna Go (Turn Back),spotify:track:3vKI2s8RxhiftX9DEWSGuj
Romare,Meditations On Afrocentrism,The Blues (It Began in Africa),spotify:track:1r2Iywkr0NXdvUejqYWUdQ
Romare,Projections,Jimmy's Lament,spotify:track:4V0eO34EInHiJaCYrQtGkd
Romare,Projections,La Petite Mort,spotify:track:1JEiwxiAqSNSuMB380Zffd
Romare,Projections,Lover Man,spotify:track:1IUy92eG5t01jM4dbFaV6P
Romare,Projections,Motherless Child,spotify:track:0y3z37R490UEdkyCdFmFDm
Romare,Projections,Nina's Charm,spotify:track:31QJZK1kaR8PmMYDY4fUBa
Romare,Projections,Prison Blues,spotify:track:66yzbvS6LExQrAerCE9dsk
Romare,Projections,Rainbow,spotify:track:2wUZWttP5QPVMA9keF4AdK
Romare,Projections,Ray's Foot,spotify:track:7cdqqU36JzfSRCn2UDHcNB
Romare,Projections,Roots,spotify:track:7DZ6R1HEXH0o5gXRGjj435
Romare,Projections,The Drifter,spotify:track:46Vcm3EXcBhWmdHKQ4eyQA
Romare,Projections,Work Song,spotify:track:3wfpfyx0GLP7Sd8OI5fNor
Ron Everett,The Glitter of the City,Glitter of the City (Song By Tahira),spotify:track:6xUQp6OWRdZJp2siPjpirE
Ron Trent,What Do the Stars Say to You,"Flos Potentia (Sugar, Cotton, Tabacco)",spotify:track:1GnJW3lwWbUKmiGHbA1dvr
Rone,fabric presents Bonobo,Mirapolis (Laurent Garnier Remix) - Mixed,spotify:track:3EPpNzUPEo07qHOYdqfFBM
Roots Manuva,Bleeds,Body Hot,spotify:track:0jxsfrfLmNl1yVrwvQl5wU
Roots Manuva,Bleeds,Cargo,spotify:track:6ivBRGCmV32pcYKvRn78cz
Roots Manuva,Bleeds,Crying,spotify:track:2qqS5eRwZzlZtZrlvR54FB
Roots Manuva,Bleeds,Crying - Kode 9 Remix,spotify:track:7LhKjQaCr7yZpg17ONZiYK
Roots Manuva,Bleeds,Don’t Breathe Out,spotify:track:2Rpttv2b3bDxooJZywhNaW
Roots Manuva,Bleeds,Don’t Breathe Out - Pinch Remix,spotify:track:1WPU973PzFgOV96i0eQ0rC
Roots Manuva,Bleeds,Facety 2:11,spotify:track:2mYVn8wVtcpvaFip1ZR7kX
Roots Manuva,Bleeds,Fighting For?,spotify:track:4lMFJutpK6qWPOVyONF4Lw
Roots Manuva,Bleeds,Fighting For? - rLr Remix,spotify:track:4QgCddFSwsE4UN63VoM49g
Roots Manuva,Bleeds,Hard Bastards,spotify:track:65A64Ry5XVRnbtfY5w7otl
Roots Manuva,Bleeds,I Know Your Face,spotify:track:7aqEnxPRZ2KpsSVfEtwu5f
Roots Manuva,Bleeds,Iron Shirt,spotify:track:7HxypI9DE79QTqlgUqZSWl
Roots Manuva,Bleeds,Knee-Jerk - Japanese Bonus Track,spotify:track:3wHKhNA4pL59x2iGLU4qIu
Roots Manuva,Bleeds,Like A Drum - Japanese Bonus track,spotify:track:1iNKhyZqtXB2i3gjarbrIB
Roots Manuva,Bleeds,Me Up!,spotify:track:71ZXHgcHgio9dNSXGbR1tm
Roots Manuva,Bleeds,On A High,spotify:track:2QZitlh35aWNT2Ar1jNgRJ
Roots Manuva,Bleeds,One Thing,spotify:track:79jscRPtIOs4SRakrgh4Hx
Roots Manuva,Bleeds,One Thing - Champion Remix,spotify:track:1mM6VInrzV6D0ILxxgIeoD
Roots Manuva,Bleeds,Stepping Hard,spotify:track:1n41nl93fkEuC7dsBJmna1
Roots Manuva,Bleeds,Watch,spotify:track:2T1Ldz9PGor2grhWSIzZTY
Ross from Friends,Aphelion EP,Don't Wake Dad,spotify:track:6DfNNJzIwQghtKOtFzYaKs
Ross from Friends,Aphelion EP,John Cage,spotify:track:5nRVihwOiiu2IT1W1yoIQp
Ross from Friends,Aphelion EP,March,spotify:track:55IQ83Wy1RcQ9e2kZPEN7q
Ross from Friends,Aphelion EP,There's A Hole In My Heart,spotify:track:5kzPhWFITyQVybtZmaVWyf
Ross from Friends,Family Portrait,Back Into Space,spotify:track:6qdnr3yCIMJDHlyciA63ZS
Ross from Friends,Family Portrait,Don't Wake Dad,spotify:track:5KKVhzIrTwCOkGq8mfb8Ne
Ross from Friends,Family Portrait,Family Portrait,spotify:track:4SqFKz56kpmQGfMLEAzEJL
Ross from Friends,Family Portrait,Happy Birthday Nick,spotify:track:28RSJSLDO3lEKjGvEUlDFo
Ross from Friends,Family Portrait,Pale Blue Dot,spotify:track:550Pb9Yd013wSWij1lT4Om
Ross from Friends,Family Portrait,Parallel Sequence,spotify:track:2M3KCacCCfwWYm8NyfasUY
Ross from Friends,Family Portrait,Project Cybersyn,spotify:track:39L1ci8l2THU5Nh1dbBIrM
Ross from Friends,Family Portrait,R.A.T.S.,spotify:track:7rxJlgKEXuDIgHOOPS2a3A
Ross from Friends,Family Portrait,Thank God I'm A Lizard,spotify:track:2nm6Vs67PYPj7EfFoE2L49
Ross from Friends,Family Portrait,The Beginning,spotify:track:7rdzrR2nesX1f1hfyPKYcS
Ross from Friends,Family Portrait,The Knife,spotify:track:7f4nJBRW8hPkeAkm30YNRN
Ross from Friends,Family Portrait,Wear Me Down,spotify:track:1SA3sXFX3V8WgzmZdlO223
Rossum Universal Tracks,Ebaum's Dreamland,Bubblebag Mail,spotify:track:5lkHsF5mtczBWBa7q8yMXL
Rubba,In Motion,Way Star,spotify:track:67OvIrbWNP8bK7e5EUivw1
RUBII,Forgive & Forget,Forgive & Forget,spotify:track:6KafcmIAnIcYOA1Qppfurb
RUBII,Olive Green,Jammin,spotify:track:3W3kHWDACOb8Q595nxkMGz
Ruby Johnson,The Spirit Of Memphis (1962-1976),I'll Run Your Hurt Away,spotify:track:7vAvMYa3kPrcTKorzepOCh
Ruf Dug,Ruf Dug presents The Committee,Sunrise,spotify:track:6BvHIg9IfCGn9kyUmGzrTl
Run The Jewels,Run The Jewels,"36"" Chain",spotify:track:2yyKnxXSPw2qdsdqshv5Zy
Run The Jewels,Run The Jewels,A Christmas Fucking Miracle,spotify:track:6lR8NTHjIHWYNp25CccnWc
Run The Jewels,Run The Jewels,Banana Clipper,spotify:track:26zKr68t6Qu4D2bsehaCbt
Run The Jewels,Run The Jewels,DDFH,spotify:track:0rk15ftvXVK0vaEQxOaSz2
Run The Jewels,Run The Jewels,Get It,spotify:track:629CYfAaILkol0hktbe3WV
Run The Jewels,Run The Jewels,Job Well Done,spotify:track:6Ty5bMR6CQU5RZYWZDCTgV
Run The Jewels,Run The Jewels,No Come Down,spotify:track:0kTDUAevpCmxyJ3FfaG6H2
Run The Jewels,Run The Jewels,Run The Jewels,spotify:track:7tGhL4HNkupitX5iWv5eYd
Run The Jewels,Run The Jewels,Sea Legs,spotify:track:7AcYguqbJKHtYLbGLJqa9U
Run The Jewels,Run The Jewels,Twin Hype Back,spotify:track:0vuzkK3AnGCwLc6rOb1xYm
Run The Jewels,Run The Jewels 2,All Due Respect,spotify:track:2h82pgSwoWbhiedinenqLC
Run The Jewels,Run The Jewels 2,All My Life,spotify:track:5eOWpFP7pTLQmISfx2RJpW
Run The Jewels,Run The Jewels 2,Angel Duster,spotify:track:1V6qst2zfwpooDT1lfvDis
Run The Jewels,Run The Jewels 2,"Blockbuster Night, Pt. 1",spotify:track:5jQYkYhoOlBW4vJ2l4TCxl
Run The Jewels,Run The Jewels 2,"Blockbuster Night, Pt. 2 - Bonus Track",spotify:track:7pspTD12fCfGyfl33wr9ty
Run The Jewels,Run The Jewels 2,Close Your Eyes (And Count To Fuck),spotify:track:2Kn3xgaDCM4aHuHK7FApgC
Run The Jewels,Run The Jewels 2,Crown,spotify:track:5T5LQGUXXmBBQWTZQEG4er
Run The Jewels,Run The Jewels 2,Early,spotify:track:7vVBrSGcMp0gfky9dKCkiE
Run The Jewels,Run The Jewels 2,Jeopardy,spotify:track:57RpLj5SoWQeweNskxXfOp
Run The Jewels,Run The Jewels 2,"Lie, Cheat, Steal",spotify:track:2D35sVzODlq0sbxkeieNTm
Run The Jewels,Run The Jewels 2,Love Again (Akinyele Back),spotify:track:6ft8Ua2fHCpns3b3UoX691
Run The Jewels,Run The Jewels 2,Oh My Darling Don't Cry,spotify:track:1JT9uu6MfvVC8iZG3rIHq4
Run The Jewels,Run the Jewels 3,2100 (feat. BOOTS),spotify:track:0FuFL82lFW7CFFLZOIcwwI
Run The Jewels,Run the Jewels 3,A Report to the Shareholders / Kill Your Masters,spotify:track:0ije0AlpdOcKa8oXohEDcd
Run The Jewels,Run the Jewels 3,Call Ticketron,spotify:track:6M3RWxZ2aRapomSbsy5Zvl
Run The Jewels,Run the Jewels 3,Don't Get Captured,spotify:track:7LDrLY4vkjLhhLuMRXs9s5
Run The Jewels,Run the Jewels 3,Down (feat. Joi),spotify:track:7tAyoTnr66zdkUsg8XzSmd
Run The Jewels,Run the Jewels 3,Everybody Stay Calm,spotify:track:5Wx6dJpIBMzQ8REjdN8sYy
Run The Jewels,Run the Jewels 3,Hey Kids (Bumaye) [feat. Danny Brown],spotify:track:4gPSBIQakeh8CsNze49txT
Run The Jewels,Run the Jewels 3,Legend Has It,spotify:track:6bGwloiyyHXwFZ4yV1zjqR
Run The Jewels,Run the Jewels 3,Oh Mama,spotify:track:1cwytvoduxCstpvvLVaonu
Run The Jewels,Run the Jewels 3,Panther Like a Panther (Miracle Mix) [feat. Trina],spotify:track:610xX8mO0xhnEIgTZpbBoZ
Run The Jewels,Run the Jewels 3,Stay Gold,spotify:track:3U40ngsZ87upgeStLAgOdk
Run The Jewels,Run the Jewels 3,Talk to Me,spotify:track:3AT07E7tLLthDh3Bb5yT7A
Run The Jewels,Run the Jewels 3,Thieves! (Screamed the Ghost) [feat. Tunde Adebimpe],spotify:track:6fd0hfSveLlNptY3I13UsT
Run The Jewels,Run the Jewels 3,Thursday in the Danger Room (feat. Kamasi Washington),spotify:track:2vAwockUBNYExCTm7tWBON
Rupert Clervaux,DJ-Kicks (Mount Kimbie),IX - Mixed,spotify:track:2jdYGop4NnRHCIFK2QYvPS
RY X,Dawn,Beacon,spotify:track:7qk3u6m1kX3zXXm7aA6qtf
RY X,Dawn,Berlin,spotify:track:57A6HbITtifBco2NbF7Qq8
RY X,Dawn,Dawn,spotify:track:1qla7OPe7Yz7GFnoFWdNyU
RY X,Dawn,Deliverance,spotify:track:4Z9BqIEobITrOHayDanmTE
RY X,Dawn,Haste,spotify:track:2lWtJeypI4QaNLS1yEvjux
RY X,Dawn,Hold Me Love,spotify:track:5A8wmrSox488hGaaMDYMUa
RY X,Dawn,Howling,spotify:track:4ySB5vX2121c5L705ZbZTq
RY X,Dawn,Lean,spotify:track:58B5EFvEhJI5B7EcReUstB
RY X,Dawn,Only,spotify:track:1hrar0wbUsvgSUpUXR5Wq0
RY X,Dawn,Salt,spotify:track:3OJMVoOP9SH5hZLNazX0UI
RY X,Dawn,Shortline,spotify:track:5jlD2ld9p9qPfdwXpAkkBL
RY X,Dawn,Sweat,spotify:track:1QFK0s1UWq08N7B0NuzyOJ
RY X,Unfurl,Body - Ambient,spotify:track:29dK2MxREaft5Yt7tFH3xj
RY X,Unfurl,Body Sun,spotify:track:44ESfFxXvgdG3LY0SgbWav
RY X,Unfurl,Bound,spotify:track:1iOPoPTFROlTeYpJik7VMs
RY X,Unfurl,Coven,spotify:track:7JwdYzBcGitdUjRCeQAYPW
RY X,Unfurl,Foreign Tides,spotify:track:5JCUYNmvw0uBYEr4PHASiw
RY X,Unfurl,Fumbling Prayer,spotify:track:13xkw8J9Nl8sxieMmj0Q1l
RY X,Unfurl,Hounds,spotify:track:1ifY6niN0PWGaNqydwsAsT
RY X,Unfurl,Mallorca,spotify:track:5YfsKjgsJU1Pe6iRAmZfnq
RY X,Unfurl,Sun - Ambient,spotify:track:58c05tjRB9xh03W1QvZfB6
RY X,Unfurl,The Water,spotify:track:7rGlxkCg8sOGPNa4t5kEcA
RY X,Unfurl,To Know,spotify:track:3dMiWrtbaUTyxGjP0Nnnwm
RY X,Unfurl,Untold,spotify:track:7A5mMcksu3HJeJE9uKDYoX
RY X,Unfurl,YaYaYa,spotify:track:1gmj9SGmFea50SyyVYgFkP
Rye Shabby,Arthur Lager,Black is the New Black,spotify:track:6z1YT13d2WgGlgYPGsVcUT
Rye Shabby,Arthur Lager,CONscience Circles,spotify:track:6PHAGJ26r4skZ0haIsPqMz
Rye Shabby,Arthur Lager,Face the World,spotify:track:4qXcMMPQdV4gVSPMn51961
Rye Shabby,Arthur Lager,Heat,spotify:track:0ajcOtOkvZQtMHHPxvLxhi
Rye Shabby,Arthur Lager,Kate Moss,spotify:track:2Um1Q5SJ9jVhFzmSsqNDhX
Rye Shabby,Arthur Lager,Moscow,spotify:track:6xMtN4Sdjq3p5ZwzbMDB7i
Rye Shabby,Arthur Lager,Trench Coat,spotify:track:4FQUb4yCHK27eZjhRjJYMH
Rye Shabby,Esta,Lost in Waterloo,spotify:track:1bRvVi6zttNhmgMSiCic5h
Rye Shabby,Face the World,Face the World,spotify:track:6zWKOhTI0H5XUwHYdJkk1M
Ryuichi Sakamoto,1996,Bibo No Aozora - Version for Piano Trio,spotify:track:448TDbd8RNN1tn8zGPNutD
Róisín Murphy,All My Dreams / Innocence,All My Dreams,spotify:track:4sL9zF71OyDJn1YCIMaMmX
Róisín Murphy,All My Dreams / Innocence,All My Dreams - Radio Edit,spotify:track:7pksI8X4WvsKoTmM0DZs32
Róisín Murphy,All My Dreams / Innocence,Innocence,spotify:track:4zT54MxauLKKxBZwKxEnbv
Róisín Murphy,Jacuzzi Rollercoaster / Can't Hang On,Can't Hang On,spotify:track:7GsUUqp0F713MpIARJXioQ
Róisín Murphy,Jacuzzi Rollercoaster / Can't Hang On,Jacuzzi Rollercoaster,spotify:track:0QB8j7yqv1OdeIAd7S8Imw
Róisín Murphy,Jacuzzi Rollercoaster / Can't Hang On,Jacuzzi Rollercoaster - Radio Edit,spotify:track:3YgAro5JQXfrYA8p6dQZGX
Róisín Murphy,Plaything / Like,Like,spotify:track:4eDIx7myajdF5OipKN861F
Róisín Murphy,Plaything / Like,Plaything,spotify:track:3CRuaG93yRRpSkPjTwsjF9
Róisín Murphy,Plaything / Like,Plaything - Radio Edit,spotify:track:3LJ2UT26hGMFJhaX7eAutd
Róisín Murphy,The Rumble / World's Crazy,The Rumble,spotify:track:2uuW8RoI02OtMgNFPmpIoW
Róisín Murphy,The Rumble / World's Crazy,The Rumble - Radio Edit,spotify:track:2HRHLSHH9lO5wwkJNv5gBI
Róisín Murphy,The Rumble / World's Crazy,World's Crazy,spotify:track:3srsHzV0h1rtO4WYL0nasU
S L F,DJ-Kicks (Moodymann),Tag Team Triangle (Moodymann Edit) - Mixed,spotify:track:4uht4dqTvFJKnA3z5qBy7M
S. Fidelity,Love International Inc.,Love International Inc.,spotify:track:7lu8PAKaE50FzPOZ9LDXR5
S4U,Heart 2 Say,The Beginning,spotify:track:6R58klqS2kXNTXltsaeLMg
Saba,Bucket List Project,American Hypnosis (feat. Akenya),spotify:track:4h014ooixJqVNWDheIXsRP
Saba,Bucket List Project,Bucket List (feat. Matthew Santos),spotify:track:4BJpGfAf7hJiUeZilWT2Mf
Saba,Bucket List Project,California (feat. Ravyn Lenae & Phoelix),spotify:track:3x5WIJiZQ6RwxeoLrQawhc
Saba,Bucket List Project,Church / Liquor Store (feat. Noname),spotify:track:5DpiEEjTiQp1P1eJeduSR2
Saba,Bucket List Project,GPS (feat. Twista),spotify:track:1c8vJC0kzPNU3gx1ThbfQK
Saba,Bucket List Project,In Loving Memory,spotify:track:6rjkazekHfk8Kf9ZL7vicc
Saba,Bucket List Project,MOST,spotify:track:20I230rMtdpElFJ48Oq4by
Saba,Bucket List Project,Photosynthesis,spotify:track:3DlgDXIYtnWtJKiB8bZQMv
Saba,Bucket List Project,Stoney (feat. Phoelix & BJRKNC),spotify:track:0HU8CeTestQjoRF2ekaLqx
Saba,Bucket List Project,Symmetry,spotify:track:6gGr4eWfYVbVkv4yyzMQ93
Saba,Bucket List Project,The Billy Williams Story,spotify:track:1rKbEVolQHuNGuyiWmFYkS
Saba,Bucket List Project,Westside Bound 3 (feat. Joseph Chilliams),spotify:track:5MUWpxHzlG5M5N2C0T7qs9
Saba,Bucket List Project,World In My Hands (feat. Smino & LEGIT),spotify:track:3ToO9EBuxj9gOgA5ZWbzJU
Saba,CARE FOR ME,BROKEN GIRLS,spotify:track:5AdhyCxxguV1wXde1vqgWC
Saba,CARE FOR ME,BUSY / SIRENS,spotify:track:4YdRnTnXYwgI48kkzWy6uk
Saba,CARE FOR ME,CALLIGRAPHY,spotify:track:7LBdv0ek7Tj2s0bgxmlrC6
Saba,CARE FOR ME,FIGHTER,spotify:track:1raxsVXIs7WrI8apWGkWDk
Saba,CARE FOR ME,GREY,spotify:track:3ym9gIBrWP3LKjiH2kxyr5
Saba,CARE FOR ME,HEAVEN ALL AROUND ME,spotify:track:7o2IbwyONZhbwYmjYXtTF4
Saba,CARE FOR ME,LIFE,spotify:track:3au0pvHqcTtszysswan6AO
Saba,CARE FOR ME,LOGOUT,spotify:track:0Q8A7MPsoFg72xcVFBsS8Q
Saba,CARE FOR ME,PROM / KING,spotify:track:5cZpwmXGzDvBDX9Iv6wXzx
Saba,CARE FOR ME,SMILE,spotify:track:06JYno5nqk64Jeg8q2qZKy
Saba,hue_man nature,hue_man nature,spotify:track:2cVIKCgIfYOYyyXfQEstZN
Sacha Rudy,Be a Man,Be a Man,spotify:track:4kCc2VTWZwklWCrE2kLcuC
Sad City,Shapes in Formation,Again,spotify:track:7g6uWohYJePtX7UCWK2eyE
Sad City,Shapes in Formation,Music Removed,spotify:track:1ApoPEF77oBpZbuOJmLc5B
Sad City,Shapes in Formation,"Pace, Movements I-IV",spotify:track:44JQJ5ln5z747s4MMst4ub
Sad City,Shapes in Formation,Patterns,spotify:track:6ySRI4Q4VU8BJwhC5WA5lB
Sad City,Shapes in Formation,People + Plants,spotify:track:1RDw0d7bM3MazsK0OnqRXt
Sad City,Shapes in Formation,Rain Call,spotify:track:5yhf0h50THq4U2Gtlq4aHO
Sad City,Shapes in Formation,Smoke,spotify:track:54n4iZ7UysMMLKVqEjU0aH
Sad City,Shapes in Formation,Steady Jam,spotify:track:4QxApy7KxSPp7UYIvxdNaT
Sad City,Shapes in Formation,Vexillationes,spotify:track:3LZ9uC2oRtgWtZfZtPqPvX
Sad City,Shapes in Formation,Water,spotify:track:5JEvJMpWI1mx3Jdlrswh6m
Saine,Halftone,Traces,spotify:track:3Ci7dkGBXotcCAoTzFQeI6
SALIMATA,foil,foil,spotify:track:1pqtdNN1I1Kcie2MbSms5X
Sam & Dave,The Spirit Of Memphis (1962-1976),Hold On I'm Coming,spotify:track:6TiCsWi1iylFxXah7bayQK
Sam & Dave,The Spirit Of Memphis (1962-1976),I Thank You,spotify:track:4tigUekrOFOlcZjebrhJ4A
Sam & Dave,The Spirit Of Memphis (1962-1976),Soul Man,spotify:track:4WogFiCjaUXb4sZGxR68gL
Sam Gendel,Music for Saxofone & Bass Guitar,BOA,spotify:track:6zyJHTbzLmsbt1m6LKB8NO
Sam Gendel,Music for Saxofone & Bass Guitar,GREETINGS TO IDRIS,spotify:track:3tpMTOYAHMVgpm6RTDZ61I
Sam Gendel,Music for Saxofone & Bass Guitar,IRISH,spotify:track:7BPA9mGkuJ6l6KwpQfGNlM
Sam Gendel,Music for Saxofone & Bass Guitar,KIEFER NO MELODY,spotify:track:65NTtHC9qIIKMRyPMq1kiG
Sam Gendel,Music for Saxofone & Bass Guitar,THEEM AND VARIATIONS,spotify:track:7K8TZQifjAJcH3x6tNqBV9
Sam Gendel,Music for Saxofone & Bass Guitar,TRACK ONE,spotify:track:0H276wuVwe4VD55l0mjUHO
Sam Gendel,Music for Saxofone & Bass Guitar,YOU'LL NEVER GET TO HEAVEN,spotify:track:6gtFZlnzCQCBR16sTbUhNj
Sam Gendel,Pass If Music,Anemone Swerve,spotify:track:1hswCnJaysHy0AAtiGnP8q
Sam Gendel,Pass If Music,Coffee Mainframe,spotify:track:7JhTQNXWQ3WpC2KZQTmNWN
Sam Gendel,Pass If Music,Drowning Interlude,spotify:track:3ciZqFxUvlXCDVIGIPKa7F
Sam Gendel,Pass If Music,East LA Haze Dream,spotify:track:6p0y8GSjWELgUzkMLQCSyd
Sam Gendel,Pass If Music,Final Chamber,spotify:track:5tYVjRoRxIhATLCmpNFbJs
Sam Gendel,Pass If Music,Hyena,spotify:track:718a5qQ0XbM5PX9PErYIPm
Sam Gendel,Pass If Music,Rev,spotify:track:1ijXAHvYTqRagdKcW1bmJu
Sam Gendel,Pass If Music,Trudge,spotify:track:2tbsVWUolkUKNU8OaW9uGB
Sam Gendel,Pass If Music,ZeroZero,spotify:track:0DYkiz0Y2NrFtPiUk3UwML
Sam Wilkes,WILKES,Descending,spotify:track:2IQCcVbRCGZtxs5iXIoc2c
Sam Wilkes,WILKES,Hug,spotify:track:2hnCJgO35gxzOHkVHtBpH5
Sam Wilkes,WILKES,Run,spotify:track:68XxyWOsip9RAuZXWGSQCS
Sam Wilkes,WILKES,Today,spotify:track:6Q3Nibk71lOMSAl26ZZN0H
Sam Wilkes,WILKES,Tonight,spotify:track:14hmzXU8Nh9ihb3eCupd4u
Sam Wilkes,WILKES,Welcome,spotify:track:4ikUZEfadBqVyoX67aDafi
Sampha,Cumulus / Memory,Cumulus / Memory,spotify:track:6rKXHdjhXExjyvfarhcmwb
Sampha,Process,(No One Knows Me) Like the Piano,spotify:track:5zOnoB8FdZudDcPX4O8WqF
Sampha,Process,Blood on Me,spotify:track:37el170lJYr5CiWJFk207u
Sampha,Process,Incomplete Kisses,spotify:track:4Pkst1hmHJ8dUdOaBqdee7
Sampha,Process,Kora Sings,spotify:track:2KEGJRQSMrponrpxkAyqmD
Sampha,Process,Plastic 100°C,spotify:track:0P5bg4JX1fUplClPC0nkUS
Sampha,Process,Reverse Faults,spotify:track:5IRLnB7JqTMcIlMtE0Rcuv
Sampha,Process,Take Me Inside,spotify:track:28oOebFqUwVpnytMmdInKF
Sampha,Process,Timmy's Prayer,spotify:track:5nXT0jRAR9ChVWmh2tLQln
Sampha,Process,Under,spotify:track:2R1Q4cxCUuOK7SJzxblk5k
Sampha,Process,What Shouldn't I Be?,spotify:track:7gDc8hQ6c89eyKBjWbOjFn
Sampha,Satellite Business 2.0,Satellite Business 2.0,spotify:track:5y6vRQJrzPveBmvysTE4UQ
Sampology,Blooming in the Streets,Blooming in the Streets,spotify:track:78BopryieRmbI5v2UKrfZ7
Sampology,Mt Glorious,After the Storm,spotify:track:3a5Ao4eAjAb5IGKP3n37UG
Sampology,Mt Glorious,Mt Glorious,spotify:track:2phSvrnW3z3z1MAlC1PAFC
Sampology,Mt Glorious,My Place,spotify:track:55yCpC6Z88VxhreoVOVYIs
Sampology,Mt Glorious,Rising Up,spotify:track:7l8F6Q9piY65V9ViL6iJnB
Sampology,Mt Glorious,Smile,spotify:track:0GJ07sZTPG0q1D8ATaPLpo
Sampology,Mt Glorious,Teal Sunrise,spotify:track:5nD8WXj8xjIZFlIrK9ACWR
Sampology,Natural Selections,Bats,spotify:track:60Bknmx47c1QHWS8DRbeb9
Sampology,Natural Selections,Be There (Feat. Noah Slee),spotify:track:6N0hK3POB7phCn0sumweH3
Sampology,Natural Selections,Different Star (Feat. Laneous),spotify:track:1fGMN6qlmGZpTwVnpDyk7q
Sampology,Natural Selections,Friends and Fam,spotify:track:2WJyfYZHuiFKnexQh5R4My
Sampology,Natural Selections,Natural Selections,spotify:track:37xgXFjBBqLjgDnKLj4Agd
Sampology,Natural Selections,Thicker Than Water (Feat. Tiana Khasi),spotify:track:5Qq8FaB76X03TacNbilnng
SAMSON,UNDERSTAND.,still wanna hold u,spotify:track:7AGXTYi7SuenK2U5j3L8aW
Sarah Davachi,Late Night Tales: Floating Points,"Untitled, Live in Portland",spotify:track:1qJT3z2QI6YC7Txqm6OA2c
Saul,Flowers,Flowers,spotify:track:1nBnJx86iVf1jmRoYz0fH0
Saul,Murmurations,No Fuss No Fight,spotify:track:6IReYRNq6MXUmVrkFBoph2
SAULT,5,B.A.B.E,spotify:track:1mcfqQYSMsbDzmg9AvynoC
SAULT,5,Masterpiece,spotify:track:07qj9w93jk1eA2TGAd6kxj
SAULT,5,We Are the Sun,spotify:track:1HnnR8wNG4X1dBV5PzkrF9
SAULT,Untitled (Black Is),Wildfires,spotify:track:4Tzw9IdZbVyzmpWrvsGaNX
SAULT,Untitled (God),Faith,spotify:track:062Rdh9HljFXTg2YdFMIu1
SBTRKT,Break Off,Break Off,spotify:track:2uKxYzLgJxLE38mgyn4zpi
SBTRKT,Break Off,Evening Glow,spotify:track:7KR7t2fF9WWsOz7PLGM6NO
SBTRKT,Break Off,Evening Glow - Reprise,spotify:track:5ABNWT0gFWU62F2MpEqEjM
SBTRKT,GHOST,GHOST - SBTRKT REMIX,spotify:track:1eOtW9LpcL5dizhq0E0PB6
SBTRKT,SAVE YOURSELF,BURY YOU (feat. The-Dream),spotify:track:7kpEXIcmGbHYEpJ4i6MH9v
SBTRKT,SAVE YOURSELF,GEMINI,spotify:track:4Dy3Y0otELrLuXmo5Fce41
SBTRKT,SAVE YOURSELF,GOOD MORNING (feat. The-Dream),spotify:track:1Iq2fxLlj61cwjNDZSk86l
SBTRKT,SAVE YOURSELF,I FEEL YOUR PAIN (feat. D.R.A.M. & Mabel),spotify:track:53STvLLS7m6scxfLYFUxKk
SBTRKT,SAVE YOURSELF,LET THEM IN,spotify:track:0EADsGOIDZlrNXtdQR5pnc
SBTRKT,SAVE YOURSELF,READY OR NOT,spotify:track:6UHOlr0txDRrsfL9lPPKlL
SBTRKT,SAVE YOURSELF,REVERT (feat. The-Dream),spotify:track:079YZc71Rmo6Ymp3o00KNH
SBTRKT,SAVE YOURSELF,TBD (feat. Sampha),spotify:track:5hHWeBhMTtOFc0EKcv0CWv
SBTRKT,SBTRKT,Go Bang,spotify:track:4YieaHATpFhQOTRbEAOXGp
SBTRKT,SBTRKT,Heatwave,spotify:track:7yW6M2vLDOQHpuQCQ9muCv
SBTRKT,SBTRKT,Hold On,spotify:track:3vlVbJmvSm3x5Hqmnzh8HI
SBTRKT,SBTRKT,Living Like I Do,spotify:track:4sBWHMlcYJ3mIlCanwPF9k
SBTRKT,SBTRKT,Never Never,spotify:track:6ttNSzoCalhgsJhXHiE7tX
SBTRKT,SBTRKT,Pharaohs,spotify:track:3Ve96alMjeaChfLbszJoKZ
SBTRKT,SBTRKT,Ready Set Loop,spotify:track:1oF04udhVMOHyCjpkHMXSb
SBTRKT,SBTRKT,Right Thing to Do,spotify:track:7eXESEtK5e9gDz7jLyOVDb
SBTRKT,SBTRKT,Sanctuary,spotify:track:6wWjiM0dGME9srg7xRH98A
SBTRKT,SBTRKT,Something Goes Right,spotify:track:2CeFP3pggzhuzZB9rLMHYW
SBTRKT,SBTRKT,Trials of the Past,spotify:track:0SGccA9exVTuzQY7jwbASF
SBTRKT,SBTRKT,Wildfire,spotify:track:2WMRd3xAb9FwXopCRNWDq1
SBTRKT,Transitions,Gamalena,spotify:track:1IDJhJikRjxWVehBaCyL2W
SBTRKT,Transitions,Highs And Lows,spotify:track:6XF83O8GYRbUkyf3EUZ44P
SBTRKT,Transitions,Hold The Line,spotify:track:1UCCQWMCtPD52DaCRVhEdb
SBTRKT,Transitions,IMO,spotify:track:0a9L6uytCcXFqP6trzaOrE
SBTRKT,Transitions,Kyoto,spotify:track:33g0AKsWQTLNBGKAprXjCo
SBTRKT,Transitions,Resolute,spotify:track:2cyEfdcksxEjAmHpXmuz5O
SBTRKT,Transitions,Stifle,spotify:track:4En8CN9LxX6R1zVw6qSeeY
SBTRKT,Wonder Where We Land,Day 1,spotify:track:6wTzJo1tzbOHDQml2X3b3v
SBTRKT,Wonder Where We Land,Day 5,spotify:track:6QxbeF5uWM8miXrEQeq35b
SBTRKT,Wonder Where We Land,Decemberist,spotify:track:4foBJsxYIr3jt3MTxFvlxe
SBTRKT,Wonder Where We Land,Everybody Knows,spotify:track:5vU4gciNZrHRIW2wzpxV1g
SBTRKT,Wonder Where We Land,Forgotten,spotify:track:5CHOzY9PlSX9CGmYd63QGZ
SBTRKT,Wonder Where We Land,Gon Stay,spotify:track:6AloHdh5e5IOr2F1tiZFmH
SBTRKT,Wonder Where We Land,Higher,spotify:track:3MxIlabhpddUiecrmB1OnW
SBTRKT,Wonder Where We Land,If It Happens,spotify:track:3i4Lt6QBGmoI1cQuHlaIyA
SBTRKT,Wonder Where We Land,Lantern,spotify:track:0OTwSTxd25RzaFf21nGrqm
SBTRKT,Wonder Where We Land,Look Away,spotify:track:0UqVjekM4zUvN5TBlzJNuH
SBTRKT,Wonder Where We Land,Maybe,spotify:track:1sYGpwchc9muM4oUAAre1L
SBTRKT,Wonder Where We Land,NEW DORP. NEW YORK,spotify:track:1POGnQmq4GcPCTzQB26JMn
SBTRKT,Wonder Where We Land,Osea,spotify:track:0KXZbSfxzN5Z4xeZSjRuUY
SBTRKT,Wonder Where We Land,Paper Cuts,spotify:track:355KIXu34AQJ4ClBXDucdu
SBTRKT,Wonder Where We Land,Problem (Solved),spotify:track:5ZdbBWY9vMc9iivve6h519
SBTRKT,Wonder Where We Land,Spaced Out,spotify:track:0JFStUl4lQ2jnchyzUc1qn
SBTRKT,Wonder Where We Land,Temporary View,spotify:track:3l3EVW9PjLI4Mt8WLfeJwC
SBTRKT,Wonder Where We Land,The Light,spotify:track:2tXSnyZhTG8KVCxpcTvgwC
SBTRKT,Wonder Where We Land,Voices In My Head,spotify:track:6dVuEtWbube8aUiN9bNPfE
SBTRKT,Wonder Where We Land,War Drums,spotify:track:35bxizSBbTzE2STIp5tfAO
SBTRKT,Wonder Where We Land,Wonder Where We Land,spotify:track:49fFAihg2jrY3FzY6dtfhK
Scallops Hotel,Plain Speaking,171: Man And The Cosmos,spotify:track:3BA4tMGvsmteZjZzBLzrJc
Scallops Hotel,Plain Speaking,Birther,spotify:track:0SkM2dFLWsslrJdtnRpFcW
Scallops Hotel,Plain Speaking,Bookoo Bread Co,spotify:track:4OPnDTrUe5i7Iw6etvkyAJ
Scallops Hotel,Plain Speaking,Glottal Stop,spotify:track:2sx1oOFJKOJJEfatyjLmDp
Scallops Hotel,Plain Speaking,"Gnosis, Black Nationalism, Rice",spotify:track:3MDwINzEzGozlWmLqr60LJ
Scallops Hotel,Plain Speaking,Lavender Chunk,spotify:track:5igkLLTiaLm5MMUe7AZpYN
Scallops Hotel,Plain Speaking,Roc Marciano Riff Suite 1,spotify:track:3OJeYjLuPPEaPbfLXD3OcF
Scallops Hotel,Plain Speaking,Sabil's Lullaby,spotify:track:3pUvTt9A1jM0uhNpgItwP7
Scallops Hotel,Plain Speaking,Tense Present,spotify:track:3VHTTuyR8KyqMZeiewfXhq
Scallops Hotel,Plain Speaking,The Oprah Winfrey Show,spotify:track:6LvpKkESGYCgj39JohKSDQ
Scallops Hotel,Plain Speaking,Ticktocker (Henry Dumas' Words),spotify:track:7FKwaoStQY82rZvQUIMH79
Scallops Hotel,Plain Speaking,True Nen,spotify:track:2Q18AfiGcYhXLRT2Dbd1Dg
Scallops Hotel,Sovereign Nose Of Your Arrogant Face,A Method (JAW GEMS book a bender at the scallops hotel),spotify:track:1BxfyLcmrySMwjhV3uJRQ6
Scallops Hotel,Sovereign Nose Of Your Arrogant Face,A Terror Way Beyond Falling,spotify:track:3tpiWnAS6cSpBdKUcRrjxd
Scallops Hotel,Sovereign Nose Of Your Arrogant Face,Bought My Kid A High Chair,spotify:track:7lcUATVAsD9QAPJSy67kl3
Scallops Hotel,Sovereign Nose Of Your Arrogant Face,Fat Tummy Riff Suite,spotify:track:1sjQFHTS2WswK7AjobpEBn
Scallops Hotel,Sovereign Nose Of Your Arrogant Face,Leisure,spotify:track:5oJYu4JEWblSRET1xCDdsJ
Scallops Hotel,Sovereign Nose Of Your Arrogant Face,Private Temple Hours,spotify:track:0CxwNmDSHDRgkiMbyqwcMP
Scallops Hotel,Sovereign Nose Of Your Arrogant Face,"Rank, Title, Pressures",spotify:track:3sModBcgHdbRALwxGNlnPA
Scallops Hotel,Sovereign Nose Of Your Arrogant Face,Sedans,spotify:track:205vhqveFaLYNUqhGZ5O2S
Scallops Hotel,Sovereign Nose Of Your Arrogant Face,Temple In The Green,spotify:track:6vxqsGgYKEpNe4xrBV7JwX
Scallops Hotel,Sovereign Nose Of Your Arrogant Face,Twenty on Five,spotify:track:02ZGLXVsxVweHKlPd56gZQ
Scallops Hotel,Sovereign Nose Of Your Arrogant Face,Whereareewe,spotify:track:0yvbFCETTN1hxjUR6YEy1p
ScHoolboy Q,CrasH Talk,5200,spotify:track:1e3GEwsaXtBNtPfooQimDn
ScHoolboy Q,CrasH Talk,Attention,spotify:track:1yYnT37zbmhaH6q3dVud0w
ScHoolboy Q,CrasH Talk,Black Folk,spotify:track:1iWAx1WGCY6j2zAMdACQ6E
ScHoolboy Q,CrasH Talk,CHopstix (feat. Travis Scott),spotify:track:2EGtBS7Ws3ajiSkJLviFJ4
ScHoolboy Q,CrasH Talk,CrasH,spotify:track:6BKAKoo7J2vwJGZJs5dhGD
ScHoolboy Q,CrasH Talk,Dangerous (feat. Kid Cudi),spotify:track:0IH3D0P8OrQFs6ajcqbm0R
ScHoolboy Q,CrasH Talk,Die Wit Em,spotify:track:4HWQFfYzolhGISAqveJYo9
ScHoolboy Q,CrasH Talk,Drunk (feat. 6LACK),spotify:track:06Y14QBRyzmPRqrswAfF4J
ScHoolboy Q,CrasH Talk,Floating (feat. 21 Savage),spotify:track:4NN6N5TxBO5k9uqu0W4gfQ
ScHoolboy Q,CrasH Talk,Gang Gang,spotify:track:6kqPWdv1pNXp6A2CowGSFA
ScHoolboy Q,CrasH Talk,Lies (feat. Ty Dolla $ign & YG),spotify:track:7gPHxxAq4YjK7GoLT3Vch3
ScHoolboy Q,CrasH Talk,Numb Numb Juice,spotify:track:6tByydPskASjm9jTPkNQq0
ScHoolboy Q,CrasH Talk,Tales,spotify:track:6kmSmIbfnGTaGCgwFW7umS
ScHoolboy Q,CrasH Talk,Water (feat. Lil Baby),spotify:track:0wE6AaKnovGUAnwmSxHFrr
Seb Wildblood,signal when ur around,signal when ur around,spotify:track:6ugAc8NW8eKPm6WdScjBe2
Seb Wildblood,The One with the Emoticon,The One with the Emoticon,spotify:track:1pGzcSHIle1lhPnoQ3JGQp
Sepalot,A New Cycle,Rainbows - Live,spotify:track:3h0cWnXZgflrcDuNhYgzi5
Sepalot,More Flute,More Flute,spotify:track:2IgVoJZFG9Xkvyp4sXgovL
Sessa,Estrela Acesa,Sereia Sentimental,spotify:track:1TGuyQNNfgpntIQro7w8D1
Session Victim,10.000 Hours,Hide and Seek,spotify:track:6kvinwAz4dSKmLYMt5dP6O
Session Victim,10.000 Hours,House in the Hills,spotify:track:1QIdwf7rpK52EohMniSmXQ
Severed Heads,DJ-Kicks (Mount Kimbie),Always Randy - Mixed,spotify:track:03tmtrC1c9uOBLal07M5ko
Severed Heads,DJ-Kicks (Mount Kimbie),Lamborghini (Petrol 1982) - Mixed,spotify:track:7HDhcFhQn2bvLTFMd9YKSh
Shabaka,We out Here,"Black Skin, Black Masks",spotify:track:5FymTHtKfaK0RxM94lA9uX
Shabazz Palaces,The Don Of Diamond Dreams,Bad Bitch Walking,spotify:track:0w3bXQjtn8UXstIOkJ1ihl
Shallipopi,Laho,Laho,spotify:track:37nExiid2iQtQzCJfUzohy
Shatter Hands,Block and Tackle,92 Selena,spotify:track:1zPO0ZhccEzCcetgrOFs8o
Shawn Lee,DJ-Kicks (Moodymann),Kiss The Sky - Mixed,spotify:track:1IDirsOqvYcxZBMGo0ehiX
Shigeto,No Better Time Than Now,Detroit Part 1,spotify:track:64CUMDH563yq2N7K5djR63
Shigeto,No Better Time Than Now,First Saturn Return,spotify:track:0BIRqnH1V9FIFs6zTaXsIY
Shigeto,No Better Time Than Now,Miss U,spotify:track:6Bc7hhiKzaHO9qJzGADIci
Shigeto,No Better Time Than Now,No Better Time Than Now,spotify:track:6R9PJug7QIffM5kkb6YXs6
Shigeto,No Better Time Than Now,Olivia,spotify:track:1Y2AAZVrm22D1wZXemkDNw
Shigeto,No Better Time Than Now,Perfect Crime,spotify:track:6hvMVC4BbUPyGpMEGPWOtP
Shigeto,No Better Time Than Now,Ringleader,spotify:track:3Hptzj8cBMnD6TdUfyipul
Shigeto,No Better Time Than Now,Ritual Howl,spotify:track:3COvvBfdge6oSLtNTClKEq
Shigeto,No Better Time Than Now,Safe In Here,spotify:track:74oEdMBNHRFfoAyfAaWGH6
Shigeto,No Better Time Than Now,Silver Lining,spotify:track:1aaOj6zEtx1XXxBDPVH7Wa
Shigeto,No Better Time Than Now,Soul Searching,spotify:track:6ludTphXo0JY3Hk3RRqxNU
Shigeto,No Better Time Than Now,Tell A Tale (Bonus Track),spotify:track:54J7Up1svFwsAGFqWIFaCI
Shigeto,The New Monday,A2D (ft. ZelooperZ & Silas Green) [AAPV],spotify:track:69HVhc2fBqyehOSrRBHVpM
Shigeto,The New Monday,Barry White (ft. ZelooperZ),spotify:track:1ttmC9CGtTnxVpKgz22CKa
Shigeto,The New Monday,Detroit Part II,spotify:track:3d5y51BomOkO2JP6eQbCAO
Shigeto,The New Monday,Don't Trip (ft. Silas Green),spotify:track:3gIntnP6nNTbqMg7P6ibJd
Shigeto,The New Monday,Ice Breaker,spotify:track:67N5UWdGyr6DJ1qVJ4AMVQ
Shigeto,The New Monday,In Case You Forgot,spotify:track:64noXADbIqAfG0YiQvtHHJ
Shigeto,The New Monday,There's a Vibe Tonight (ft. Kaleena Zanders),spotify:track:06AdnlQN7RzXpq3oGSzFhs
Shigeto,The New Monday,When We Low,spotify:track:5odUfeFuBxFv7hiWdL4yZ5
Shigeto,The New Monday,Wit Da Cup,spotify:track:0OGlFvvkovFeCJh13NrU64
Shinichi Atobe,Yes,Lake 3,spotify:track:39IrHsxYZ2VpFYNUOakyS0
Shlohmo,Bad Vibes - 5th Anniversary Edition,11_7_11 Alone With Me,spotify:track:5ms3ovp0OZNdglsH8YUT7M
Shlohmo,Bad Vibes - 5th Anniversary Edition,11_9_10 Asleep On The 22,spotify:track:5u7MZkGekDnIwMMAAikW1H
Shlohmo,Bad Vibes - 5th Anniversary Edition,1_16_11 Downtown,spotify:track:3Krs3YkeOEkWJOB57YQ98V
Shlohmo,Bad Vibes - 5th Anniversary Edition,Anywhere But Here,spotify:track:7yX0AZ4pp7EhIeTirGem8r
Shlohmo,Bad Vibes - 5th Anniversary Edition,Anywhere But Here - Live Refix,spotify:track:69IO9eln2p0lA8VoYTDOtz
Shlohmo,Bad Vibes - 5th Anniversary Edition,Back House,spotify:track:7GKLlMMacJmz01ocByHgdi
Shlohmo,Bad Vibes - 5th Anniversary Edition,Big Feelings,spotify:track:6pO0TqotDutmKDCadNyxXG
Shlohmo,Bad Vibes - 5th Anniversary Edition,Empty Pools,spotify:track:030KrVQliFQP7TboPHg5Gi
Shlohmo,Bad Vibes - 5th Anniversary Edition,Forgot I Was Here,spotify:track:2Ak401NVAVZ9AqgEKQWKex
Shlohmo,Bad Vibes - 5th Anniversary Edition,Get Out,spotify:track:54D1cZkLCnoF8tbqzbzSrk
Shlohmo,Bad Vibes - 5th Anniversary Edition,"I Can't See You, I'm Dead",spotify:track:1OcBQMce4TUcSEVPBCA1or
Shlohmo,Bad Vibes - 5th Anniversary Edition,It Was Whatever,spotify:track:3X97HmG3VTe909Rcu96O6O
Shlohmo,Bad Vibes - 5th Anniversary Edition,Just Us,spotify:track:3jd9XxIBJKkBzO235fEJ4W
Shlohmo,Bad Vibes - 5th Anniversary Edition,Parties,spotify:track:4POhmUzkGgxM9H9Y8DOv8L
Shlohmo,Bad Vibes - 5th Anniversary Edition,Places,spotify:track:7lotP8NLSfR1bLScOLA583
Shlohmo,Bad Vibes - 5th Anniversary Edition,Same Time,spotify:track:7yMIgFef1K3IfhTNKNEUGr
Shlohmo,Bad Vibes - 5th Anniversary Edition,Seriously,spotify:track:1mqnI99yNaygxkTSiMcYuu
Shlohmo,Bad Vibes - 5th Anniversary Edition,Seriously - Live,spotify:track:5LRGUFwfmNYg1q3JjGzpV3
Shlohmo,Bad Vibes - 5th Anniversary Edition,Sink,spotify:track:6alqUJU4NN7ugmmuA4m9Xn
Shlohmo,Bad Vibes - 5th Anniversary Edition,Things I Lost,spotify:track:1DWYCT5Ah3tzvpH8plA35G
Shlohmo,Bad Vibes - 5th Anniversary Edition,Trapped In A Burning House,spotify:track:0Hk56hW2NRxd5osVc5P9qv
Shlohmo,Bad Vibes - 5th Anniversary Edition,Your Stupid Face,spotify:track:7sBE6hhpuZTJwBP69vvOAR
Shlohmo,Bad Vibes: Rarities + Extras,11_7_11 Alone With Me,spotify:track:5tid01AAxzeIjJKFHOryeU
Shlohmo,Bad Vibes: Rarities + Extras,11_9_10 Asleep On The 22,spotify:track:0fxw9nvs7pZXmdZ1sidzqm
Shlohmo,Bad Vibes: Rarities + Extras,1_16_11 Downtown,spotify:track:0Dr66RPTkc3grlPR6y5mz7
Shlohmo,Bad Vibes: Rarities + Extras,Anywhere But Here - Live Refix,spotify:track:4QpU5j9nboqiETVy4hRHtR
Shlohmo,Bad Vibes: Rarities + Extras,Back House,spotify:track:5rK3WpOxEDwalVmoKhpu7V
Shlohmo,Bad Vibes: Rarities + Extras,Empty Pools,spotify:track:26YCMstExnGQDOZfArSNkv
Shlohmo,Bad Vibes: Rarities + Extras,Forgot I Was Here,spotify:track:45c373WJZCjzoxNWl3gvCW
Shlohmo,Bad Vibes: Rarities + Extras,Seriously - Live,spotify:track:4SiVl0VN9CiGRWLBJ4efjn
Shlohmo,Bad Vibes: Rarities + Extras,Things I Lost,spotify:track:6uBCOWRWk2pa1a9WWbFTlf
Shlohmo,Dark Red,Apathy,spotify:track:2IhtdzQ6JKAlYteLzT4q4z
Shlohmo,Dark Red,Beams,spotify:track:3iUQD4z2ePeeqkMSCRqxFL
Shlohmo,Dark Red,Buried,spotify:track:6o37YFFzOf6HEx1GUMyfF0
Shlohmo,Dark Red,Ditch,spotify:track:6B8soVYl0iCCmYvoIv6w4s
Shlohmo,Dark Red,Emerge From Smoke,spotify:track:2ByM6ejiN2EERm2NmXIq5t
Shlohmo,Dark Red,Fading,spotify:track:4DXSjcAKpE9B3aEWtC3hyN
Shlohmo,Dark Red,Meet Ur Maker,spotify:track:4QK4Ovoi3UkQgJ0irV3UfG
Shlohmo,Dark Red,Relentless,spotify:track:2jit0juZfYFGexrEuyzOf8
Shlohmo,Dark Red,Remains,spotify:track:1rkrlNWBEWLpHQW0PvR9p3
Shlohmo,Dark Red,Slow Descent,spotify:track:5xYgwassuwSa6dyMcrlwfo
Shlohmo,Dark Red,Ten Days of Falling,spotify:track:1JtjyMigAX0wNKFvJ38Fxm
Shlohmo,Late Night Tales: Bonobo,Places,spotify:track:4szJaNAB31pw9DtBuemeFh
Shlohmo,Looking at Plants,Looking at Plants,spotify:track:6Bv56fYkhg4RdiuRmGuF9Q
Shlohmo,Shlo-Fi (Deluxe),Blankets,spotify:track:4yuPww7bICpTnaPkglyJ01
Shlohmo,Shlo-Fi (Deluxe),Couch,spotify:track:0pGeFynWbT6GKqmmwXFtTL
Shlohmo,Shlo-Fi (Deluxe),Couch - Soosh Remix,spotify:track:0Rb7ZRtAgVtPwb00T62MOt
Shlohmo,Shlo-Fi (Deluxe),Couch - Wanda Group White Women Remix,spotify:track:3iXW2MBLeBriaw4gULwfO1
Shlohmo,Shlo-Fi (Deluxe),Crust,spotify:track:2JaR3P6rHNVshUBsbiuzjR
Shlohmo,Shlo-Fi (Deluxe),Crust - Jameszoo Remix,spotify:track:2aTDPrLDN5M5k9m3xpYLjO
Shlohmo,Shlo-Fi (Deluxe),"For You, Pt. 1",spotify:track:7ngmKYg9jBDx59Ypco4jrB
Shlohmo,Shlo-Fi (Deluxe),"For You, Pt. 2",spotify:track:4c0KocgyE8bxOtAInLn3EA
Shlohmo,Shlo-Fi (Deluxe),"Ghosts, Pt. 2",spotify:track:3QPJfFzCDIoXCho0oSA04W
Shlohmo,Shlo-Fi (Deluxe),"Ghosts, Pt. 2 - Anenon Remix",spotify:track:3obqdi1cxtTKyyAR2kcfW2
Shlohmo,Shlo-Fi (Deluxe),"Ghosts, Pt. 2 - S.Maharba Remix",spotify:track:4v462jAT8QKV1Wa9kE9U5u
Shlohmo,Shlo-Fi (Deluxe),My Drum Loop Is Stuck in Molasses,spotify:track:02vaHro96gy5m3xu2vXesV
Shlohmo,Shlo-Fi (Deluxe),Outbound,spotify:track:30rpk9o6QcnJ56tryim7bn
Shlohmo,Shlo-Fi (Deluxe),Socks,spotify:track:1O6ZykFcPrzjfdtAXynYDs
Shlohmo,The End,By Myself,spotify:track:1q7LDIU3gFeZXlRZpTZQOV
Shlohmo,The End,Eating Away,spotify:track:0CiVLDCxTXmlVPoDZUXQiG
Shlohmo,The End,Headache of the Year,spotify:track:4IfmN0cnsajK5L1waPcKfI
Shlohmo,The End,Hopeless,spotify:track:77INelQIZ1j0XyYSRNt938
Shlohmo,The End,Panic Attack,spotify:track:37zpkOswH3aKzEuhs7A6Wx
Shlohmo,The End,Rock Music,spotify:track:2qemoma2MSUihxaofUq2wu
Shlohmo,The End,Staring at a Wall,spotify:track:2lAq8fv2sdT2XaVb0Wfn9a
Shlohmo,The End,Still Life,spotify:track:4hAdVtWnwkLG35ePe8RQ4W
Shlohmo,The End,The Best of Me,spotify:track:6HAneXCTnRHTtZOwt60lmV
Shlohmo,The End,The End,spotify:track:4UTwiKGU3TDnoYvNWMzqhl
Shlohmo,The End,Ungrateful,spotify:track:1TCYrNiTtlsNqTW6PVMmAB
Shlohmo,The End,Watching a Video,spotify:track:2XdMecL6PY0UryRDKlj4L7
Shlohmo,The End,We Sat in the Car,spotify:track:1hJeX3rMRMgH1sEY5C9wjm
Sid Vashi,Azuma Kazuma,Darling,spotify:track:5TjZjF1HVJaMXxUJOo4pUy
Sid Vashi,Azuma Kazuma,Ghost Don't Follow Me,spotify:track:55btLTeOyoQ9kkP3LlX3r8
Sid Vashi,Azuma Kazuma,Hauz,spotify:track:3xCRk61QNXtCYD5gDQNJvu
Sid Vashi,Azuma Kazuma,Paper Bones,spotify:track:77WOvtf2Ya5aySDKn6TxvZ
Sid Vashi,Azuma Kazuma,Prey,spotify:track:1P3D2te1jt1Vd3s3vwsUvL
Sid Vashi,Azuma Kazuma,Transmission,spotify:track:5fuiSWg8Awg3yaOGDeawkJ
Sid Vashi,Azuma Kazuma,Wai Wai,spotify:track:3fhkSzPyfWqa3xEJYFAWzT
Silentjay,Sacrifice,Brisvegas,spotify:track:6xtphWVH90xySbNdI8y5jK
Silentjay,Sacrifice,Intro,spotify:track:49EtKMoyt54vLbrJv8PFg8
Silentjay,Sacrifice,Just Waking Up,spotify:track:573u3VY0eRLEdBEE8JTus1
Silentjay,Sacrifice,Rockabye,spotify:track:0pDLsti4PdiQxwuDk0RkjW
Silentjay,Sacrifice,Sacrifice,spotify:track:464u4firmQR7Yuo3qK9HUR
Silentjay,Sacrifice,Vibrate,spotify:track:6WYW7O4Lu0ZGZ4fiAdUTU6
Silk Rhodes,Silk Rhodes,Barely New,spotify:track:15hmuXArLOCJArxharwV5B
Silk Rhodes,Silk Rhodes,Face 2 Face,spotify:track:6EnG2ZVSzxcE8e32EVsFko
Silk Rhodes,Silk Rhodes,Group 1987,spotify:track:2YSDb81On1x6Ipfoi2G3KC
Silk Rhodes,Silk Rhodes,Hold Me Down,spotify:track:4Jlb95N3eo1xngegjXwFZ2
Silk Rhodes,Silk Rhodes,Horizon Line,spotify:track:1VmYq9P8rMt19nL3wkfzV8
Silk Rhodes,Silk Rhodes,Intro,spotify:track:4R5OM4WsaHtKNTbZoUHwqE
Silk Rhodes,Silk Rhodes,Laurie's Machine,spotify:track:1TlJu0fl17o9K8B0X17k41
Silk Rhodes,Silk Rhodes,Pains,spotify:track:16ojeDSheSYWPXxcOOGOfu
Silk Rhodes,Silk Rhodes,Personal Use,spotify:track:053Jg1YDVz0CxIkXWVowIc
Silk Rhodes,Silk Rhodes,Realtime,spotify:track:4JSEWJlZvyltCw2imUMYE7
Silk Rhodes,Silk Rhodes,The System,spotify:track:3sMKaijzepquyffq9HgunH
Silk Rhodes,Silk Rhodes,This Painted World,spotify:track:6hJqPi0E8BaHoYPTttkrea
Silvan Strauss,MUGS ONE,TELEFONE,spotify:track:0cePmOV5bzqVFpYEomDXia
Simon Popp,Gahu Dub / Baixo,Baixo,spotify:track:028D8zWkxKwNMo93Ib71oa
SIPHO.,OCCASION,OCCASION,spotify:track:3f8qaN6X27sLRXlYwf3UKC
SiR,HEAVY,POETRY IN MOTION,spotify:track:6vZRq9JIOGTl3b9dmEgeZV
SiR,November,Better,spotify:track:6fmAlvTWtWt8JNinkGlyRU
SiR,November,D'Evils,spotify:track:0wY9rA9fJkuESyYm9uzVK5
SiR,November,Dreaming of Me,spotify:track:6NueIkCzLhp4rXpNAiXDdh
SiR,November,Gone,spotify:track:67Rfh4RQognntMmU5onIbD
SiR,November,I Know,spotify:track:0vP0RXP4RTkjTXiHa2mvZ3
SiR,November,Never Home,spotify:track:6V801FXxGdzXwYXz6Q4tSw
SiR,November,Something Foreign,spotify:track:51HuSQ3lAnMuZiPu9YBJqN
SiR,November,Something New,spotify:track:3DdBQIpZ8gx7Zph2uUyKry
SiR,November,Summer in November,spotify:track:1USFYZrDt86UdqZxuXYHUG
SiR,November,That's Alright,spotify:track:5f9BMDIX18Mx4v6AAbMJjp
SiR,November,War,spotify:track:09PaypEcFmih85xXedBBKP
SiR,Seven Sundays,Can We Still,spotify:track:38UewEG1LXAzwlTNU1WOk4
SiR,Seven Sundays,Crashing Down,spotify:track:5YBsTR1zlWmBQ6s480nZn1
SiR,Seven Sundays,Falling,spotify:track:0PopBHKaYzPhUWTwt9MWZZ
SiR,Seven Sundays,He Deserves Your Love,spotify:track:7wsRrp9A9OacDRrExZp98o
SiR,Seven Sundays,In the Sky,spotify:track:6tq85z6ajaFLgEQbbuEHFc
SiR,Seven Sundays,Jay Z,spotify:track:66v8ihTuXUDKqienUaFzIe
SiR,Seven Sundays,Liberation,spotify:track:6ThuCvpDziHqZAoF10PzAz
SiR,Seven Sundays,Love You,spotify:track:7p8GWclbwHuUxwom7c1oRz
SiR,Seven Sundays,N.B.N.,spotify:track:4A6G1RMBT0S14WqP15ksG1
SiR,Seven Sundays,Right By You,spotify:track:1QzXNHnziUgfTZEtNk3n7t
SiR,Seven Sundays,The Bullet and the Gun,spotify:track:5agKZvpDlh9Wusn1O0z1y7
SiR,Seven Sundays,The Perfect Remedy,spotify:track:3VnXfJSIpITDRqvdV0Xe1P
SiR,Seven Sundays,The Real,spotify:track:2Zxy3GRH0T63NWmDqxOjsY
SiR,Seven Sundays,You Ain't Ready,spotify:track:2Be6u5uyIRHvLDtUbBpzKH
Sir Isaac & The Do-Dads,The Spirit Of Memphis (1962-1976),Blue Groove,spotify:track:0mH3dx9Q4lKohXAjVRNE9h
Sir Isaac & The Do-Dads,The Spirit Of Memphis (1962-1976),The Big Dipper,spotify:track:1bbkrzDnb36Fb96oxyJEsO
sir Was,Digging a Tunnel,In the Midst,spotify:track:1nHSd8kdi9L97TUee9MyfP
Sirens Of Lesbos,Sol,Like Some Dream,spotify:track:0ATT8gRJUtLO1Dj59A3dGg
Sister Sledge,We Are Family,Lost in Music - 1995 Remaster,spotify:track:47eSFHsPDVJwssTTG62Af3
Sizer,City,City,spotify:track:6t3N2sn83d37Ddb1Kvscdp
Skee Mask,Compro,Flyby Vfr,spotify:track:4G3G1y9JmUsv4we3v7YapO
Skepta,Konnichiwa,Corn on the Curb,spotify:track:6yFCWWW4AnZaLQ4nR7nniL
Skepta,Konnichiwa,Crime Riddim,spotify:track:5NucMmR6MVuWsBfW4322yw
Skepta,Konnichiwa,Detox,spotify:track:71md8EbjkbsvLmDBRa9syJ
Skepta,Konnichiwa,It Ain't Safe,spotify:track:26DdCbuwHRX1BgWeHQIn1C
Skepta,Konnichiwa,Konnichiwa,spotify:track:0Yo9iPwWq7sLuFgoglnTb4
Skepta,Konnichiwa,Ladies Hit Squad,spotify:track:5DddJVNEGBfUxy9Dtr45gI
Skepta,Konnichiwa,Lyrics,spotify:track:5kzHkRmphRbt6ZwEmgd7RQ
Skepta,Konnichiwa,Man,spotify:track:13w7sJT2Xu6AN4gGj4wGv3
Skepta,Konnichiwa,Numbers,spotify:track:1BHquBolJN628btHI6X0vq
Skepta,Konnichiwa,Shutdown,spotify:track:44GokgCa37BTZP2NU2zkoJ
Skepta,Konnichiwa,Text Me Back,spotify:track:2OKpV0BwfrTDR0afe4mDxA
Skepta,Konnichiwa,That's Not Me,spotify:track:3tTDOodJcr6vKF2DASlwMZ
Skinny Pelembe,Dreaming Is Dead Now,Dreaming Is Dead Now,spotify:track:3bWuNxgSQ1a6j2hHuLXxDL
Skinny Pelembe,"Sleep More, Make More Friends",Field Notes #1,spotify:track:6Ui2XZ55CTEUHgwuZsg4lg
Skinny Pelembe,"Sleep More, Make More Friends",I Just Wanna Be Your Prisoner,spotify:track:1nzSbEJBNikjRy2gsCNTdP
Skinny Pelembe,"Sleep More, Make More Friends",Live from the High as a Kite,spotify:track:4RDJCBN9I1QRf4nVmqIzWz
Skinny Pelembe,"Sleep More, Make More Friends","Not Your Friend, Not Your Enemy",spotify:track:4bj3rPIEos85nrUKqJg22h
Skinshape,Filoxiny,After Midnight,spotify:track:0L2Q17joitlk1BxqKbbUyM
Skinshape,Filoxiny,Breathe,spotify:track:1aiHXTd4gImu97rSVTheoG
Skinshape,Filoxiny,Filoxiny,spotify:track:1aRPpoYIQ6WcSgciS9JS5T
Skinshape,Filoxiny,I Didn't Know,spotify:track:1RI9Qpt8QbYtwfCW8npcO1
Skinshape,Filoxiny,Life as One,spotify:track:1QH0BPsNnfZWCV6TTE7rm8
Skinshape,Filoxiny,Metanoia,spotify:track:41oPcActDfV9QIHlbwuZXK
Skinshape,Filoxiny,Shimmer,spotify:track:1SQIGbXkocorI2YzIL1DEQ
Skinshape,Filoxiny,We Lose,spotify:track:4LYnataeE4u1of2lrcqqVy
Skinshape,Life & Love,Don't Call My Name,spotify:track:2dXs6WlSVXJX3i99Xw4n2u
Skinshape,Life & Love,Fountayne,spotify:track:4HrwJY2pwaWmrjlycG5ESs
Skinshape,Life & Love,Hurry and Enjoy,spotify:track:6JPCcCZMedAuzn68ogyn7K
Skinshape,Life & Love,I Won't Be There,spotify:track:2wfxBlaXXTSpsTRzk0zZu5
Skinshape,Life & Love,Inside,spotify:track:3GnvmtcISrikkzBQMVLyBH
Skinshape,Life & Love,Penny in a Well,spotify:track:0PNYu3A5EhO6v9FG8P8Zd5
Skinshape,Life & Love,Shyma,spotify:track:3wSQrZCJG6IalytYJfULaR
Skinshape,Life & Love,Take My Time,spotify:track:5ooWGAzXs3fU7eKHCrwZyd
Skinshape,Life & Love,The Bay,spotify:track:4x0QYD0DhErAC1sPvvPmq9
Skinshape,Life & Love,The Moment,spotify:track:7tLZg4kzSXyHpI1UufFT9R
Skinshape,Oracolo,Detroit,spotify:track:6GrOjhiG5hAcaNiugnMwHX
Skinshape,Oracolo,Left with a Gun,spotify:track:3I2ApTet8MLnGIcbL6isRu
Skinshape,Oracolo,Mandala,spotify:track:6CzeDNEqTiquePMaMUtsH2
Skinshape,Oracolo,Old Days,spotify:track:4IbOyE6i8PUcMkSzyOGRdL
Skinshape,Oracolo,Oracolo,spotify:track:0WOtHKz6IxQCYWNoMY6yiL
Skinshape,Oracolo,Rubber Gloves,spotify:track:1STYeIzhxDdEeoJScrUhHa
Skinshape,Oracolo,Summer,spotify:track:7MNTf5d8T971NWUcqhgPlH
Skinshape,Oracolo,The Man Behind the Mirror,spotify:track:2BSLJSeuFk6r576tphlV1R
Skinshape,Skinshape,Heartache,spotify:track:7y5awe21QyVQmLzeb8CbOE
Skinshape,Skinshape,Live By The Day,spotify:track:7j8NuAeZc90DVyC97xa1uP
Skinshape,Skinshape,Shangri-La,spotify:track:7KVhr2Af04da4X6VvtrcTo
Skinshape,Skinshape,Stabo,spotify:track:0GvCwDaj98Sl7FmMQckVqU
Skinshape,Skinshape,Sunday Morning,spotify:track:56YoaLyAjpj7qmGzqeHn9E
Skinshape,Skinshape,The Place Upstream,spotify:track:2cXZGMrnLev7ok20fyDR0C
Skinshape,Skinshape,You Don't Love Me,spotify:track:2clCOTSFNkdqK7RtCJGdjj
Skrillex,Rumble,Rumble,spotify:track:1GfBLbAhZUWdseuDqhocmn
Sleep D,Rebel Force,Morning Sequence,spotify:track:5MAae1AZ8sow3p6tQSOxnK
Sleepdealer,Yerba,Rolling Papers,spotify:track:7bIXxtS6oLDBNzrQpqHS62
Sleepy Bear,21,no heart,spotify:track:6PmRRnk4fxt5KqfqNkPear
Slim.,Banoffee Pies Beats 01,Stop Rewind,spotify:track:6C1sl9nmCXgW6ZKQQDZxa5
Slow Dancer,Surrender,Cornerstone,spotify:track:4b8XiJRipd7H5maV5QK6ST
Slow Dancer,Surrender,Home,spotify:track:6rAYYddoIs8ejiKWOdWZdS
Slow Dancer,Surrender,I Check My Look,spotify:track:1LDuXRPx675dNu89U9GKSy
Slow Dancer,Surrender,I Never Said,spotify:track:1inTgjaDsmYmLjKf0GzACK
Slow Dancer,Surrender,I Wish I Could Talk,spotify:track:6r3ba4wta8jGNjlvZGxlq3
Slow Dancer,Surrender,Lean into My Love,spotify:track:75xtLps21KvqFH9yYBG9O6
Slow Dancer,Surrender,Leave It to Me,spotify:track:3Tq8dO2ShYs80goKMu4yB5
Slow Dancer,Surrender,Please,spotify:track:5NfjVJWtz8U0SznXt0A8p0
Slow Dancer,Surrender,Took the Floor Out,spotify:track:6p4xUqQ6AqexCQMqXFEss7
Slow Dancer,Surrender,We All Make Mistakes,spotify:track:5izPAdMlfoJav9B14kwtYK
slowthai,Nothing Great About Britain,Nothing Great About Britain,spotify:track:6z92TbfYEbi8AUvSupUNx1
Sly Diggers,Spells,Spells,spotify:track:0T05i8MtEz6IdXhRUeXT0e
Smerz,Have fun,Bail on me,spotify:track:7rC6H41bVtOA2o20BCzRtN
Smerz,Have fun,Fitness,spotify:track:3ZakzS1Z39Ah5AV9wCSgFD
Smerz,Have fun,Girl 2,spotify:track:5Il2bXGlBUm5rGUZjZdaIb
Smerz,Have fun,Half life,spotify:track:3e21Zu4SyCPUlLBPUE1Pug
Smerz,Have fun,Have fun,spotify:track:6PqliU4HdjN2hWlf0FMIXq
Smerz,Have fun,No harm,spotify:track:17PVXulCUv4Qs9dLmibPFM
Smerz,Have fun,Oh my my,spotify:track:1shEDBwt42eebjCHN2kKp8
Smerz,Have fun,Worth It,spotify:track:0DKECuhcGCdXlX1A23uDte
Smerz,Okey,Because,spotify:track:7d2a78r2DTydqHhYJ4YsQj
Smerz,Okey,Blessed,spotify:track:0sVVnsknKWC7BgqNLqlrYQ
Smerz,Okey,Craig,spotify:track:24k0yWU1eQA7Q3pj3uHS4s
Smerz,Okey,Girl,spotify:track:7Mqg3GDmXeSOCCxwxEEa5e
Smerz,Okey,Sure,spotify:track:0PFkZhNCxRU7ClKHoPJ8l9
Smerz,Okey,Thrill,spotify:track:4Vt9p8ebapUbVBZpg3rbgl
Smerz,Okey,You See?,spotify:track:0wH7VoTq7HiqMCN6StcfDd
Smino,Luv 4 Rent,No L's,spotify:track:12CNybio0Bxean3F3uYugU
Smoke Trees,Inhale,Dutch Cheese,spotify:track:2FKAy84MummWBIMw10BcnP
Smoke Trees,Lorez,Almost Lost My Mind,spotify:track:0uIsPUml827jP5ZR4UfEAA
Smoke Trees,Redux,Redux,spotify:track:1NkMslFN0v2U88djJg1XWf
Snarky Puppy,Family Dinner - Vol. 1,Amour T'es La,spotify:track:4MIXgItmCtVLCnT4BvU5tU
Snarky Puppy,Family Dinner - Vol. 1,Deep,spotify:track:63FjsyDMefiiQuuQkDbGlg
Snarky Puppy,Family Dinner - Vol. 1,Free Your Dreams,spotify:track:6dOix5iJEObsOs9fO18QCA
Snarky Puppy,Family Dinner - Vol. 1,Gone Under,spotify:track:38pBZE7a3VpCGSjR94tiod
Snarky Puppy,Family Dinner - Vol. 1,I'm Not the One,spotify:track:48xaSyH8syGT6nirXnb1pB
Snarky Puppy,Family Dinner - Vol. 1,Something,spotify:track:2U52Hp8zYnG2kvt2de0M2L
Snarky Puppy,Family Dinner - Vol. 1,Too Hot to Last,spotify:track:4kxWoBcGogPSdm8IiGHcWK
Snarky Puppy,Family Dinner - Vol. 1,Turned Away,spotify:track:3onnBwDdCMBve7UlY9tAxy
Snarky Puppy,"Family Dinner, Vol. 2",Be Still - Live,spotify:track:6hhf7hyOPDId6ur5OA8RqL
Snarky Puppy,"Family Dinner, Vol. 2","Brother, I’m Hungry - Live",spotify:track:3Erj3joeWwhBTHp04t9xMC
Snarky Puppy,"Family Dinner, Vol. 2",Don’t You Know - Live,spotify:track:2NQ9R8EwEczDoNw6hgAG7C
Snarky Puppy,"Family Dinner, Vol. 2",Fuego Y Agua - Live,spotify:track:5NrWBdJBpzzlhj0J1GhlIT
Snarky Puppy,"Family Dinner, Vol. 2",I Asked - Live,spotify:track:3oOvnZE1l4lwwnn21HQ4lx
Snarky Puppy,"Family Dinner, Vol. 2",I Remember - Live,spotify:track:4O6OBm9cLix0s7vjQuvvnN
Snarky Puppy,"Family Dinner, Vol. 2",Liquid Love - Live,spotify:track:5zpIxmJrrffDsP1NAookRZ
Snarky Puppy,"Family Dinner, Vol. 2",Molino Molero - Live,spotify:track:2QTAOaxrzCe8PTH5uMc3qe
Snarky Puppy,"Family Dinner, Vol. 2",One Hope - Live,spotify:track:6KmtFoZJGawaClMKJaOlrJ
Snarky Puppy,"Family Dinner, Vol. 2",Shapons Vindaloo - Live,spotify:track:1zy8JMXjZFaa7ZtNfnCwhb
Snarky Puppy,"Family Dinner, Vol. 2",Sing To The Moon - Live,spotify:track:0qJRkDhTE7vTP3sy6I37ge
Snarky Puppy,"Family Dinner, Vol. 2",Somebody Home - Live,spotify:track:5QlM2K2dhKzWVT8u7Z9uLx
Snarky Puppy,"Family Dinner, Vol. 2",Soro (Afriki) - Live,spotify:track:2oEpbKLRheDB9vtySohPtH
Snazzy,Head First,Head First,spotify:track:3AXpZ34H73CssxcenQjd3Z
Sniff,Baby Blue Champion EP,Blue Sunday,spotify:track:2og3UOsk5Wv5OUfIY9J1Rg
Snips,The Barbershop,Love Jockey,spotify:track:1H6c2DGf8WTVnAA9VnEBUN
Snowy,Future Bubblers 1.0,Day of the Dead,spotify:track:44vlLAF6O6KbM612bYzJEb
SO.Crates,Mama Danced on Soul Train,Mama Danced on Soul Train,spotify:track:2lLuZFjl78tBN2ma7WYeAw
SO.Crates,Sunset Cities,Oh Baby,spotify:track:5Q040ugfgX1Ehbn5GRtvNo
Sofia Kourtesis,Studio Barnhus Volym 1,WinWin San,spotify:track:441Ieu6LpZoVVJkAljpa2u
Solomonophonic,Welcome to Chilis,Welcome to Chilis,spotify:track:7l2OYG2v3fcJ9r7K5b3tA5
Sonder,Into,Baldwin Park,spotify:track:2fadrikKAPlypHJWhvv8CM
Sonder,Into,Care,spotify:track:3tkxfORwPo2zydAf25YFOc
Sonder,Into,Feel,spotify:track:1uverlfbbG8InEPioAwB8y
Sonder,Into,Lovely,spotify:track:1c2wTe7doRRk2n1XZe0KAM
Sonder,Into,Searchin,spotify:track:2WcPWXOjoDKDVouyyWV8Eq
Sonder,Into,Sirens,spotify:track:7mWtOqfkOCbaldtK6TEoVd
Sonder,Into,Too Fast,spotify:track:0QyJXG36Q3Kta662XS8GhY
Sonder,What You Heard,What You Heard,spotify:track:3a3dQOO19moXPeTt2PomoT
SonoTWS,Street Talk,Alta Performance,spotify:track:4TmVEWjRJAgZxrjfQxCqVd
SonoTWS,Street Talk,Ato 2,spotify:track:7evNpRdP3YWvUxMTmi0PYi
SonoTWS,Street Talk,Ato 5,spotify:track:5A5aP5sxgRPa2FrmJhh981
SonoTWS,Street Talk,Cuidado,spotify:track:6LF5YN9d2GsNOAg0OkhvOt
SonoTWS,Street Talk,High,spotify:track:3X9nezJxtn0rg2YThY98i7
SonoTWS,Street Talk,Imersão,spotify:track:5rSIqPOr4YbQBMQnyM7ECN
SonoTWS,Street Talk,Lateral (Ode to T.W.S.),spotify:track:50eJmTk4buF1NTAWWRB3x5
SonoTWS,Street Talk,Latex,spotify:track:03beB2JmRMdyGHWFiigJ6F
SonoTWS,Street Talk,Lembranças,spotify:track:547RzKa5ppYvujnGpms4JF
SonoTWS,Street Talk,"No ""Mood""",spotify:track:5K9VQUQIe01X7Ay9tChtsI
SonoTWS,Street Talk,O Mundo (Mensagem),spotify:track:1zSBsJxfxUOErqC9V9qBjL
SonoTWS,Street Talk,Olhares,spotify:track:1BE7GGKKUpbyt4qZyOdugE
SonoTWS,Street Talk,Pique Esconde,spotify:track:7JPX4f7GlogLveJUwq0w0w
SonoTWS,Street Talk,Primeiro Encontro,spotify:track:3ADqL2ZeafUhIn3jfrc4Po
SonoTWS,Street Talk,S-S-Style,spotify:track:4MCTaGwnufsYnJgkymZcL9
SonoTWS,Street Talk,So'ul Dope,spotify:track:5fFi3YYZsb7OgKRyovQixX
SonoTWS,Street Talk,Tranquilidade,spotify:track:58cXpN54N2VXACNbrFQXk0
SonoTWS,Street Talk,Turn the Tape Up,spotify:track:4ouISU2R2kGTiAlv6ZlHAD
SonoTWS,Street Talk,Wha'ppen?,spotify:track:0ujXbGs0b9MNoBG2s4h7C0
SonoTWS,We Can Get Along,Alarme Falso,spotify:track:36Uqi45QO6AuXJMIICdZmm
SonoTWS,We Can Get Along,Benefícios (Mensagem),spotify:track:06il5iiSWR4SpeEyfb0iZS
SonoTWS,We Can Get Along,C-O-N-Spiracy,spotify:track:5KKpaDDbRNha0El1bI98ZW
SonoTWS,We Can Get Along,Every Single Day,spotify:track:55CyjoDKcMojugalgNGjiu
SonoTWS,We Can Get Along,Evolução,spotify:track:5MMM25CrsV9AD50P53bUFz
SonoTWS,We Can Get Along,Good Ol' Dayz (Imersão),spotify:track:6S1C96vuNLQTTqjgJLUUJt
SonoTWS,We Can Get Along,I Found You,spotify:track:1XAiyNR9GaHrhYqE6be2Tr
SonoTWS,We Can Get Along,Intuição,spotify:track:7GjLDjxQhqxpygpgyZCn3q
SonoTWS,We Can Get Along,Jundiaí Worldwide,spotify:track:46zgztEvxNrczswvvgS3yc
SonoTWS,We Can Get Along,Lethal Doses of Medicine,spotify:track:1JoWQo3U3vhmoTLnSk1UxO
SonoTWS,We Can Get Along,Lil' Baby,spotify:track:3nLEGW9ktO6i4ZTnGapyxL
SonoTWS,We Can Get Along,Mi Nah Come Alone,spotify:track:3CVm6DB5epW1tOUl8U0knL
SonoTWS,We Can Get Along,Momma,spotify:track:6cZp13cXWTMQlNLxtjFR5T
SonoTWS,We Can Get Along,Nada Pode Me Parar,spotify:track:6J2nKLevXwhSuVfCs7SsH3
SonoTWS,We Can Get Along,Never Been Thru,spotify:track:3eJjxrJoUy41Qz58fXQW99
SonoTWS,We Can Get Along,Ol' Black Magic,spotify:track:5YgtobMhl2gxDirO3lzSuI
SonoTWS,We Can Get Along,Old 45 Records,spotify:track:5YDEO96glucbkVV1t2qUGH
SonoTWS,We Can Get Along,Pé Direito,spotify:track:46xuwB7URPB6nlHJfCiTkg
SonoTWS,We Can Get Along,Snipers,spotify:track:3ocm64IaA34CGDHWeIA86l
Soulful Session,DJ-Kicks (Moodymann),Hostile Takeover - Mixed,spotify:track:1Y4PODtJoHeWvnP4npqY92
Stanislav Tolkachev,DJ-Kicks (Mount Kimbie),Blue Mood - Mixed,spotify:track:1GvuI8s5CwVzs4KGy2eW4j
Statik Selektah,The Louvre,The Louvre,spotify:track:54blTc3AnAVPehzb7u3TDs
Stella,Détends-Toi,Sentimentale,spotify:track:6HC7B4m4j4TA7wR9XGTIXh
Stella,En Retard,En Retard,spotify:track:6xZ0ml76hfytEX33aqkrIv
Stella,Patience & Respect,Patience & Respect,spotify:track:6XwlMfb7tH8yeyddR36zZR
Stereolab,Late Night Tales: Badbadnotgood,The Flower Called Nowhere,spotify:track:3xOERZr8FOMpxhMf0hGC7G
Steve Kuhn,Late Night Tales: Badbadnotgood,The Meaning of Love,spotify:track:7JThsKQRZacFinuHF6cpYH
Steve Lacy,Steve Lacy's Demo,Dark Red,spotify:track:3FkTxVBsQHrwMh3IyfKO81
Steve Lacy,Steve Lacy's Demo,Haterlovin,spotify:track:0TPdDzUFV5mAvm9PSgacnD
Steve Lacy,Steve Lacy's Demo,Looks,spotify:track:4Z9npQ93MrnIkRcTBKwSa3
Steve Lacy,Steve Lacy's Demo,Ryd,spotify:track:3I8yVFjvJoOBM9tX4ZpxEL
Steve Lacy,Steve Lacy's Demo,Some,spotify:track:3XAFrOZbJYdMaHGP4qutqs
Steve Lacy,Steve Lacy's Demo,Thangs,spotify:track:7useXLqEWfoNdRveqGoQpv
Steve Lacy,The Lo-Fis,Atomic Vomit,spotify:track:3YBfHJTZPHn5DqgMnD6g5g
Steve Spacek,Natural Sci-Fi,Carnival Nights,spotify:track:6ZQFC3yR7AF5BfzoXN8TVz
Steve Spacek,Natural Sci-Fi,Deep Inside,spotify:track:6DKgCyAtWshWchhcA7cgD5
Steve Spacek,Natural Sci-Fi,Natural Sci-Fi,spotify:track:0m8E8KNpXXgZeDKT1ldYUJ
Steve Spacek,Natural Sci-Fi,Plain Site (feat. Natalie Slade),spotify:track:4oQay1Il65DcpuMDPHhZhE
Steve Spacek,Natural Sci-Fi,Shout,spotify:track:0RsgLsIAcssM3ZagTuxlFg
Steve Spacek,Natural Sci-Fi,Take Ova (feat. Oddisee),spotify:track:78oYGAeq7mCYd6PrnXE6Td
Steve Spacek,Natural Sci-Fi,Things Outa My Head,spotify:track:1QcIk0wyQWCpY1jpT7avSy
Steve Spacek,Natural Sci-Fi,Well Well,spotify:track:7fTizLvcGtGD5bOW9ZfIwI
Steve Spacek,Space Shift,3hrs of Fun,spotify:track:1wLXVDGpbWeWl4CPy2vmJZ
Steve Spacek,Space Shift,Callin Yu,spotify:track:4ruUH6gS5eRQyerBPGu5L9
Steve Spacek,Space Shift,Days of My Life,spotify:track:6bLj5Hg8C9qJsiTlgtZsCn
Steve Spacek,Space Shift,Dollar (Let the Dollar Circulate),spotify:track:3ouXWv4oKNuLcLO8ZA7WQn
Steve Spacek,Space Shift,Hey There,spotify:track:5Vd7vxh7tOrmhDPgWGAoqO
Steve Spacek,Space Shift,Hey There (Intro),spotify:track:6QN0OEDeUu8yTctu5THs8V
Steve Spacek,Space Shift,I'm Glad,spotify:track:1gAmNZdBuRSom8njbhEcdT
Steve Spacek,Space Shift,Look Into My Eyes,spotify:track:4jlHvFQ23wUf9gPaH3Ejld
Steve Spacek,Space Shift,Love Yu Be,spotify:track:5TZu3SZX33TYxkDQGJCtSK
Steve Spacek,Space Shift,Rapid Rate,spotify:track:6TqazvKpejV2TODYNBUGcC
Steve Spacek,Space Shift,Reveribletop,spotify:track:5mwYDEQwcPC1kI0aGgpdI7
Steve Spacek,Space Shift,Slave,spotify:track:7LFrQSf4tC3dRCghrP6B1p
Steve Spacek,Space Shift,Slow B Aby Dubb,spotify:track:5BafgRrM1jxfglZPLkTxEG
Steve Spacek,Space Shift,Smoke,spotify:track:3zgN1hYMeTovMhsal10drE
Steve Spacek,Space Shift,The Hills,spotify:track:3cNfh7HLqhbVMcNiXPvtUU
Steve Spacek,Space Shift,Thursdays,spotify:track:1IsXszWjDBQ2sMaDNxw0vV
Still Corners,Dead Blue,Bad Country,spotify:track:1X4FazcfN33BghVwPtD9qX
Still Corners,Dead Blue,Crooked Fingers,spotify:track:57OkrC71iYKI2srNQcD8On
Still Corners,Dead Blue,Currents,spotify:track:22DD9WsN2yjyjePe5cKw9F
Still Corners,Dead Blue,Down with Heaven and Hell,spotify:track:6lnlhHETCtXIx1HRAaKLJh
Still Corners,Dead Blue,Downtown,spotify:track:7hhG9T0Tswywe6pqnNIMoe
Still Corners,Dead Blue,Dreamhorse,spotify:track:2NQRJwx50MtiU0wJqkV1jS
Still Corners,Dead Blue,Lost Boys,spotify:track:589JAUAeBudKvhij21YtNp
Still Corners,Dead Blue,Night Walk,spotify:track:72EB81JDebkiqFFibfu13A
Still Corners,Dead Blue,River's Edge,spotify:track:1Q9oQSqO2SHW4l22Mdgby9
Still Corners,Dead Blue,Skimming,spotify:track:0Fzq95Nb5044E8IjxGwFnG
Still Corners,Dead Blue,The Fixer,spotify:track:0niVGwFeEIj1Czg7Cuvo95
Still Corners,Slow Air,Black Lagoon,spotify:track:0wA37T62tYBAWl5lKIcOxm
Still Corners,Slow Air,Dreamlands,spotify:track:3lh39w8naplRF043ZWIcBi
Still Corners,Slow Air,Fade Out,spotify:track:0roDsA1YeKI5Ek5dMRuVEg
Still Corners,Slow Air,In the Middle of the Night,spotify:track:0dSaGWDHCmKv9UShe51ZWk
Still Corners,Slow Air,Long Goodbyes,spotify:track:5xp6g2hCJ3Chxin30bVDLV
Still Corners,Slow Air,Sad Movies,spotify:track:009G971wsvioMi84zENJax
Still Corners,Slow Air,The Message,spotify:track:3oLJlBI7OveRtPOuMe4oaM
Still Corners,Slow Air,The Photograph,spotify:track:7esgHcMNMfLNY0tAoYxH4o
Still Corners,Slow Air,Welcome to Slow Air,spotify:track:1QB5aqvBYIswy4TjEg9dzR
Still Corners,Slow Air,Whisper,spotify:track:7IxbkOyAsXNKer3fiyRBWd
Still Woozy,Cooks,Cooks,spotify:track:2T64m94VBrsEISkAYq6Cnq
Still Woozy,Goodie Bag,Goodie Bag,spotify:track:297rZsBEjFw9d0Gl3iBLnd
Still Woozy,Habit,Habit,spotify:track:1M321puDN1WBd5NF0ogOKW
Still Woozy,Lately,Foolsong,spotify:track:2iyDTStpAS9b3BOpTJKREn
Still Woozy,Lately,Habit,spotify:track:3RpxY4Ba4Led5IG0R0C7ZR
Still Woozy,Lately,Ipanema,spotify:track:6y5CTUxwSD9yM8656nqOEV
Still Woozy,Lately,Lava,spotify:track:3bCOiI9S2c3K9ay67scshE
Still Woozy,Lately,Maybe She,spotify:track:0yJRQPFhkgBMP8RyerfH8l
Still Woozy,Lava,Lava,spotify:track:5BoDFGTXZ8j5muc6Sb2jMz
Still Woozy,Lucy,Lucy,spotify:track:0nXyCNdS6fkZNP11DwGq1i
Still Woozy,Vacation,Vacation,spotify:track:4INAYJNWgPwA9RwVeM47mA
Still Woozy,Wolfcat,Wolfcat,spotify:track:0T1hQWoeHLABtNE0gpPCd0
Subculture Sage,Subculture Sage - EP,1=1=1,spotify:track:7ciaJIGCyZ8Xky1DQvZg0l
Submotion Orchestra,Alium,Awakening,spotify:track:4FULAlQuDeDlv1FidteGv0
Submotion Orchestra,Alium,Bring Back The Wolf,spotify:track:0Sj7fu8mzSZh7ThRzfBgTa
Submotion Orchestra,Alium,Chrome Units,spotify:track:1958khWddVBnmHhkswmWwv
Submotion Orchestra,Alium,City Lights,spotify:track:61sk75tBRuF5Ptx5OHUPi5
Submotion Orchestra,Alium,Life After,spotify:track:3YGgx7WWoA9tzAKqCbVi1A
Submotion Orchestra,Alium,Rust,spotify:track:1kVsGpv9y8HMrgSrKQ2lyR
Submotion Orchestra,Alium,Swan Song,spotify:track:6jaGsy2qmdkndo7YNZAhhO
Submotion Orchestra,Alium,The Hounds,spotify:track:5Lns1ruiI7J0sHOY7Sb3Jy
Submotion Orchestra,Alium,Time Will Wait,spotify:track:7iynmhwFRyjESH5cnTSLTO
Submotion Orchestra,Alium,Trust / Lust,spotify:track:0FYx8cZYRbutCWERuVHxM5
Submotion Orchestra,Alium,Victim of Order,spotify:track:6tvtUMaNg9lALsDRicw5Pw
Submotion Orchestra,Alium,Worries,spotify:track:4ABwgVPJwGkFk8AaEdXXdq
Submotion Orchestra,Colour Theory,Amira,spotify:track:6PNPx0EPLCoi5w3N0k39kv
Submotion Orchestra,Colour Theory,Ao,spotify:track:2uZjZU1YxSgCOJ7KF5kYqx
Submotion Orchestra,Colour Theory,Empty Love,spotify:track:6Yni1F3dxUpYbJ1XkklX4T
Submotion Orchestra,Colour Theory,Illusions,spotify:track:1LmQ3UimmuPl4eIMMNq8jk
Submotion Orchestra,Colour Theory,In Gold,spotify:track:5sle9dYxQwEyIOoS4mfe0O
Submotion Orchestra,Colour Theory,Jaffa,spotify:track:5mwIyzQM2ngA9CwQAixpS0
Submotion Orchestra,Colour Theory,Kimono,spotify:track:5BWBKCfklyNcgFeviBnMvO
Submotion Orchestra,Colour Theory,More Than This,spotify:track:5cpZtkTP6WxJWA4MnybYxA
Submotion Orchestra,Colour Theory,Needs,spotify:track:7IEUE6XnwTosZRlEnWWRV6
Submotion Orchestra,Colour Theory,Red Dress,spotify:track:0Je3mUpyJNTlce1LiByDAh
Submotion Orchestra,Kites,Alone,spotify:track:3SnEjAmp7CHekxKIgjx2sE
Submotion Orchestra,Kites,Branches,spotify:track:02hUUc8qUp3Tfj94g2d1mY
Submotion Orchestra,Kites,Bridge,spotify:track:3SgfAeptXcMm0EthhLhd5A
Submotion Orchestra,Kites,Kites,spotify:track:3rsJAgNR56ozR3Ma6lZXfF
Submotion Orchestra,Kites,Night,spotify:track:4f46169MTqfuV4wWKypa0u
Submotion Orchestra,Kites,Own,spotify:track:36S4h2Q6fUJmiDMvCpLl1q
Submotion Orchestra,Kites,Prism,spotify:track:0BcJDkKwvYWk5elqehJdWJ
Submotion Orchestra,Kites,Tunnel,spotify:track:6XG8SOmwPg8hMYlTkVDdWs
Submotion Orchestra,Kites,Variations,spotify:track:3qzxORCDY3UpbvT7p7WYIE
Submotion Orchestra,Kites,Youth,spotify:track:49sNPeOlhrJHdfTYP7fNZS
Sudan Archives,Sink,Beautiful Mistake,spotify:track:1d6cWjtwh1L9ZEwkEtVVFE
Sudan Archives,Sink,Escape,spotify:track:1gC6SzIgqKz8mF4fSYCF9H
Sudan Archives,Sink,Mind Control,spotify:track:16GBUvLUWZfpHZ3cnRMdWd
Sudan Archives,Sink,Nont For Sale,spotify:track:4jdbP4Ue4QtGy5A40ri5F8
Sudan Archives,Sink,Pay Attention,spotify:track:0pe1pho41wF46zISaUoAFq
Sudan Archives,Sink,Sink,spotify:track:0bDp9awbKapnNKwSdfpzU8
Sudan Archives,Sudan Archives,Come Meh Way,spotify:track:4wUkSzBjXOPCxH0RCG2GaE
Sudan Archives,Sudan Archives,Goldencity,spotify:track:7348pllYwBnf3R5bR2xYFx
Sudan Archives,Sudan Archives,Oatmeal,spotify:track:24uuDkIjZdkaoFqAy4IJbP
Sudan Archives,Sudan Archives,Paid,spotify:track:1udzr9VusOPfwgKafy10SG
Sudan Archives,Sudan Archives,Time,spotify:track:4tPrKD6E2bLVULM6W8Hzfs
Sudan Archives,Sudan Archives,Wake Up,spotify:track:69Nj18qPci2bU8X5HPr2ve
Sukha,Small Talk,The Tune That We Play,spotify:track:3iSlP1w3KI5ZZYf5I16BMf
Summer Walker,CLEAR 2: SOFT LIFE EP,"To Summer, From Cole - Audio Hug",spotify:track:2f86Ae3R4OKAu1lEIqouih
Sumo,Hokori,Hokori,spotify:track:2JQznH6RUVVfKrVw6Py2O7
sunflwr,porco rosso,porco rosso,spotify:track:5lwjdvgblpKI77ferBvdNl
Superpitcher,Studio Barnhus Volym 1,La La La Land,spotify:track:1Zsa4OA3ZADDFNRPmmctya
Surprise Chef,All News Is Good News,All News Is Good News,spotify:track:5gvukkql7sLQI7nDjBOCXA
Swarvy,Anti-Anxiety,All Ways,spotify:track:4UqOSodjNX6k7RWNjdg72g
Swarvy,Anti-Anxiety,Anti-Anxiety,spotify:track:15HnUWUzxTUeBqDmt35fz7
Swarvy,Anti-Anxiety,Best Plan,spotify:track:1RVw3spQyiJBauDtXSFBJX
Swarvy,Anti-Anxiety,Birth,spotify:track:2wuVvat3J2atb2kPhfDT2v
Swarvy,Anti-Anxiety,Brotherhood,spotify:track:3Uvoa25VyGu2FdglE8tbbc
Swarvy,Anti-Anxiety,Crocodiles,spotify:track:2CJy1CUy4KOrj5QbxGDgmS
Swarvy,Anti-Anxiety,Do What I Do,spotify:track:0l2C0VwvBKDWk2EeDWavod
Swarvy,Anti-Anxiety,Jonah on Keys,spotify:track:4wUa5DqWyJnrSfBKq3HBeb
Swarvy,Anti-Anxiety,Lesson With Julian,spotify:track:6WSzThxiXZKcaHqPlRuQZF
Swarvy,Anti-Anxiety,Melrose,spotify:track:2wzJRGEijlDUDVL0CKfmao
Swarvy,Anti-Anxiety,No Evils,spotify:track:45jZTFExywhK7At6tVPpdo
Swarvy,Anti-Anxiety,Overdose,spotify:track:1g9WEZHf1H3vzqyo8mrzhX
Swarvy,Anti-Anxiety,Peppermint Tea,spotify:track:7uC8gItCAnGccZcoeHtMx0
Swarvy,Anti-Anxiety,Pocus,spotify:track:6KtbbFu2bCMW9aUxg8W3iW
Swarvy,Anti-Anxiety,Savage,spotify:track:0xjuwMvtPXyPrAmKGfnSx7
Swarvy,Anti-Anxiety,Think & Say (More to Life) [feat. The Koreatown Oddity],spotify:track:6LrDRxSydULmN312ir3Vwo
Swarvy,Anti-Anxiety,Walk Wit Me,spotify:track:696wZgzOoywBqflpJup3a3
Swarvy,Anti-Anxiety,Wurk,spotify:track:5mJz4egMX7Cr40FFCJMZ5m
Swarvy,Bop,Ahoy,spotify:track:0had4BCTxTIi9FkZ7hD2i7
Swarvy,Bop,Astrognats,spotify:track:15ZgFpgUFUMZpdqYxOLN3L
Swarvy,Bop,Bop,spotify:track:2rfzbDXxOWeABV5cKMcwOJ
Swarvy,Bop,Circles,spotify:track:4YD7k43pY8yBJuoNLjuRR4
Swarvy,Bop,Iiicccccyyyymmiiiinnnttt,spotify:track:73wdsvWmlrXwDaVyASMOXf
Swarvy,Bop,Krunchrap,spotify:track:48wqs4QNoRNFDkgdSe4hL3
Swarvy,Bop,Marzbow,spotify:track:1A2niXZRqz1TngoDTtqvlP
Swarvy,Bop,Scrapplefromtheapple,spotify:track:0VRyS1vaWiCk07JBLjeYcl
Swarvy,Bop,Wait4me,spotify:track:1zr3K0lfLpeJhvTPUSBDxR
Swarvy,Bop,Well,spotify:track:7KSJleJpVhiJUXCM5m28dP
Sweet & Innocent,Late Night Tales: Floating Points,Express Your Love,spotify:track:4h7hUS7OdEbF8vSsNzi9jw
Sweet Whirl,Sweetness Remixes,Sweetness - Dub Mix by Andras,spotify:track:6h5SiRf0aOLRql4UGopHOu
Syf of Talking Knots,Midnight Streetlight,Midnight Streetlight,spotify:track:49PucqvmlnnOWY2KQ8KZO9
System Olympia,DJ-Kicks (Mount Kimbie),Night Rise - Mixed,spotify:track:6cgwc7aSbF5TydkKVQ8pQ9
SZA,Z,Babylon (feat. Kendrick Lamar),spotify:track:6Aj2H0Z0v0JgnSfPEwCgW0
SZA,Z,Childs Play (feat. Chance the Rapper),spotify:track:7GPstnufSTScEaw9dMxO9H
SZA,Z,Green Mile,spotify:track:0FclB23LoCgzu0jm9VOPuq
SZA,Z,HiiiJack,spotify:track:4N0VFSI2wJu2NzwUuI0sMz
SZA,Z,Julia,spotify:track:3oUSdLtRYOSvXcLMrHctv7
SZA,Z,Omega,spotify:track:2EToRpTwkuy7B0Hi74g7jF
SZA,Z,Shattered Ring,spotify:track:3fdqtnqZ7Zax6CIeQWZWN6
SZA,Z,Sweet November,spotify:track:7swGurTfZlwx7mTOE8PpIc
SZA,Z,Ur,spotify:track:7sg9ToL94GAiksETi5GZGz
SZA,Z,Warm Winds (feat. Isaiah Rashad),spotify:track:0Kz9aGVgFvndWkcaiylIt5
Ta-ku,25 Nights for Nujabes,Night 1,spotify:track:39kdh6z0m3UNDfBqLLiXcz
Ta-ku,25 Nights for Nujabes,Night 10,spotify:track:6MfsBjM12i4mVo7EjiX5l8
Ta-ku,25 Nights for Nujabes,Night 11,spotify:track:00CzCX4yjusYYcTjl5gTIe
Ta-ku,25 Nights for Nujabes,Night 12,spotify:track:3YeaaYQuyLWAghtem5lLRM
Ta-ku,25 Nights for Nujabes,Night 13,spotify:track:6HC13GE597hRpzbWDOHMIH
Ta-ku,25 Nights for Nujabes,Night 14,spotify:track:2arkLzrC9yBnrextWro4IH
Ta-ku,25 Nights for Nujabes,Night 15,spotify:track:17VQGTyYyCgzDPopz2V0Jw
Ta-ku,25 Nights for Nujabes,Night 16,spotify:track:0MXo4kZ6Ierxf9ceGEd2EG
Ta-ku,25 Nights for Nujabes,Night 17,spotify:track:1d4wRvTWPtbwv9YTfEML0I
Ta-ku,25 Nights for Nujabes,Night 18,spotify:track:4CfeccAhxOClTvaozNMNL6
Ta-ku,25 Nights for Nujabes,Night 19,spotify:track:6kD8kkD2Nk1oDgT0QnGtHO
Ta-ku,25 Nights for Nujabes,Night 2,spotify:track:7Gp7WgmEjhCjVHHSK8XgsB
Ta-ku,25 Nights for Nujabes,Night 20,spotify:track:4BzlUlamjY4Oj8TwY86CKK
Ta-ku,25 Nights for Nujabes,Night 21,spotify:track:2UHw88Mf8ACrpHrlZ7TSev
Ta-ku,25 Nights for Nujabes,Night 22,spotify:track:0JP2rRgs9H9pKJ4L2gvYnK
Ta-ku,25 Nights for Nujabes,Night 23,spotify:track:2OSte0sbfIwPcb7s4xr73C
Ta-ku,25 Nights for Nujabes,Night 24,spotify:track:0UTchVQFh2N3ZM5fU879uF
Ta-ku,25 Nights for Nujabes,Night 25,spotify:track:30O3P9A73FRZeH6GQhtQHO
Ta-ku,25 Nights for Nujabes,Night 26,spotify:track:2ezkmhRh0gUODlsrDer86N
Ta-ku,25 Nights for Nujabes,Night 27,spotify:track:6XwgdV5ZIIjDPlzsM7AxSw
Ta-ku,25 Nights for Nujabes,Night 3,spotify:track:0VwP733hQaRWyDP8cLBYmw
Ta-ku,25 Nights for Nujabes,Night 4,spotify:track:5sXUYaIMDcPoFr2fjhpU8T
Ta-ku,25 Nights for Nujabes,Night 5,spotify:track:5iTwp0tcMndqhubf9ibcb9
Ta-ku,25 Nights for Nujabes,Night 6,spotify:track:7xToPlwGhDoqXzw2AFQZ5A
Ta-ku,25 Nights for Nujabes,Night 7,spotify:track:3K02vweDZcFR07QRTRH6X8
Ta-ku,25 Nights for Nujabes,Night 8,spotify:track:09srZlYnElPxXMQeXr48Re
Ta-ku,25 Nights for Nujabes,Night 9,spotify:track:48tT1VZRYPkww05kGMsNXZ
Ta-ku,Somehow / Remember Me,Remember Me,spotify:track:2weQXKgUMh3OKNvrQJijyz
Ta-ku,Songs To Break Up To,Beggining To End,spotify:track:7FTFA2Y5MlgsGr36yGDpcw
Ta-ku,Songs To Break Up To,Descent,spotify:track:2Fe8Pi36413p5Yd5TuX4fm
Ta-ku,Songs To Break Up To,Healing (Hope You're Well),spotify:track:48mD0OFVWQiDo54bX0YA4t
Ta-ku,Songs To Break Up To,Heartbreak (Sinking),spotify:track:3RaYncwABg61AJxIeMeDlN
Ta-ku,Songs To Break Up To,I Miss You,spotify:track:6vH04Px7McSiuNa8KQzLI7
Ta-ku,Songs To Break Up To,I Miss You More,spotify:track:53Ao763Y802ExFU0gSsKlt
Ta-ku,Songs To Break Up To,Love Lost,spotify:track:4328o3xPutgqJWThNCTOY1
Ta-ku,Songs To Break Up To,Moving On,spotify:track:1NkY2IZmbrGwL0Vjr2Ht2S
Ta-ku,Songs To Break Up To,Wasted Time,spotify:track:1LPs57bbj8IMC7hxUylJDL
Ta-ku,Songs To Break Up To,We Were In Love,spotify:track:3rN4J0JtgwHs6KFI6JmOCz
Ta-ku,Songs to Make Up To,Down For You - Bonus Track,spotify:track:7dpnUxFMpQVGkxrCGU6UKk
Ta-ku,Songs to Make Up To,Fall4You,spotify:track:5hibAtyYeXB2MLMCaUesy5
Ta-ku,Songs to Make Up To,Hopeful,spotify:track:5n0KgAPW4nrIyeXuteHLAm
Ta-ku,Songs to Make Up To,Long Time No See,spotify:track:1cRvVNR1Vf0MAeLn8i9J1D
Ta-ku,Songs to Make Up To,Love Again,spotify:track:6BqQQ7iTismRYD8e7ctSO1
Ta-ku,Songs to Make Up To,Sunrise / Beautiful,spotify:track:5JzEQQPIISS10oqALGdEgF
Ta-ku,Songs to Make Up To,Trust Me,spotify:track:6pINWFTGxQS25nLy96cAQB
Ta-ku,Songs to Make Up To,Work In Progress,spotify:track:6Oc7sTKy7CPSORcAOLqago
Tai Verdes,how deep?,how deep?,spotify:track:0VcWp30A3hSJrPjdDEHeNE
Takuya Kuroda,Rising Son,Afro Blues,spotify:track:3GeUdjzlFWuskM2SVUaQsL
Takuya Kuroda,Rising Son,Call,spotify:track:1fL5jNg8J1AYRzlnaDuRXv
Takuya Kuroda,Rising Son,Everybody Loves The Sunshine,spotify:track:4F17fOFNxTHhNk6fXq46w6
Takuya Kuroda,Rising Son,Green And Gold,spotify:track:3Lz7F78L8bmAftMGkwoGCh
Takuya Kuroda,Rising Son,Mala,spotify:track:7l6IS8LPoEUKagJHDRWMga
Takuya Kuroda,Rising Son,Piri Piri,spotify:track:736e9G8Um3cpWXPenf4A4M
Takuya Kuroda,Rising Son,Rising Son,spotify:track:3qGcqL1TIpj6QujrDRWx2F
Takuya Kuroda,Rising Son,"Sometime, Somewhere, Somehow",spotify:track:2jpuYPmJv3wirKnTZ2zvRY
Takuya Kuroda,Zigzagger,Actors,spotify:track:3zaHGwUaQYLeAPguB5JV4b
Takuya Kuroda,Zigzagger,Do They Know,spotify:track:2NCeLPkYWfWRQjpVxllMst
Takuya Kuroda,Zigzagger,Good Day Bad Habit,spotify:track:7sfi0OU67eU9XJlXWS6YQ3
Takuya Kuroda,Zigzagger,I Don’t Remember How It Began,spotify:track:2daCG9LnYspg4alkhABarA
Takuya Kuroda,Zigzagger,Little Words,spotify:track:19B5gbQEwy1qFePV9q6bDT
Takuya Kuroda,Zigzagger,No Sign,spotify:track:2dpdvr8GRgalQjCl7MPfj4
Takuya Kuroda,Zigzagger,R.S.B.D,spotify:track:6uFU428HiHkzvmutfifIGY
Takuya Kuroda,Zigzagger,Think Twice,spotify:track:7l3TybR7eX89cj8WL55hvJ
Takuya Kuroda,Zigzagger,Thirteen,spotify:track:2KX365I5UGOECrlXUrxYL1
Takuya Kuroda,Zigzagger,Zigzagger,spotify:track:59mO0z3XsMmdIWBA8WHTKP
Talaboman,The Night Land,Brutal Chugga-Chugga,spotify:track:7KPnni00UBmgYFKtLjFsct
Talaboman,The Night Land,Dins el Llit,spotify:track:5L3cs0U6c8KIoQvzZrlnS0
Talaboman,The Night Land,Loser's Hymn,spotify:track:4qGD7uaQhKDes1s4bK6TAK
Talaboman,The Night Land,Midnattssol,spotify:track:18SmWGssN8tY9DJ94Cpoqa
Talaboman,The Night Land,Safe Changes,spotify:track:1GyyDYEbB0QxwDJuCTArGL
Talaboman,The Night Land,Samsa,spotify:track:4pRS6zABz7HUe1qXUUGlKd
Talaboman,The Night Land,Six Million Ways,spotify:track:5Gk4hJlJ6kQQaaCqqjuxUv
Talaboman,The Night Land,The Ghosts Hood,spotify:track:0rBmoDjr2yVe47Vt3PEJEQ
Talc,DJ-Kicks (Moodymann),Robot's Return (Modern Sleepover Part 2) [Moodymann Edit] - Mixed,spotify:track:4OKIp1UQ05jPalTuS47wRs
Talking Heads,Speaking in Tongues,This Must Be the Place (Naive Melody) - 2005 Remaster,spotify:track:6aBUnkXuCEQQHAlTokv9or
Talos,Dissonance,"420,000 MPH",spotify:track:27eb6Cvl0lueBa5bXMnJFR
Talos,Dissonance,A New Age - Skit,spotify:track:66ImZ2SN2CiDPtJ5j7r38a
Talos,Dissonance,Atomic War,spotify:track:1t5x7qS7jIPIipJC3Sff4j
Talos,Dissonance,Death 4 All Humans - Skit,spotify:track:2K7iObdaivMIgYy0XRjttI
Talos,Dissonance,Here He Comes - Skit,spotify:track:5meHSvSZDi4DfhxOJ8OwbB
Talos,Dissonance,Jazz Piano Brainwash,spotify:track:4ih8FEoGGXBsRv6tFXKT4G
Talos,Dissonance,Lost the Way,spotify:track:3ZLz6n96Xt31PXAtLvud2F
Talos,Dissonance,Man Has Failed - Skit,spotify:track:6ixQLlS5dyQUVzspDQwgV9
Talos,Dissonance,"Man Needs Love, Pt. 1",spotify:track:0iNWpLn0CmX5X19vEoPw9x
Talos,Dissonance,"Man Needs Love, Pt. 2",spotify:track:14wTyWjejNhOIDfNrFU6eQ
Talos,Dissonance,Mother Earth - Outro,spotify:track:5pRz0TuMVSSOxEYbVRF6k2
Talos,Dissonance,Peace,spotify:track:1jE0EFWz9pKb7z8kWFHlSu
Talos,Dissonance,Secrets of the Universe,spotify:track:5gMThjZZFjtfaQ70zo6Y4w
Talos,Dissonance,Sour Dough,spotify:track:2ye2SdOLwBIBgUF1eUfr2Z
Talos,Dissonance,Talos Enters,spotify:track:64tMutkizIzkolIZDXVBcG
Talos,Dissonance,Times Is Rough,spotify:track:5ajTqdjs94RC1VIWBsVlVl
Talos,Iridescent,Bubble Intro,spotify:track:4A5zJ06D9ECVCorjZu9wPv
Talos,Iridescent,Deepest Blue,spotify:track:0IXayfs9llJBcikcr5NVer
Talos,Iridescent,Mamma,spotify:track:2XvOSzs5ffCLRyM0Lfvppi
Talos,Iridescent,Poly Chrome,spotify:track:0EzVKmVnHqz8IYTE9j9CYr
Talos,Iridescent,Wait for You,spotify:track:08N1SKhojfi4o59I4kVxjO
Talos,Lowlight,Blue Moon Freestyle,spotify:track:3PkuwmaeewiGoW2Zk4fZCy
Talos,Lowlight,Intro,spotify:track:5uWL0Ilw9YWkBZo40JWqQ2
Talos,Lowlight,Lowlight Jazz,spotify:track:30RV3PSutagDPzamoNF210
Talos,Lowlight,Oh Girl,spotify:track:7fdhjLMlLnUHSvnagz9RZW
Talos,Lowlight,Slow Traffic,spotify:track:4lkE4WyplnJ9bXhdnVr7Rw
Tame Impala,It Might Be Time,It Might Be Time,spotify:track:2P0NiuAfypaw5UZJoo0n0o
Taylor McFerrin,Early Riser,4 am,spotify:track:39xupGK479FwHuiEClPFCo
Taylor McFerrin,Early Riser,Already There,spotify:track:3gvyPbItfdZP6LMPHl48Ns
Taylor McFerrin,Early Riser,Blind Aesthetics,spotify:track:6N4zkYO8Y1HSVDbul0u4gl
Taylor McFerrin,Early Riser,Decisions,spotify:track:6moHGusnsgfjUJ8qJFwmif
Taylor McFerrin,Early Riser,Degrees of Light,spotify:track:4WZJ5W4gZJXvlqgliLkPCn
Taylor McFerrin,Early Riser,Florasia,spotify:track:7MGUungK2HkHxCC2tWUKf9
Taylor McFerrin,Early Riser,Invisible/Visible,spotify:track:3KNTEXJV9rVImpm7ae7ceQ
Taylor McFerrin,Early Riser,Place in My Heart,spotify:track:4SihjeY1e50wamqdL5Et8j
Taylor McFerrin,Early Riser,PLS DNT LSTN,spotify:track:1AgEV1BpYV6Sn9PjVvIlf8
Taylor McFerrin,Early Riser,Postpartum,spotify:track:0gB69lWe69rN5RuYgeibyl
Taylor McFerrin,Early Riser,Stepps,spotify:track:5J8EgRQB6CxnzQB9FqYdvT
Taylor McFerrin,Early Riser,The Antidote,spotify:track:4Zd0w81zUn8ZrGthaSc77l
Taz & Meeks,DJ-Kicks (Mount Kimbie),Obviously - Mixed,spotify:track:5IjPBlUK1vEXhwX8dkUYCe
The Abstract Eye,DJ-Kicks (Mount Kimbie),Nobody Else Part 2 - Mixed,spotify:track:0q5OXaj5pettQBSj9Hm30e
The Alchemist,"A Doctor, Painter & An Alchemist Walk Into A Bar",The Equation (Do Experiment),spotify:track:21RkOqQ4uzU6EXuvp2eBs8
The Astors,The Spirit Of Memphis (1962-1976),Candy,spotify:track:3sZTxzS0JOH0V8vHkQk7V4
The Black Keys,Attack & Release,All You Ever Wanted,spotify:track:2IsknM5KEbdD04VTh15z1v
The Black Keys,Attack & Release,I Got Mine,spotify:track:48q5DlVN1iIwZyKmpVbNCV
The Black Keys,Attack & Release,Lies,spotify:track:0FEto6h63P3ASuXbrEZnZx
The Black Keys,Attack & Release,Oceans And Streams,spotify:track:6audOI2JuPRYvu8WQZd0Gn
The Black Keys,Attack & Release,Psychotic Girl,spotify:track:6vNoQqgYLNDduBcCWmimoy
The Black Keys,Attack & Release,Remember When (Side A),spotify:track:1LajExL3KWq7TafhwVc5D2
The Black Keys,Attack & Release,Remember When (Side B),spotify:track:1yIYsVXP82VZrXyODjnEq5
The Black Keys,Attack & Release,Same Old Thing,spotify:track:7ndfiRuZ2YuzMUyyc4vF0k
The Black Keys,Attack & Release,So He Won't Break,spotify:track:1WjHVD1rYfX51vP6heaJl3
The Black Keys,Attack & Release,Strange Times,spotify:track:5JwgFMhdswkDRAWdxO09o2
The Black Keys,Attack & Release,Things Ain't Like They Used to Be,spotify:track:6SxRcbvoa4RuEFiNRbypzD
The Black Keys,Brothers,Black Mud,spotify:track:2kAWNaSO8LjDydclXCojm9
The Black Keys,Brothers,Everlasting Light,spotify:track:3OYPskZPKnOcHZ9fUDwmCK
The Black Keys,Brothers,Everlasting Light - Live,spotify:track:2h1xWFqdvf9t5VaF25WW60
The Black Keys,Brothers,Howlin' For You,spotify:track:5jdvRj8zXHJ7XpKsBKT9CZ
The Black Keys,Brothers,Howlin' For You - Live,spotify:track:7aTt1NuTHTGxgr16CKIH0U
The Black Keys,Brothers,I'm Not The One,spotify:track:3Gmt6Ki1tySCY6sXvmnR1Z
The Black Keys,Brothers,Never Gonna Give You Up,spotify:track:5u4mqaGJWyooZZVtM3ryJx
The Black Keys,Brothers,Next Girl,spotify:track:2vBcPIfazGFDLv760M2AwD
The Black Keys,Brothers,Next Girl - Live,spotify:track:2O2dFo5plgyCdHp8uMJ7HC
The Black Keys,Brothers,She's Long Gone,spotify:track:096rnp428bZTuaiKcl7bHM
The Black Keys,Brothers,She's Long Gone - Live,spotify:track:4TEawP9yrhjvTC9vt4PtMe
The Black Keys,Brothers,Sinister Kid,spotify:track:1XOPuXMpoo2gQ3LNRr4IJq
The Black Keys,Brothers,Ten Cent Pistol,spotify:track:3gRi1obTmuDJDEfywBRTEn
The Black Keys,Brothers,The Go Getter,spotify:track:0sboN30iAT68TVUCTYADOY
The Black Keys,Brothers,The Only One,spotify:track:75yuaBhIpQYjP8crotUN2f
The Black Keys,Brothers,These Days,spotify:track:6LuNcoKpjCaKSTlnXwEHTx
The Black Keys,Brothers,Tighten Up,spotify:track:3smAYCIyUKT0uiw4HMpIJl
The Black Keys,Brothers,Tighten Up - Live,spotify:track:3G1YUxu7dXHEBKgaNT79iR
The Black Keys,Brothers,Too Afraid To Love,spotify:track:6qCCa5sbw39PdEU5GXixnb
The Black Keys,Brothers,Too Afraid To Love - Live,spotify:track:1fIBaNDmmaF66BWdOnlu9m
The Black Keys,Brothers,Unknown Brother,spotify:track:4nscYMFkwTDPcR0zCY30O0
The Black Keys,Chulahoma,Have Mercy on Me,spotify:track:5l4K6OAwpIUlAsItJoZwYr
The Black Keys,Chulahoma,Junior's Instrumental,spotify:track:7qmt6BYhLlSEe8jshbQ3gX
The Black Keys,Chulahoma,Junior's Widow,spotify:track:2Zj6bed3cPCJ1w5xSHQvEq
The Black Keys,Chulahoma,Keep Your Hands off Her,spotify:track:13MmPbjOg6fLI98TWEfm87
The Black Keys,Chulahoma,Meet Me in the City,spotify:track:0vblqF5R4FyCAVBasjLGdu
The Black Keys,Chulahoma,My Mind Is Ramblin,spotify:track:56Pc2hxq8ahbmJ1vyKZ27b
The Black Keys,Chulahoma,Nobody but You,spotify:track:3VnyycwU7hxH4C0KGQdy8x
The Black Keys,Chulahoma,Work Me,spotify:track:4S31xqzm7uNjjd0JCdaAGj
The Black Keys,El Camino,Dead and Gone,spotify:track:3UD4sghkq8dHUwvKxln1nB
The Black Keys,El Camino,Gold on the Ceiling,spotify:track:5lN1EH25gdiqT1SFALMAq1
The Black Keys,El Camino,Hell of a Season,spotify:track:2ONpXycQzFmWiutUm7vpIC
The Black Keys,El Camino,Little Black Submarines,spotify:track:1PXsUXSM3LF2XNSkmIldPb
The Black Keys,El Camino,Lonely Boy,spotify:track:5G1sTBGbZT5o4PNRc75RKI
The Black Keys,El Camino,Mind Eraser,spotify:track:0hzBN7DGgtjBsTyZwTTKRS
The Black Keys,El Camino,Money Maker,spotify:track:1S8PKtVKvJWwOwfQpQxzWV
The Black Keys,El Camino,Nova Baby,spotify:track:5S7kFUo496CoItemffWQb9
The Black Keys,El Camino,Run Right Back,spotify:track:5HgAZuHFAU5qLLMYuIQkgq
The Black Keys,El Camino,Sister,spotify:track:5LCuFER5mMzL0fGNpClksf
The Black Keys,El Camino,Stop Stop,spotify:track:6DnfupwdspmFT2PYRjFH2F
The Black Keys,Magic Potion,Black Door,spotify:track:4fyL1uR959yMBpbELiSGMx
The Black Keys,Magic Potion,Elevator,spotify:track:5QHhVY1d07y7nszbAz5epN
The Black Keys,Magic Potion,Give Your Heart Away,spotify:track:41jk8uPjiWzmCaCBLbAdRD
The Black Keys,Magic Potion,Goodbye Babylon,spotify:track:1I544ImVWSIpAYvv6h0T4t
The Black Keys,Magic Potion,Just A Little Heat,spotify:track:44pZdZARgjdTfQoJSJAhy3
The Black Keys,Magic Potion,Just Got To Be,spotify:track:4oC8pe581whBsRuxhGsKSQ
The Black Keys,Magic Potion,Modern Times,spotify:track:3EKqkuh4SCxiKloSEzB39S
The Black Keys,Magic Potion,Strange Desire,spotify:track:4Om9Vk8RZCB6keJ4SnnZUK
The Black Keys,Magic Potion,The Flame,spotify:track:6BWSHoC1tIjxWfe5fFgPvn
The Black Keys,Magic Potion,You're The One,spotify:track:3xWwW57df8YChQMfpBNztO
The Black Keys,Magic Potion,Your Touch,spotify:track:2da8FOvIwjhwhQR40XLzK5
The Black Keys,Turn Blue,10 Lovers,spotify:track:5HPnumlogzZtpLEaORZjz1
The Black Keys,Turn Blue,Bullet in the Brain,spotify:track:2gxnODNtIvc2qdlEVuV1iR
The Black Keys,Turn Blue,Fever,spotify:track:3Hx7RXqCS7Kzjy2ot2q1Gk
The Black Keys,Turn Blue,Gotta Get Away,spotify:track:0zo4T5c5VV42554ySEc5J6
The Black Keys,Turn Blue,In Our Prime,spotify:track:3OpoDVx3Ct42RM68Bvffvy
The Black Keys,Turn Blue,In Time,spotify:track:39e1gl7VaxuCev5ga7bvNq
The Black Keys,Turn Blue,It's Up to You Now,spotify:track:4pdxEaljHc3pyiGAipOK2z
The Black Keys,Turn Blue,Turn Blue,spotify:track:1pwWrPxonLIE12WWu9NzgU
The Black Keys,Turn Blue,Waiting on Words,spotify:track:7ctca1Hz43SyMcI4qUrpY7
The Black Keys,Turn Blue,Weight of Love,spotify:track:3xMQOd1C3TXsjQ3pmzOmkC
The Black Keys,Turn Blue,Year in Review,spotify:track:0MV8NQXGDMR0EKX314JlN9
The Blaze,JUNGLE,EYES,spotify:track:0VWfG35i4baw8AbN9hvYpS
The Charmels,The Spirit Of Memphis (1962-1976),As Long As I've Got You,spotify:track:5PRoPsohiMrQlgMTZ4eS3A
The Defaulters,Late Night Tales: Floating Points,Gentle Man,spotify:track:5XKDWG2QGetuTbHU2Sp42Z
The Deli,Vibes 2,5:32pm,spotify:track:7qrBYrivpvfXUPBMmqh3dA
The Dutch Benglos,"Straight from the Decks, Vol. 2 (Guts Finest Selection from His Famous DJ Sets)",Shabi-Bi-Di-Do,spotify:track:689huiGtmrIQa42NKjcoks
The Emotions,The Spirit Of Memphis (1962-1976),Show Me How,spotify:track:3C5mCrJafnWH46ytTqgmmc
The Future Sound Of London,Teachings From The Electronic Brain,Papua New Guinea,spotify:track:5mYhHLEHo1WFLUKaFYZsrX
The Groove Robbers,Reconstructed : The Best Of DJ Shadow,Hardcore Hiphop - Instrumental,spotify:track:6ZCJ3uXkQattxZQ0sS2NEn
The Herbaliser,Remedies,Forty Winks,spotify:track:4Njx6x89zmlZeWchZzQaOR
The Human Experience,I Like You,I Like You,spotify:track:6M3p3ajgCPeFsYzxsdurrm
The Internet,Ego Death,For the World (feat. James Fauntleroy),spotify:track:2wknuokNRAnUPoNmYe0shu
The Internet,Ego Death,Gabby (feat. Janelle Monáe),spotify:track:5xok0LRntz8qY9ljEwPV9L
The Internet,Ego Death,Get Away,spotify:track:10SUWedx0zohs8M3OJpnA7
The Internet,Ego Death,Girl (feat. KAYTRANADA),spotify:track:3PFaFVWq5wucLu6s4baj9D
The Internet,Ego Death,Go with It (feat. VIC MENSA),spotify:track:5cpB6MXX1RmdVHnTLcKtHC
The Internet,Ego Death,Just Sayin/I Tried,spotify:track:2F4JaV4P4zajoAiUkHD36b
The Internet,Ego Death,"Palace/Curse (feat. Tyler, The Creator & Steve Lacy)",spotify:track:300DUx4tdtCdGEUXR032jA
The Internet,Ego Death,Partners in Crime Part Three,spotify:track:2Gltp7RUlcuErncUmyEFvI
The Internet,Ego Death,Penthouse Cloud,spotify:track:1x0OUPKa4Rcj1jCoLI66bZ
The Internet,Ego Death,Somthing's Missing,spotify:track:0fScVCIlDvKJYB550Fp8rM
The Internet,Ego Death,Special Affair,spotify:track:3NWTRZ0A8xKlBP1qgNftql
The Internet,Ego Death,Under Control,spotify:track:2kBHv0gFA2iheTUXmPB9e1
The Internet,Hive Mind,Beat Goes On,spotify:track:1q1Uk6aQvyjavCsnTb5lFH
The Internet,Hive Mind,Bravo,spotify:track:03s6mrEsdLO38EwPOZ6keH
The Internet,Hive Mind,Come Over,spotify:track:2hPNuVVSV1tqiD2uPlfehz
The Internet,Hive Mind,Come Together,spotify:track:1l32mo5oW5oIRRjNnVJBNR
The Internet,Hive Mind,Hold On,spotify:track:5tqZJUHEuqdN12RZVq2l9p
The Internet,Hive Mind,It Gets Better (With Time),spotify:track:7bKxc7UstlRxOtNBvLjGSs
The Internet,Hive Mind,La Di Da,spotify:track:5IIq5uEYpUZoSjTEjqn7q1
The Internet,Hive Mind,Look What U Started,spotify:track:0sSNa2XDu7dxbnjK0lKnDH
The Internet,Hive Mind,Mood,spotify:track:5biM2vzWFcYOVFcsrYK2wA
The Internet,Hive Mind,Next Time / Humble Pie,spotify:track:18q3Snk21t9JruunyQ9xNT
The Internet,Hive Mind,Roll (Burbank Funk),spotify:track:01bfHCsUTwydXCHP1VoLlI
The Internet,Hive Mind,Stay the Night,spotify:track:0JADBJ42q1ab92VOULBh9V
The Internet,Hive Mind,Wanna Be,spotify:track:5GjisoOfsN8qagrax01T4y
The Invisible,Late Night Tales: Bonobo,Wings - Floating Points Remix,spotify:track:3IZYPSWzd185KQlI4XxSc5
The Kount,Function,Function,spotify:track:3v8e7DakDNOXvtVsReu4t7
The Kount,Right Here,Right Here,spotify:track:0GbOcV7JYQH9fb8UpZ9eVr
The Mad Lads,The Spirit Of Memphis (1962-1976),Patch My Heart,spotify:track:2PiHbm41PxErkJcFU5Z96a
The Marías,"Superclean, Vol. I",Basta Ya,spotify:track:4CUTUsBGjHslu2Bd3AOXGg
The Marías,"Superclean, Vol. I",Déjate Llevar,spotify:track:4eevohYu5jHXgnCitivUVT
The Marías,"Superclean, Vol. I",I Don't Know You,spotify:track:06cqIVC8kRAT02qfHQT65v
The Marías,"Superclean, Vol. I",I Like It,spotify:track:3Vm6yiTPfhFeUHD4gt42cZ
The Marías,"Superclean, Vol. I",Only in My Dreams,spotify:track:190IqlryWu91WBKeDgZqZz
The Marías,"Superclean, Vol. I",Superclean,spotify:track:0hxl37ZV9GgcY1Pn8UiPWK
The Marías,"Superclean, Vol. II",ABQ,spotify:track:5P9PQR7CM5YPEU2I3EypWM
The Marías,"Superclean, Vol. II",Cariño,spotify:track:16gJmoOqRt2lKmlXtDpWgH
The Marías,"Superclean, Vol. II",Clueless,spotify:track:4pnXcQSeFwrr3GPHEmeS7m
The Marías,"Superclean, Vol. II",Loverboy,spotify:track:3XCpEFU4uXsBq5WmVQQKC9
The Marías,"Superclean, Vol. II",Over the Moon,spotify:track:02wNtFxlr9dLmZXKT5TIF5
The Marías,"Superclean, Vol. II",Ruthless,spotify:track:1mbuSss0OVqfS00y7yCNCZ
The Notorious B.I.G.,Born Again,Big Booty Hoes (feat. Too $hort) - 2005 Remaster,spotify:track:135mXfeiu9oHIFS2B96t3U
The Notorious B.I.G.,Born Again,Biggie (feat. Junior M.A.F.I.A.) - 2005 Remaster,spotify:track:4yPiRxBllD3Kwv3Izmti9P
The Notorious B.I.G.,Born Again,Born Again (Intro) - 2005 Remaster,spotify:track:3ZzcrOdV6XkhaiyBfBCpKj
The Notorious B.I.G.,Born Again,Can I Get Witcha (feat. Lil' Cease) - 2005 Remaster,spotify:track:1pgbEvENjLbiba6pVwE70T
The Notorious B.I.G.,Born Again,Come On (feat. Sadat X) - 2005 Remaster,spotify:track:7kgsCXovBYFMmb9eBMbWvn
The Notorious B.I.G.,Born Again,"Dangerous MC's (feat. Mark Curry, Snoop Dogg & Busta Rhymes) - 2005 Remaster",spotify:track:7crrp07AQujRvbOoIGitk8
The Notorious B.I.G.,Born Again,Dead Wrong (feat. Eminem) - 2005 Remaster,spotify:track:6s4kWgzQwsueo3mfllY1s6
The Notorious B.I.G.,Born Again,Hope You Niggas Sleep (feat. Hot Boys & Big Tmer) - 2005 Remaster,spotify:track:77QYugg9oE4xKffgqfKAGB
The Notorious B.I.G.,Born Again,I Really Want to Show You (feat. K-CI & Jo-Jo & Nas) - 2005 Remaster,spotify:track:6DeavGtLwsXnNE3pkdlF2J
The Notorious B.I.G.,Born Again,"If I Should Die Before I Wake (feat. Black Rob, Ice Cube, & Beanie Sigel) - 2005 Remaster",spotify:track:5HQ1Y5PN8LaSC22ZMV8vwM
The Notorious B.I.G.,Born Again,"Let Me Get Down (feat. G-Dep, Craig Mack & Missy ""Misdemeanor"" Elliott) - 2005 Remaster",spotify:track:3wAcBX8U5ywKYIY1DCXxav
The Notorious B.I.G.,Born Again,Ms. Wallace - 2005 Remaster,spotify:track:7h1v0vVYhm8L2xXkO8HqsL
The Notorious B.I.G.,Born Again,Niggas - 2005 Remaster,spotify:track:0r84JvUwU5LQ8iwIhXLNgR
The Notorious B.I.G.,Born Again,Notorious B.I.G. (feat. Lil' Kim & Puff Daddy) - 2005 Remaster,spotify:track:1YQ7BbJR8HqAolfprvxGKu
The Notorious B.I.G.,Born Again,Rap Phenomenon (feat. Redman & Methodman) - 2005 Remaster,spotify:track:4m9Iudipxb9gpGNLG2LoQs
The Notorious B.I.G.,Born Again,Tonight (feat. Mobb Deep & Joe Hooker) - 2005 Remaster,spotify:track:0mgYHaXlo7CfBxJqVTGyQv
The Notorious B.I.G.,Born Again,Who Shot Ya? - 2005 Remaster,spotify:track:4VzCNmuj3f8RtWpSKFZiLp
The Notorious B.I.G.,Born Again,Would You Die for Me (feat. Lil' Kim & Puff Daddy) - 2005 Remaster,spotify:track:0vTKQRuDuPdmJ2Podt1ppF
The Notorious B.I.G.,Life After Death,Another (feat. Lil' Kim) - 2014 Remaster,spotify:track:1eQNHLMYtDFuC58a5Z3bIN
The Notorious B.I.G.,Life After Death,B.I.G. (Interlude) - 2014 Remaster,spotify:track:3DzmXojNacImcQ2uIM1wQS
The Notorious B.I.G.,Life After Death,Fuck You Tonight (feat. R. Kelly) - 2014 Remaster,spotify:track:1ry9AyQVzzK2iDt6vMY2ku
The Notorious B.I.G.,Life After Death,Going Back to Cali - 2014 Remaster,spotify:track:53duuSwaLOZuIrELvZXqLH
The Notorious B.I.G.,Life After Death,Hypnotize - 2014 Remaster,spotify:track:7KwZNVEaqikRSBSpyhXK2j
The Notorious B.I.G.,Life After Death,I Got a Story to Tell - 2014 Remaster,spotify:track:7zfmhBiUvGoHz76NO1d5bZ
The Notorious B.I.G.,Life After Death,I Love The Dough (feat. Jay-Z & Angela Winbush) - 2014 Remaster,spotify:track:2Uvwc7D5rhphlzfBDnpYpU
The Notorious B.I.G.,Life After Death,Kick in the Door - 2014 Remaster,spotify:track:0ed6evAMZvewGh4UI9KkVU
The Notorious B.I.G.,Life After Death,Last Day (feat. The Lox) - 2014 Remaster,spotify:track:0iIZ1fqdUIfcE8CIndhlDD
The Notorious B.I.G.,Life After Death,Life After Death (Intro) - 2014 Remaster,spotify:track:1ZwfLPG0QcFkhE0jKPDhZU
The Notorious B.I.G.,Life After Death,Long Kiss Goodnight - 2014 Remaster,spotify:track:2fw0DgUc8GTNxZ2BAv9Fih
The Notorious B.I.G.,Life After Death,Miss U - 2014 Remaster,spotify:track:612lE4c57zWDOqeWca1Pmf
The Notorious B.I.G.,Life After Death,Mo Money Mo Problems (feat. Puff Daddy & Mase) - 2014 Remaster,spotify:track:4INDiWSKvqSKDEu7mh8HFz
The Notorious B.I.G.,Life After Death,My Downfall (feat. DMC) - 2014 Remaster,spotify:track:30pqIwsiYrnPt6a9lUK9M4
The Notorious B.I.G.,Life After Death,Nasty Boy - 2014 Remaster,spotify:track:1Old7SPJD1Ykzb4w1IXY51
The Notorious B.I.G.,Life After Death,Niggas Bleed - 2014 Remaster,spotify:track:15LVUC45FiKlBp0wkmJkcv
The Notorious B.I.G.,Life After Death,Notorious Thugs - 2014 Remaster,spotify:track:19FsxX4RthRMZGfXkImdCb
The Notorious B.I.G.,Life After Death,Playa Hater - 2014 Remaster,spotify:track:2Wl2S9Fmjg2GFCu8qtwyi0
The Notorious B.I.G.,Life After Death,Sky's the Limit (feat. 112) - 2014 Remaster,spotify:track:0xdYzkbBBfTevSyOJqWUSX
The Notorious B.I.G.,Life After Death,Somebody's Gotta Die - 2014 Remaster,spotify:track:11s9e5nZrTXzdDTguBFtou
The Notorious B.I.G.,Life After Death,Ten Crack Commandments - 2014 Remaster,spotify:track:1Z7C8ClE8UEaH70jCCeJH2
The Notorious B.I.G.,Life After Death,The World Is Filled... (feat. Too Short & Puff Daddy) - 2014 Remaster,spotify:track:3cRvZp3CEbVKMSVaaCZL83
The Notorious B.I.G.,Life After Death,What's Beef? - 2014 Remaster,spotify:track:0S736hkRjkdmuvbZuvx1sh
The Notorious B.I.G.,Life After Death,You're Nobody (Til Somebody Kills You) - 2014 Remaster,spotify:track:5elwGhYsxqm09XbHvFyWcw
The Notorious B.I.G.,Ready to Die,Big Poppa - 2005 Remaster,spotify:track:2g8HN35AnVGIk7B8yMucww
The Notorious B.I.G.,Ready to Die,Everyday Struggle - 2005 Remaster,spotify:track:3bOvAqhaZNSWpGVIvHEx8B
The Notorious B.I.G.,Ready to Die,Friend of Mine - 2005 Remaster,spotify:track:0TibDQQ58jAlr6jnl5AORf
The Notorious B.I.G.,Ready to Die,Fuck Me (Interlude) - Interlude; 2005 Remaster,spotify:track:1JEXG96amOfvR18sW1OXoI
The Notorious B.I.G.,Ready to Die,Gimme the Loot - 2005 Remaster,spotify:track:1xIxMz1sNQ4b6svH1GuTtF
The Notorious B.I.G.,Ready to Die,Intro - 2005 Remaster,spotify:track:7oYlZ3vB5yxiKMrbHeFV9v
The Notorious B.I.G.,Ready to Die,Juicy - 2005 Remaster,spotify:track:5ByAIlEEnxYdvpnezg7HTX
The Notorious B.I.G.,Ready to Die,Just Playing (Dreams) - 2005 Remaster,spotify:track:61fT12l0R16DiB9dd4zkfy
The Notorious B.I.G.,Ready to Die,Machine Gun Funk - 2005 Remaster,spotify:track:2bXI4Rbw1D7aVeHWLjn1Lb
The Notorious B.I.G.,Ready to Die,Me and My Bitch - 2005 Remaster,spotify:track:0C5IKY0sXz4sg0hpx7HOz0
The Notorious B.I.G.,Ready to Die,One More Chance - 2005 Remaster,spotify:track:5onGESUxi3P9xLt311oS59
The Notorious B.I.G.,Ready to Die,Ready to Die - 2005 Remaster,spotify:track:3UQAKY0SUEonxneROvv4jy
The Notorious B.I.G.,Ready to Die,Respect - 2005 Remaster,spotify:track:13N31D8yFuN4JeYYR7veY6
The Notorious B.I.G.,Ready to Die,Suicidal Thoughts - 2005 Remaster,spotify:track:5k8VqtBhkbAYakV5ZEFYNo
The Notorious B.I.G.,Ready to Die,The What - 2005 Remaster,spotify:track:4dTtYVQzlwBMpVyQ4h3wy2
The Notorious B.I.G.,Ready to Die,Things Done Changed - 2005 Remaster,spotify:track:7hdOchAKFm6FwzyevcQ56y
The Notorious B.I.G.,Ready to Die,Unbelievable - 2005 Remaster,spotify:track:4heC6SnTBxTZZDef4AIBOk
The Notorious B.I.G.,Ready to Die,Warning - 2005 Remaster,spotify:track:33rsCCLHklTQav9klbpnAi
The Notorious B.I.G.,Ready to Die,Who Shot Ya? - 2005 Remaster,spotify:track:2KFg8kjYy0rYjWsXGhEQHN
The O'Jays,Love Songs,Now That We Found Love,spotify:track:6Ph1DMQe7fcEbtPI3NZLSL
The Pharcyde,Bizarre Ride II The Pharcyde,Passin' Me By,spotify:track:4KkwBjTLeXmBSIwLFqwlKU
The Rationals,Late Night Tales: Floating Points,Glowin',spotify:track:71OAPCAaW9dMSZOq5zHHOX
The Soul Children,The Spirit Of Memphis (1962-1976),The Sweeter He Is - Pt. 1 & 2,spotify:track:6EwfoxaA2nHKRlGi4r6ziX
The Stranger Suite,The Stranger Suite,1929,spotify:track:4jbrOHhd1dqorhW8gT0Bbf
The Stranger Suite,The Stranger Suite,Better,spotify:track:4jwPrwtHnlCH9FZNDB64uK
The Stranger Suite,The Stranger Suite,Blue Odyssey,spotify:track:6JiDtCZnqkOrvMu0yaX3AD
The Stranger Suite,The Stranger Suite,Mindshift,spotify:track:2PvKW76W3hYQxMlTg7IZ04
The Stranger Suite,The Stranger Suite,Sun Goes Down,spotify:track:2ElhchLZVdfX6PqYVmv3RV
The Stranger Suite,The Stranger Suite,What's Left Over,spotify:track:1ydeZijwYKUd65E0B5nDin
The Stranger Suite,With You // Selfish,Selfish,spotify:track:2CIJAwMeNWtrLXWKUNWp6B
The Stranger Suite,With You // Selfish,With You,spotify:track:3Yv0RjTDUH5Izex6gZEo9G
The Touré-Raichel Collective,The Paris Session,Alla,spotify:track:4lZHCNqfQxx9L1OgLq1hgr
The Touré-Raichel Collective,The Paris Session,Allassal Terey,spotify:track:2bJWFqGPRCmDeFGOphbmiG
The Touré-Raichel Collective,The Paris Session,Bandirabait,spotify:track:1jmxTuKf8UHIP4d98Sv4WX
The Touré-Raichel Collective,The Paris Session,Debo,spotify:track:3jE2lfe06E4S1md69pO42f
The Touré-Raichel Collective,The Paris Session,Diame,spotify:track:2fpT1qeHNUBfZLrZkcSyvB
The Touré-Raichel Collective,The Paris Session,Diaraby,spotify:track:5l0hERLbPg5Nfy81mmSFHv
The Touré-Raichel Collective,The Paris Session,Déni Déni,spotify:track:3p85bHHukqTY9o3QZwgCFe
The Touré-Raichel Collective,The Paris Session,From End to End,spotify:track:25nwLX12ooyWg2aPQI0CYd
The Touré-Raichel Collective,The Paris Session,Gassi Gabbi,spotify:track:2N1vb65bJVZbNp6052BGso
The Touré-Raichel Collective,The Paris Session,Hodu,spotify:track:5emmSg4mCnPp6q23v3BHrn
The Touré-Raichel Collective,The Paris Session,L'amour,spotify:track:2jDHTwmYQERC1Y5HX5GJ3x
The Touré-Raichel Collective,The Paris Session,Philipa,spotify:track:4FcCG5Yn2B2yZXkT4dP5tc
The Touré-Raichel Collective,The Paris Session,Soumbou Toure,spotify:track:74S5sQN4yOMh0bcOP6BgYU
The Touré-Raichel Collective,The Paris Session,Tidhar,spotify:track:69JJRa272h96O8TqTegFq3
The Touré-Raichel Collective,The Tel Aviv Session,Ai Houde Bakoi,spotify:track:4LUGlSzAxYwTRB0jGU2zxr
The Touré-Raichel Collective,The Tel Aviv Session,Alem,spotify:track:3KXSXb3eD1NXToZtx7hY10
The Touré-Raichel Collective,The Tel Aviv Session,Alkataou,spotify:track:1GrmtW0kRLtCutUHMK3E0V
The Touré-Raichel Collective,The Tel Aviv Session,Ane Nahatka,spotify:track:79at7uReBQ6khfvig3ri9G
The Touré-Raichel Collective,The Tel Aviv Session,Azawade,spotify:track:7dHowm9WlK1gOuEuM0bd7m
The Touré-Raichel Collective,The Tel Aviv Session,Bamba,spotify:track:67MEIMsRnjlgbDtKXtVSjv
The Touré-Raichel Collective,The Tel Aviv Session,Experience,spotify:track:11bibcm7BzJRHdQIhxuk6d
The Touré-Raichel Collective,The Tel Aviv Session,Hawa,spotify:track:3IPxHAeLNYmGpKwtAfZwtf
The Touré-Raichel Collective,The Tel Aviv Session,Kfar,spotify:track:42KRYHsLD4xVaNEwczVdTW
The Touré-Raichel Collective,The Tel Aviv Session,Le Niger,spotify:track:4RAMoH50BdGBvmumblfuAQ
The Touré-Raichel Collective,The Tel Aviv Session,Touré,spotify:track:4Mc0l76ON4ggFCqXhDoPb4
The xx,Coexist,Angels,spotify:track:1zuKjpp4t7BS8JPKi6mkQr
The xx,Coexist,Chained,spotify:track:1zQX8Tf3fRYw8Djxh5kUKq
The xx,Coexist,Fiction,spotify:track:2WWkBERKDC4MZN8nhiAdQQ
The xx,Coexist,Missing,spotify:track:6hUbZBdGn909BiTsv70HP6
The xx,Coexist,Our Song,spotify:track:4n9wwuZpBp96K0zXcDsnCg
The xx,Coexist,Reunion,spotify:track:2B4p8xjpBFP8ZinAtewfrB
The xx,Coexist,Sunset,spotify:track:7DImv0qWPEiAYUPJ0yKuDd
The xx,Coexist,Swept Away,spotify:track:3DKqZWrdtLBNKT9OOcdTK2
The xx,Coexist,Tides,spotify:track:12DE4ela8kEMRNIEYEhKy2
The xx,Coexist,Try,spotify:track:0PgejWYSlSaTwzxwCI15pW
The xx,Coexist,Unfold,spotify:track:39er5vmZ8JXatAKaLaplkl
The xx,I See You (Deluxe),A Violent Noise,spotify:track:4z1Wl2fYfmhv55SpO5ZGkA
The xx,I See You (Deluxe),Brave For You,spotify:track:1aK1Io7OODDK4pM9Bz0OiY
The xx,I See You (Deluxe),Brave For You (Marfa Demo),spotify:track:6Fo6I0zFCK7xwPPP0409JL
The xx,I See You (Deluxe),Dangerous,spotify:track:3CGgaU8aaE4O2Qpezkhuvj
The xx,I See You (Deluxe),I Dare You,spotify:track:0a0uLZhV1RcpiGy9ennJvb
The xx,I See You (Deluxe),Lips,spotify:track:1rkxs4nktkwhVJjK3mnx9x
The xx,I See You (Deluxe),Naive,spotify:track:28Lv4LKGF5YmiG6zmoFJcp
The xx,I See You (Deluxe),On Hold,spotify:track:77b6EUCsLvrPTE5YJDzxt0
The xx,I See You (Deluxe),Performance,spotify:track:5F3kck5CgYasvYRq2argUL
The xx,I See You (Deluxe),Replica,spotify:track:6DUvqNwH4BQLc0Gu7YarTS
The xx,I See You (Deluxe),Say Something Loving,spotify:track:6Un8pn3cCHxkyEqnhcTQ0R
The xx,I See You (Deluxe),Seasons Run,spotify:track:2hYwDaO91sbawS7qmrfI52
The xx,I See You (Deluxe),Test Me,spotify:track:60jvfgs665m1krAK9RU0U8
The xx,xx,Basic Space,spotify:track:16NE62lzGmi6ehGTNVI659
The xx,xx,Crystalised,spotify:track:6rxEjkoar48SssZePbtb2x
The xx,xx,Fantasy,spotify:track:6zwUw48YOZL1CE8toS0WGN
The xx,xx,Heart Skipped a Beat,spotify:track:5HkUwvLeE5Lhd2FZjuXncU
The xx,xx,Infinity,spotify:track:1Dl44SWywsIDdz1GgIp9gG
The xx,xx,Intro,spotify:track:0bXpmJyHHYPk6QBFj25bYF
The xx,xx,Islands,spotify:track:2SMn57cBVxoD4TArscpovk
The xx,xx,Night Time,spotify:track:4JVeSjOgryUGJ0yo4mqYBK
The xx,xx,Shelter,spotify:track:4FfdmvdBN0LnLENhgJrpdQ
The xx,xx,Stars,spotify:track:6qlfzOpeLcdoSxrgbkR0Zi
The xx,xx,VCR,spotify:track:6DXFVsLcEvOTSrkG9G1Cb1
Theodor,Theodor,Summer Wind,spotify:track:4qOE4ZigR7fI3DwQdlsFmM
Theon Cross,We out Here,Brockley,spotify:track:5hcBSbBwHwfs1j5RUjCqvG
Thomas & Jonas,Studio Barnhus Volym 1,Lågsäsong,spotify:track:1z1dda1Iy087zeitylQuAr
Three Body Trio,Future Bubblers 1.0,Nomad,spotify:track:5fZoYIfHyBLmSbqOSFosBY
Throwing Snow,fabric presents Bonobo,Rheged - Mixed,spotify:track:1v4N44LNp1G6G1VxikD5ny
Thru Colours,Future Bubblers 1.0,420HATS,spotify:track:7us9nqsQVPiYj6TChB2EA4
Thrupence,Ideas of Aesthetics,Acacia Road,spotify:track:1H3wFiz2OmqjdXlsIZzo90
Thrupence,Ideas of Aesthetics,Alethea,spotify:track:0zTRLXrW2ktWa4ZUsL8heL
Thrupence,Ideas of Aesthetics,Atmos,spotify:track:3JMFDrLNX3nmmYbsFa2JcS
Thrupence,Ideas of Aesthetics,Conversations,spotify:track:0fm3bvTzAja3C12xy3sv2E
Thrupence,Ideas of Aesthetics,Forest on the Sun,spotify:track:0kjynuQs9CjGyutarcfHKi
Thrupence,Ideas of Aesthetics,Honesty,spotify:track:0GmQ56DL9GHD2EGbUO3poK
Thrupence,Ideas of Aesthetics,I'll See You Soon,spotify:track:7qlDdHOGtvUZModnGYlBma
Thrupence,Ideas of Aesthetics,Rinse Repeat,spotify:track:2Gex1WPRlI8JSGlNmjOM27
Thrupence,Ideas of Aesthetics,Wait,spotify:track:3RQdZUYhypkW8cp1fWVG86
Thrupence,Piano Works,Ballet,spotify:track:4pphVPpcl9uSbl44iqs7hb
Thrupence,Piano Works,Clarity,spotify:track:4g8YVHk2yBSD8iTHnVs5hc
Thrupence,Piano Works,Exercise in Silence,spotify:track:0ieM3xHktblBRYyttWdU1u
Thrupence,Piano Works,Forth of the Forth,spotify:track:2JNiaVuLxyMZr6sIC2lO4K
Thrupence,Piano Works,Hakea,spotify:track:6oiwm0xIfVRKookXoFlc4b
Thrupence,Piano Works,Heal,spotify:track:4f3SfwkBLcUyDfzmnuWjp1
Thrupence,Piano Works,How to Be Invisible,spotify:track:6GEX4BBT1EHwIiO6qkYSUR
Thrupence,Piano Works,Light Search,spotify:track:5hKxKmohcHWsV1Mv8rxOUz
Thrupence,Piano Works,Reverence,spotify:track:0OPLAFbuWNS7djyHVxYu6A
Thrupence,Piano Works,The Gorge,spotify:track:4aCLp9n1uVsjTuBTK6arVo
Thrupence,Piano Works,Transition,spotify:track:4XoyKxbDcw2mYSvltQkl9Y
Thrupence,Piano Works,Walk at Dawn,spotify:track:11IL2IvbMqaqniKaRRvHVc
Thrupence,Thoughts,Thought 1,spotify:track:2kZHMvtZ65nzDHigXpymqX
Thrupence,Thoughts,Thought 10,spotify:track:0zVdhjuhPOlO8CGzQYBoaX
Thrupence,Thoughts,Thought 11,spotify:track:7MU4MAszhPSvQFTkjYEgkr
Thrupence,Thoughts,Thought 12,spotify:track:5rb2u8rkik2Ze1mC99kwnh
Thrupence,Thoughts,Thought 13,spotify:track:7lMcBfxdOzrFPMItOfqPfU
Thrupence,Thoughts,Thought 2,spotify:track:7ECs0SiFGyVKyVzf9OqFkw
Thrupence,Thoughts,Thought 3,spotify:track:6VtiF9p20c5A2wGUdOaelq
Thrupence,Thoughts,Thought 4,spotify:track:5h1y685TsqLqe6oR9UQ80w
Thrupence,Thoughts,Thought 5,spotify:track:0r5lU1RN7LxAQrRY1WF3D7
Thrupence,Thoughts,Thought 6,spotify:track:3d2ASjU9mdfRNKQo8CY0Bu
Thrupence,Thoughts,Thought 7,spotify:track:3LylsFmpAFvEINXzwzX26J
Thrupence,Thoughts,Thought 8,spotify:track:4uarXUhPpUbGUtpqCGePKS
Thrupence,Thoughts,Thought 9,spotify:track:4rV54SVPlOJ5jmhGMMxCei
Thundercat,Drank,3AM - Chopnotslop Remix,spotify:track:1tU3ymhckZjx9Ho5cf73Wg
Thundercat,Drank,A Fan’s Mail (Tron Song Suite II) - Chopnotslop Remix,spotify:track:322Gs8akqd4FTx6SuKGa7G
Thundercat,Drank,Blackkk - Chopnotslop Remix,spotify:track:7y1i1VnEZTeQtFdNms64Z1
Thundercat,Drank,Bus In These Streets - Chopnotslop Remix,spotify:track:0wSZTz8c90bulbkWnBDRJK
Thundercat,Drank,Captain Stupido - Chopnotslop Remix,spotify:track:64I2VbV0Oy5kMvTkw8kEou
Thundercat,Drank,Day & Night - Chopnotslop Remix,spotify:track:08Ya9YpR0WP2CTbrtlLtXq
Thundercat,Drank,Drink Dat - Chopnotslop Remix,spotify:track:1SF4KtyG5c9s2UUg6XBZQi
Thundercat,Drank,Drunk - Chopnotslop Remix,spotify:track:6Emk2q2idGlMTBo99QfZpl
Thundercat,Drank,DUI - Chopnotslop Remix,spotify:track:3bKsmEBKrWgBCho3cEFbCI
Thundercat,Drank,Friend Zone - Chopnotslop Remix,spotify:track:0qARg8Nqu1KoTO8inzJi5W
Thundercat,Drank,I Am Crazy - Chopnotslop Remix,spotify:track:3j8u4A74OFxWzCzofRHiOu
Thundercat,Drank,Inferno - Chopnotslop Remix,spotify:track:6UxldG4zKoq88cManGSRll
Thundercat,Drank,Jameel’s Space Ride - Chopnotslop Remix,spotify:track:1LId3xcaaJmiY0JfsitMuV
Thundercat,Drank,Jethro - Chopnotslop Remix,spotify:track:0mkHiKgnbhQqsMbtzPVCwA
Thundercat,Drank,Lava Lamp - Chopnotslop Remix,spotify:track:4td32ywhktXO7FWUx7goUP
Thundercat,Drank,Rabbot Ho - Chopnotslop Remix,spotify:track:5froLwUXMI7JlfYSZrmvxr
Thundercat,Drank,Show You The Way - Chopnotslop Remix,spotify:track:5UC259XJdApdOV3sHIdOkD
Thundercat,Drank,The Turn Down - Chopnotslop Remix,spotify:track:0MhXqoWcwtyfzlZzES9sWj
Thundercat,Drank,Them Changes - Chopnotslop Remix,spotify:track:2WRmxGFCK8b8oujhfK80TI
Thundercat,Drank,Tokyo - Chopnotslop Remix,spotify:track:14iCzrhoK4TWAeAyHm5MOE
Thundercat,Drank,Uh Uh - Chopnotslop Remix,spotify:track:0d9sklzcjKBBuWUuPRXIaB
Thundercat,Drank,Walk On By - Chopnotslop Remix,spotify:track:4fUNhSr5rHz8OECH4EeDWj
Thundercat,Drank,Weakstyle - Chopnotslop Remix,spotify:track:7oiDExhOxd5bCEYy3vwree
Thundercat,Drank,Where I'm Going - Chopnotslop Remix,spotify:track:3qTLFVwfipxSKQLehmD0B7
Thundercat,Drunk,3AM,spotify:track:0ZgoWqmCBXqyFd67ISSI22
Thundercat,Drunk,A Fan's Mail (Tron Song Suite II),spotify:track:6qXNCWY49AaZ5nfp9AJIc5
Thundercat,Drunk,Blackkk,spotify:track:2YzOFeQ8ZtgZG6pHDXPMQi
Thundercat,Drunk,Bus In These Streets,spotify:track:23KP96OT7ErzlxPkP0tWLa
Thundercat,Drunk,Captain Stupido,spotify:track:5YQaBBIKKsmTkWaCJGrxPO
Thundercat,Drunk,Day & Night,spotify:track:23KTFoSToZT0204ITz9cFi
Thundercat,Drunk,Drink Dat,spotify:track:5wnCSoaXmuF72t2ctvKKCS
Thundercat,Drunk,Drunk,spotify:track:1x020VQXsczFf07uJflEWp
Thundercat,Drunk,DUI,spotify:track:5fknAOfR53kZzuT3m2Vhr0
Thundercat,Drunk,Friend Zone,spotify:track:1QqJP4E1i6EaocGqa9jxIn
Thundercat,Drunk,I Am Crazy,spotify:track:2lHakzNTla3OnDlCrLsbaU
Thundercat,Drunk,Inferno,spotify:track:0bBJjaaaqNOTa0AhrpZDwn
Thundercat,Drunk,Jameel's Space Ride,spotify:track:1mulnYEUXkVd1G0jdtrSvC
Thundercat,Drunk,Jethro,spotify:track:1tN7gp3HKJL5MXCGqUZtgh
Thundercat,Drunk,Lava Lamp,spotify:track:3QRQwnaENDNslrc5tNUGgE
Thundercat,Drunk,Rabbot Ho,spotify:track:4xlfb58CDqZY48SHy3EVjn
Thundercat,Drunk,Show You The Way,spotify:track:2ZIHKdsXfOS3cZoGRD2vGL
Thundercat,Drunk,The Turn Down,spotify:track:5GRQNKS6OycF2szRJjknI7
Thundercat,Drunk,Them Changes,spotify:track:7CH99b2i1TXS5P8UUyWtnM
Thundercat,Drunk,Tokyo,spotify:track:0Att3l6OhP6j87mEjxA758
Thundercat,Drunk,Uh Uh,spotify:track:0YUqBFAH5myAV0An8Gjqf3
Thundercat,Drunk,Walk On By,spotify:track:6fkL9CjWmjeV6vfDxTp9OZ
Thundercat,Drunk,Where I'm Going,spotify:track:0VcVOg0FcgS7iRn1JNU7Xu
Thundercat,Late Night Tales: Badbadnotgood,For Love I Come,spotify:track:5UB4M3lUC9lfaMjmHTBrv6
Thundercat,The Beyond / Where the Giants Roam,Hard Times,spotify:track:3n74JdAdR7b6NMkMyGZYzc
Thundercat,The Beyond / Where the Giants Roam,Lone Wolf and Cub,spotify:track:0k9qTztS0zqywidVgaEoDq
Thundercat,The Beyond / Where the Giants Roam,Song for the Dead,spotify:track:6GE3JwjO9R6I5pd6EM8s8k
Thundercat,The Beyond / Where the Giants Roam,That Moment,spotify:track:6TwT5sVNtTNYokSY2TZMGG
Thundercat,The Beyond / Where the Giants Roam,Them Changes,spotify:track:4u8031pTkTODbRaDCbx8Yv
Thundercat,The Beyond / Where the Giants Roam,Where The Giants Roam / Field of the Nephilim,spotify:track:42Atsj6p7sfANbwJS7cH2V
Tiana Major9,Same Space?,Same Space? - Remix,spotify:track:1sVEcxx3au6WWt8WcQO4N9
Tiger & Woods,AOD,01:00AM,spotify:track:0Qp45GVmi2TvXG4a9OJEHs
Tiger & Woods,AOD,A Lovely Change,spotify:track:3Ld6Df2I56FQqKMku8G2li
Tiger & Woods,AOD,Forever Summer,spotify:track:1qHqAHEiX1QjiunncclP4I
Tiger & Woods,AOD,Kelly McGillis,spotify:track:6Zh68SvrDdKJc8yCnOK2XJ
Tiger & Woods,AOD,Night Quake,spotify:track:5EAsD3bRfNxfxdZjmKb7vw
Tiger & Woods,AOD,Salsaro Ete,spotify:track:6idQLs6Hg7OrtkxRxsiijZ
Tiger & Woods,AOD,The Bad Boys,spotify:track:6RrlQqHmxDUlrnVH5OM5IP
Tiger & Woods,AOD,Warning Fails,spotify:track:6pBcTP4Y9yHHZakzO01vye
Tirogo,DJ-Kicks (Moodymann),Disco Maniac - Mixed,spotify:track:1XAmhNrle1UAO24pDtsJll
Tirzah,Devotion,Affection,spotify:track:6vZ4nvnvSWGTGCgzywkpwt
Tirzah,Devotion,Basic Need,spotify:track:3BfAOs2YhLOXMlytIKUfPI
Tirzah,Devotion,Devotion,spotify:track:3Oh5AwYc1V3KC4BlSTFt3R
Tirzah,Devotion,Do You Know,spotify:track:1kZL5Q4uzQLkhK0LUexoFQ
Tirzah,Devotion,Fine Again,spotify:track:12hqBdxeTVT0qyhDRPieuQ
Tirzah,Devotion,Gladly,spotify:track:145xZcFMv1ccyKBgEMtV3y
Tirzah,Devotion,Go Now,spotify:track:2Lp6Vp03T7zLAWbl6jyUB8
Tirzah,Devotion,Guilty,spotify:track:6kwzcGYkNfTozFJCLUOGaR
Tirzah,Devotion,Holding On,spotify:track:4RjwMyr4D2W4py79Heop9l
Tirzah,Devotion,Reach Hi,spotify:track:6Kpv9JARbOqhtFl7YzmojA
Tirzah,Devotion,Say When,spotify:track:7kh8UmBeIItkXwarEFpFeu
Tirzah,Highgrade,Beating - TONE Remix,spotify:track:0cefDnEwrh2jSrmH9zg7Op
Titeknots,fabric presents Bonobo,Buzzard Walk - Mixed,spotify:track:7rNwLtmDDVk1KvvuXdcmcP
Tohaj,She Loves Me Not,She Loves Me Not,spotify:track:2KOmUz4XLr5vNpgQNdJq7r
Tokyo Tea Room,No Rush,If You Love Her,spotify:track:02l8T7IJ5UQE19m8cjY20f
Tom Jarmey,Twilight Zone,Twilight Zone,spotify:track:3GGu9Ic9jIn4AiF0vGjb5H
Tom Misch,Beat Tape 2,Beautiful Escape,spotify:track:5MChi9fdCbTIWDJPPUuuW6
Tom Misch,Beat Tape 2,Colours of Freedom,spotify:track:4Vq6zbG6UJfZ6eHuS6Arn1
Tom Misch,Beat Tape 2,Come Back,spotify:track:6ao3bIloHQxnTWB3H5591W
Tom Misch,Beat Tape 2,Falafel,spotify:track:0UIXVa6O95k2lPNwENBWtO
Tom Misch,Beat Tape 2,Hark,spotify:track:0OIkb1unFOOnCcNI8g4JTG
Tom Misch,Beat Tape 2,Home,spotify:track:4LPraPfByX8L6YuqmJ4DJX
Tom Misch,Beat Tape 2,In the Midst of It All,spotify:track:6vPDjg4zuLlJrzgm9vqZCj
Tom Misch,Beat Tape 2,Nightgowns,spotify:track:0Maqqr2tZ93fqgy1n88q9e
Tom Misch,Beat Tape 2,The Journey,spotify:track:1R2CpJXwERlLURyKaE1nWr
Tom Misch,Beat Tape 2,Wake Up This Day,spotify:track:2eGFixlUmSK3Yei80riTVe
Tom Misch,Beat Tape 2,Wander With Me,spotify:track:7GLL5dU80NstXjcKlDMJmr
Tom Misch,Beat Tape 2,Your Love,spotify:track:7iXVkTHMB42Mz9EtI90rzu
Tom Misch,Geography,Before Paris,spotify:track:4D5POIvEJfBH8wO80Ic4T8
Tom Misch,Geography,Cos I Love You,spotify:track:58xN31xmYcfrgA56gAeM3W
Tom Misch,Geography,Disco Yes,spotify:track:61Ivix5DTnDPVjp1dgLyov
Tom Misch,Geography,Isn't She Lovely,spotify:track:23H8PpuhyTDHwpqcDm7vS6
Tom Misch,Geography,It Runs Through Me,spotify:track:02CygBCQOIyEuhNZqHHcNx
Tom Misch,Geography,Lost in Paris,spotify:track:4A7DUET5H4f7dJkUhjfVFB
Tom Misch,Geography,Man Like You,spotify:track:673BqQR0tNM3VtzcV3Ul2Q
Tom Misch,Geography,Movie,spotify:track:6pxElwU80zhjbCC77Vn8EI
Tom Misch,Geography,South of the River,spotify:track:5w3yxRRxy5pvZdUvBJF6ve
Tom Misch,Geography,Tick Tock,spotify:track:3al8a3uZrOZIHc6J1n8i5f
Tom Misch,Geography,Water Baby,spotify:track:6Pd20wirRDM9k4e69px3dN
Tom Misch,Geography,We've Come So Far,spotify:track:46mMjdrfaJicOdrOA7NtBa
Tom Misch,Geography,You're On My Mind,spotify:track:0ORL2BIQwHdshE8Zp2En2M
Tom VR,Please Keep Shimmering,Keep Shimmering,spotify:track:4M7bnpKyvmXMuoZe10hnki
Tomos,Go / Together,Go,spotify:track:0np25gc2Sjp1w1eMxSyY57
Topaz Jones,Toothache / Zoom,Toothache,spotify:track:6plp1nJtm4Y3m87qmDCy61
Tora,Eat the Sun,Admire,spotify:track:3IfS8bzuECMrNq45CuMCXn
Tora,Eat the Sun,Eat the Sun,spotify:track:2ceX4PUag0tEXnWKCFsPAt
Tora,Eat the Sun,Jaigantic,spotify:track:5yVeXyRBRYPCimpTyoN0Tb
Tora,Eat the Sun,My Place,spotify:track:0NGG5eD0zmomVMAqa6O7xy
Tora,Eat the Sun,Never With Me (feat. Merryn Jeann & Meals),spotify:track:29gPcSjKtFCOkmE92dGMVg
Tora,Eat the Sun,Sugar Snap,spotify:track:3LL1oUUdiJx7JJmWCLZPlZ
Tora,Eat the Sun,Surround,spotify:track:7ITvhJAMxObQGJX6lu9eVO
Tora,Paramount,Paramount,spotify:track:6lydgZvV1NcRPa8H8UBKzp
Tora,Similar,Similar,spotify:track:0sXnh5aSCJm9OMwT73JPjS
Tora,Take a Rest,Amsterdam,spotify:track:231kRND0RHMfx7HoLlt1jk
Tora,Take a Rest,Another Case,spotify:track:2L7EDE9GiSL5GTF3Lhx9U6
Tora,Take a Rest,Blame,spotify:track:3tJSqxZyWVsKZAtcU2KwPD
Tora,Take a Rest,Bridges,spotify:track:6C30vwzoZPI7JSySKAzmVA
Tora,Take a Rest,Dope,spotify:track:7H4xggv6ejwBOItutrGNki
Tora,Take a Rest,Empyrean,spotify:track:63LC77epKg5LfN6OWfbTlc
Tora,Take a Rest,Entity,spotify:track:6ThstWIn274ADNjJBnUbEQ
Tora,Take a Rest,Love Life,spotify:track:658SW13oPthDYZwFAlo9nh
Tora,Take a Rest,Mercury,spotify:track:6zefw2QBUPrQd5TAQBJtzo
Tora,Take a Rest,Rudie,spotify:track:2gqGtUna2V8shgAr0ucxMl
Tora,Take a Rest,Take a Rest,spotify:track:1bfYfumAHzEbMFCftreuKr
Tora,Take a Rest,Too Far,spotify:track:3Isvb465uJoX4CwBceDNpq
Tora,Take a Rest,Too Little,spotify:track:0QikKeBIDUlP7ZvsZHP0yO
Tora,Take a Rest,Too Much,spotify:track:2nwxVkDbM9Y7plRSKKfIcT
Tora,Take a Rest,Want Me Gone,spotify:track:6FOfOrpGAPVpvBrO9Pa0uL
Tora,Tora,Calming Her,spotify:track:4doeZ0Lf1g42qGUa4fguIX
Tora,Tora,Capitalism,spotify:track:3to4eRwS6XkcCXIqa2iZUA
Tora,Tora,"Cool Down, Sir",spotify:track:6hhGaiXuRkAkO7GURvvBoR
Tora,Tora,Due to Lies,spotify:track:6bJpxB8FysAshknJHZ62tz
Tora,Tora,Future Man,spotify:track:5Dljhq7PjvinarpEb4RgSM
Tora,Tora,Get Like It,spotify:track:1mvk0VMkUjHuHisR7HtQp1
Tora,Tora,No One Real,spotify:track:4WWbgZ3nfWykWRMCVKIADy
Toro y Moi,Anything In Return,Cake,spotify:track:568CscoInCIcSE50XIpP3u
Toro y Moi,Anything In Return,Cola,spotify:track:1Ew4u5JjeMkur2mYLiVczw
Toro y Moi,Anything In Return,Day One,spotify:track:4OiruLbORHebLqEH90XzKI
Toro y Moi,Anything In Return,Grown Up Calls,spotify:track:3GJ8YhL2EJBosIzHPiC448
Toro y Moi,Anything In Return,Harm In Change,spotify:track:7EXPDw2u3hJLfw7NKYIoD3
Toro y Moi,Anything In Return,High Living,spotify:track:6eBaux9fj56JTtaa3qwKvV
Toro y Moi,Anything In Return,How's It Wrong,spotify:track:3P5iJl5H2nOmWNMsCFuqFs
Toro y Moi,Anything In Return,Never Matter,spotify:track:2nPbaSpFUU1bzPyrAChAOV
Toro y Moi,Anything In Return,Rose Quartz,spotify:track:6b7z3keZ5gDJ2zBnyrke9P
Toro y Moi,Anything In Return,Say That,spotify:track:1tH0Xwni0oJe4DI6O7naRW
Toro y Moi,Anything In Return,So Many Details,spotify:track:5Z7cI9glyUTDTRtWSs8K9I
Toro y Moi,Anything In Return,Studies,spotify:track:371yxBhoXDn1G13yVrlTx8
Toro y Moi,Anything In Return,Touch,spotify:track:3oCITH1F8FkxbSRp9CidFR
Toro y Moi,Boo Boo,(Be) (feat. Madeline Kenney),spotify:track:3MQpQTnvL1ZpunpeV5wnYn
Toro y Moi,Boo Boo,Don't Try,spotify:track:3p6et8ThrrIm2JT7yhpKqO
Toro y Moi,Boo Boo,Embarcadero,spotify:track:0i9fxpBn6JtNmHWM7ELqeN
Toro y Moi,Boo Boo,Girl Like You,spotify:track:6TFUZ8Bt1brEwomY90SKXi
Toro y Moi,Boo Boo,Inside My Head,spotify:track:26fXDKi8z5YXog97HrKY3V
Toro y Moi,Boo Boo,Labyrinth,spotify:track:3TVVNLGw5RPpbtx77SM9ge
Toro y Moi,Boo Boo,Mirage,spotify:track:6wIjQNc12WD1EoTlX0VmM6
Toro y Moi,Boo Boo,Mona Lisa,spotify:track:0jcHwTb9V8TGnvCjMK6kDo
Toro y Moi,Boo Boo,No Show,spotify:track:6WRswLVi9ObsJr19D8FbTG
Toro y Moi,Boo Boo,Pavement,spotify:track:3AgiBkpp6ta4cXkq3fLcRb
Toro y Moi,Boo Boo,W.I.W.W.T.W.,spotify:track:1pa0NpBPMBJhzVqRUZXRPM
Toro y Moi,Boo Boo,Windows,spotify:track:0hK8fijUmBJCgeGksHApon
Toro y Moi,Boo Boo,You and I,spotify:track:6s4KuajNjIf1ohQCcHYNga
Toro y Moi,Causers Of This,Blessa,spotify:track:42XvfAZ1apARC2Ht7TtLkL
Toro y Moi,Causers Of This,Causers Of This,spotify:track:1M7IMH09gI2uUHyjuQYajH
Toro y Moi,Causers Of This,Fax Shadow,spotify:track:1voUckQizFo35kmOgrTTrw
Toro y Moi,Causers Of This,Freak Love,spotify:track:1SV2PrxE3ANQxqT44AKorG
Toro y Moi,Causers Of This,Imprint After,spotify:track:2odq6OBoCryVyS5XeObblO
Toro y Moi,Causers Of This,Lissoms,spotify:track:6YuEaCC5WVRqobTJKNXOER
Toro y Moi,Causers Of This,Low Shoulders,spotify:track:1mj01FdNhQ90N16CxId0EU
Toro y Moi,Causers Of This,Minors,spotify:track:704lyWwLFR6s0GAXMeIQ4I
Toro y Moi,Causers Of This,Talamak,spotify:track:7IMEujWDpHQdMxtEGWDp2m
Toro y Moi,Causers Of This,Thanks Vision,spotify:track:4R8FC9x6bhsB8yDi2TfWnW
Toro y Moi,Causers Of This,You Hid,spotify:track:0I74hVw1WxIayHNGxnBqQn
Toro y Moi,June 2009,Best Around,spotify:track:1dZle4bLcuVsfeZS60lp50
Toro y Moi,June 2009,Dead Pontoon,spotify:track:38RgP2axvPUTcYIbySNd12
Toro y Moi,June 2009,Drive South,spotify:track:6i5d4aJnpRk9C3KY3HRGZz
Toro y Moi,June 2009,Ektelon,spotify:track:6qzQeG1Vf4fpGPpRU0zuTz
Toro y Moi,June 2009,Girl Problems,spotify:track:0bBpYXY6xfGPZdVLUtF7Fr
Toro y Moi,June 2009,New Loved Ones,spotify:track:2lWm2mf1l7giYCwEK68BVw
Toro y Moi,June 2009,Sad Sams,spotify:track:2nIdKZR7KVMZp1Wucc5Nk0
Toro y Moi,June 2009,Take the L to Leave,spotify:track:7FK7PwFKsDzffAL7fOWtXW
Toro y Moi,June 2009,Talamak - First Version,spotify:track:1IHp8AeTiv0WVa26kiqWmD
Toro y Moi,June 2009,Warm Frames,spotify:track:3RMkNnvmxOY3FLPHCHSY8N
Toro y Moi,Live from Trona,Buffalo,spotify:track:1nHUf6KGQgd4fefjzYQtWT
Toro y Moi,Live from Trona,Divina,spotify:track:55KyrCLEx9y3J7fHfbH23A
Toro y Moi,Live from Trona,Grown Up Calls,spotify:track:5J9BRbFTsfNTaZHr50nB9L
Toro y Moi,Live from Trona,Half Dome,spotify:track:0PD1bQuK4ib9tj0fqF5swi
Toro y Moi,Live from Trona,High Living,spotify:track:1Yu22Urp3iJY94ZtDn61j9
Toro y Moi,Live from Trona,JBS (feat. The Mattson 2),spotify:track:2KbrTYtl6XnVbyiG5HKfKu
Toro y Moi,Live from Trona,Lilly,spotify:track:75IFUlxtRJYS7Mi1jHkUGo
Toro y Moi,Live from Trona,Ratcliff,spotify:track:0oNYSmCZa7Vqy9DNPIfCQA
Toro y Moi,Live from Trona,Say That,spotify:track:6UKKm3rJQL9ql0wH4kwbhs
Toro y Moi,Live from Trona,Still Sound,spotify:track:15O2gWRgFU763MALQeFsNG
Toro y Moi,Live from Trona,The Flight,spotify:track:7M5veK2G1mHQAiaJ9g0oe5
Toro y Moi,Live from Trona,What You Want,spotify:track:22DVl7C6ceEmFuYM1jXZDY
Toro y Moi,Live from Trona,Yeah Right,spotify:track:4IOzWGeop7JyauEQQErN82
Toro y Moi,Outer Peace,50-50 (feat. Instupendo),spotify:track:5qozAS2huRB1yn4XDnJtoX
Toro y Moi,Outer Peace,Baby Drive It Down,spotify:track:3nB1luIDE1motEUhMXImp0
Toro y Moi,Outer Peace,Fading,spotify:track:4RKXPNzSNfrlgcCrksmauL
Toro y Moi,Outer Peace,Freelance,spotify:track:1zbLpabwKzj404PWNEKtjL
Toro y Moi,Outer Peace,Laws of the Universe,spotify:track:5iogKheqFC4DTFCy8i1LXh
Toro y Moi,Outer Peace,Miss Me (feat. ABRA),spotify:track:2e2ODYnQs9b5WHzAfx7fmz
Toro y Moi,Outer Peace,Monte Carlo (feat. WET),spotify:track:3R73Y7X53MIQZWnKloWq5i
Toro y Moi,Outer Peace,New House,spotify:track:40YmyUvb5AmaAWXpXTj7VD
Toro y Moi,Outer Peace,Ordinary Pleasure,spotify:track:31F0KxmTD4rz3o0tJht5RL
Toro y Moi,Outer Peace,Who I Am,spotify:track:7mMLKwFMq8STlXOBexSwqf
Toro y Moi,Underneath The Pine,Before I'm Done,spotify:track:2Nq4dESsqhB8a6ywBjBKLj
Toro y Moi,Underneath The Pine,Divina,spotify:track:29ZxLvpF6Xa7dCcGlRkA84
Toro y Moi,Underneath The Pine,Elise,spotify:track:4PaCXHGXKSH849hREi8d3m
Toro y Moi,Underneath The Pine,Go With You,spotify:track:1qv1TQ47AS6LoEiWJN9zD9
Toro y Moi,Underneath The Pine,Good Hold,spotify:track:0YN9jyGP06oWvK2CK3BlFl
Toro y Moi,Underneath The Pine,Got Blinded,spotify:track:7f3pwbDIOBXt5HAGyFPwZW
Toro y Moi,Underneath The Pine,How I Know,spotify:track:5HZMDPhrOc5njqLkDS9Cq5
Toro y Moi,Underneath The Pine,Intro/Chi Chi,spotify:track:6JkxVrOSjGroricyiQcqHe
Toro y Moi,Underneath The Pine,Light Black,spotify:track:2atJu1itGEIAFtAO3vZvNO
Toro y Moi,Underneath The Pine,New Beat,spotify:track:7jWIolCo1nHYaAmOvFH0Lo
Toro y Moi,Underneath The Pine,Still Sound,spotify:track:4p3jL7SFn8YDXmMPeEs4W2
Toro y Moi,What For?,Buffalo,spotify:track:0POIckpJtVYttAJ5wTrxPC
Toro y Moi,What For?,Empty Nesters,spotify:track:22qUrdPuyxvhQMCPNfd1Bj
Toro y Moi,What For?,Half Dome,spotify:track:4iJ9hqYAkCr0dhJiL9K0nw
Toro y Moi,What For?,Lilly,spotify:track:6MDLO5bi8mGexqSwF9KmpH
Toro y Moi,What For?,Ratcliff,spotify:track:1StpNFBn01BsdbSXbA2VrI
Toro y Moi,What For?,Run Baby Run,spotify:track:3IJLF4AJFL6hBlCbdwL8UQ
Toro y Moi,What For?,Spell It Out,spotify:track:1HueUI7zrnVukIJAAjBBeh
Toro y Moi,What For?,The Flight,spotify:track:1rv6n0m0RwMTAdQeMquLgM
Toro y Moi,What For?,What You Want,spotify:track:0jBPITJzJTW4rFQqyyEnpA
Toro y Moi,What For?,Yeah Right,spotify:track:0fCWGSfnXMAanBsFkvdzJC
Toro y Moi,Who I Am (Channel Tres Remix),Who I Am (Channel Tres Remix),spotify:track:0p81XQP5fAeyxzzVMQKYp5
Torolf Stendik,Studio Barnhus Volym 1,World Is A (Disko Dub II),spotify:track:14LHeXAbLUjMeDsZFfyjgk
Toshimaru Nakamura,Late Night Tales: Floating Points,Nimb#59,spotify:track:1HWegKtK2ViKO7ivaw4yO0
Tour-Maubourg,Longing For U,Longing For U,spotify:track:2L0GFhQC5KSzBeOxL5901i
Trellion,Compound,Compound,spotify:track:02H05NlKnwFQREf0qu89AL
Triathalon,Drip,Drip,spotify:track:5H8BPBnmDDeocTGbwCmYWm
Triforce,We out Here,Walls,spotify:track:7dPMJQ1Au1pSHqo1yej8Rq
Tropics,Nocturnal Souls,Come Home,spotify:track:0WPjSbUUCRtmJt1Pa1yZC0
Tropics,Nocturnal Souls,Keep Me Turning Back,spotify:track:0V05aSGUwMbLiXGPCY20Z6
Tropics,Nocturnal Souls,Never Letting Go,spotify:track:63P2OKIAC5qhBNV7Oa2FmO
Tropics,Nocturnal Souls,Nocturnal Souls,spotify:track:4rYyNNKUtFr9HElUbD4gWn
Tropics,Nocturnal Souls,Overturning,spotify:track:4wPi1mPp0NlBSqmBu2j1N3
Tropics,Nocturnal Souls,Restless,spotify:track:6kpiasHpJyvPTP1jMBm8Pc
Tropics,Nocturnal Souls,Return To,spotify:track:0pedGhFcLhprlRnLsIZ6w8
Tropics,Nocturnal Souls,The Heat,spotify:track:0VWppeVG09K6UG0reoBlh2
Tropics,Nocturnal Souls,Velvet,spotify:track:2iGanWPMAHkGCxcOpKz7YA
TSHA,fabric presents Bonobo,Sacred - Mixed,spotify:track:4fdL0xPavhgnuMhUn03ZKx
Tuxedo,Tuxedo,Do It,spotify:track:1cyP2lN6FqZsF8eO1L62Qv
Tuxedo,Tuxedo,Get U Home,spotify:track:6EkkgmiuiNkpF9Ubg56XQQ
Tuxedo,Tuxedo,I Got U,spotify:track:4oVi0SpE2TFpfTUQl6FAY7
Tuxedo,Tuxedo,Lost Lover,spotify:track:2sMQygxuqVBKLEhfMTzfYF
Tuxedo,Tuxedo,Number One,spotify:track:4AGyRj0EXVJSg8LsUiTO8o
Tuxedo,Tuxedo,R U Ready,spotify:track:26N0mgcN3rZHDst6CG6UeP
Tuxedo,Tuxedo,Roll Along,spotify:track:11dZW4G5MaaIGCueqUUmIg
Tuxedo,Tuxedo,So Good,spotify:track:5GKFtbPVRb6T7BWAC4ZJFp
Tuxedo,Tuxedo,The Right Time,spotify:track:0YyYmnFriK0kgtrUaQcqAy
Tuxedo,Tuxedo,Tuxedo Groove,spotify:track:2065jGM3olq8vUmX6joaFX
Tuxedo,Tuxedo,Two Wrongs,spotify:track:5e0mOpeQfqaSvkQOHoJHMz
Tuxedo,Tuxedo,Watch The Dance,spotify:track:5aDvPMuGrAxldTeH7Fsd7J
Tuxedo,Tuxedo II,2nd Time Around,spotify:track:20idwcdmzRCgJUfT8BFEbw
Tuxedo,Tuxedo II,Back In Town,spotify:track:6K3YTSDK4wXcdImiFAw2Qv
Tuxedo,Tuxedo II,Fux with the Tux,spotify:track:5VkI4neJWJV5PR7nutPhyr
Tuxedo,Tuxedo II,July,spotify:track:1kwC1jsprYeYMpt4PS0Bh6
Tuxedo,Tuxedo II,Livin’ 4 Your Lovin’,spotify:track:7zDcDGNL7UQ2rN92tEmNev
Tuxedo,Tuxedo II,Rotational,spotify:track:66Vf6jMlmCRYjFS3TAbwk9
Tuxedo,Tuxedo II,Scooter’s Groove,spotify:track:3ZpQQlK5GUq1QhsP7woTix
Tuxedo,Tuxedo II,Shine,spotify:track:7rq4mi0E8v0lOjBlleG6HM
Tuxedo,Tuxedo II,Special,spotify:track:3jMi2091b2kQWSCcsPPTkk
Tuxedo,Tuxedo II,Take a Picture,spotify:track:0GkJgMNRd3ssteeTdOIOTF
Tuxedo,Tuxedo II,U Like It,spotify:track:7vq7UN32uLZfIlE3rKUlu4
TV Blonde,Brown Boy Blues,Alexis (Reprise),spotify:track:4PVNO2Vvc0em6FyeV80Mla
TV Blonde,Brown Boy Blues,Anxiety,spotify:track:1rXnxriBXduM9cXNAYfIvz
TV Blonde,Brown Boy Blues,Camping (That Day),spotify:track:1B3PI1XZjrd2SXDqLzzBV2
TV Blonde,Brown Boy Blues,Contacts,spotify:track:7HTlMMG2JNZzvgJHSAKss4
TV Blonde,Brown Boy Blues,Don't Trip,spotify:track:3KeopA0gqZLUgOWXOZxpgz
TV Blonde,Brown Boy Blues,Everything Will Be Okay,spotify:track:2ZUcUT5XQ7t0qXNC2iD3l4
TV Blonde,Brown Boy Blues,Floating,spotify:track:1feHHJlROi5vLi4DL3hcpu
TV Blonde,Brown Boy Blues,Nervous (Interlude),spotify:track:1yaQ30IBMUSkjXAIfZibbP
TV Blonde,Brown Boy Blues,Play Pretend,spotify:track:3Q9XI6OK0ikwX9mNQJyUqV
TV Blonde,Brown Boy Blues,Renee / Good2Me,spotify:track:37Zs0WSykaViWqCMNlMMOR
TV Blonde,Brown Boy Blues,September,spotify:track:7v1OeNHfSXJR9YVD4X7oRw
TV Blonde,Brown Boy Blues,Somewhere Else,spotify:track:7kyIJhaSBJMxblFOwrDmdi
TV Blonde,Brown Boy Blues,Steady,spotify:track:3Pa8GWEMHPBx0TPDNF7iMT
TV Blonde,Brown Boy Blues,Tell Me (That Day),spotify:track:5iH5KcbmftE043KRsPlnoN
TV Blonde,Brown Boy Blues,Will,spotify:track:57lz3prvVMl5Uo0frDNCZH
TV Blonde,TALMBOUT,Beeeb,spotify:track:33ot3NgXNf7JyDrEzMpKlW
TV Blonde,TALMBOUT,Burnt,spotify:track:4VDEOroxguwQoPaHXXXgAq
TV Blonde,TALMBOUT,Burritowraps [gudbiii],spotify:track:2am9vWHteOZVYHUD1LwmYo
TV Blonde,TALMBOUT,Clams [interlude],spotify:track:3pvGhrK0qFEkTR4exYVd01
TV Blonde,TALMBOUT,CYRK,spotify:track:49fMApL9yqNZ8B9zsk7Y98
TV Blonde,TALMBOUT,Fallinluv,spotify:track:5ZS7q55zs6o884VF9Zy05o
TV Blonde,TALMBOUT,FOOTFIENDS,spotify:track:6icXCOslMzxRMgmIe8NFgz
TV Blonde,TALMBOUT,Fuxxnlame,spotify:track:5DFeMR9wnPO3qOkRUGRR2Z
TV Blonde,TALMBOUT,Happyfaceemoji,spotify:track:2vzK69K9pR9nPXDddMqOWx
TV Blonde,TALMBOUT,Lunar,spotify:track:4CQCVfINkuYDy1VBSXB3dt
TV Blonde,TALMBOUT,Luz,spotify:track:5fUWpCwRhft4zHQNBbbINW
TV Blonde,TALMBOUT,Shawty [interlude],spotify:track:6rYnSn2VKOlfAZJWuvSP3Q
TV Blonde,TALMBOUT,She'll Be,spotify:track:7tWJtKc5Jt3hVc3TQ7oaPR
TV Blonde,TALMBOUT,Shoestrngs,spotify:track:1zMe77nI3Ya3w3syqUR5p3
TV Blonde,TALMBOUT,Soufrabi,spotify:track:06TXJie5zw0FFxZ70ZYffR
TV Blonde,TALMBOUT,Talmbout [intro],spotify:track:4I3eVLBQZjKMvDuE0e2e62
TV Blonde,TALMBOUT,Wax,spotify:track:1xzFre8HLO9shX7WY47QOB
TV Blonde,TALMBOUT,Yourcurlyhair,spotify:track:49W0QHiHyv2bZCuM7koDm7
Twit One,Hay Luv,Arme Ritter,spotify:track:0i3my6MfLBG47ON6OCab8j
Twit One,Hay Luv,Chayn Gang,spotify:track:5IE87Z6y6uhK8h5hmdcr3E
Twit One,Hay Luv,Pawboy / Innocent,spotify:track:55u4H7c2w34M76m153Q673
Twit One,Oynk,1312,spotify:track:04W9TliyiOS7sZbQysOghg
Twit One,Seemy 2,Seemy 2,spotify:track:3kBp8idb8XTqD7urDnAzyR
Twit One,The Sit-In,Daftari Hili,spotify:track:6CAsshXS2Twi0jKsRdN4b8
Two Another,Another Tape,Aiming Up,spotify:track:3iqljBpSVOSrTSiP7WJQGp
Two Another,Another Tape,Coming Alive,spotify:track:3yBgUv7hHzX1K7lpQ1XEr4
Two Another,Another Tape,Enter My Life,spotify:track:2xvEeR4Z0JpTOPFMkDtWMw
Two Another,Another Tape,Hoping You Changed,spotify:track:747JWzg92Lyecuv9DeagMc
Two Another,Another Tape,I Can Feel It Coming,spotify:track:0FqBZeejFPW40iAWLDT9WI
Two Another,Another Tape,Look,spotify:track:4iO4inNjtrvwclEGpXkY4g
Two Another,Another Tape,Shouldn't Have Done That,spotify:track:0g4sNy7ERrMIIj6MBWxByI
Two Another,Another Tape,The Night,spotify:track:6WzocThCIif336LScfLPOO
Two Another,Another Tape,World Demands It,spotify:track:6S1zHXhxJMP0y8jJ5Md2fU
Two Another,Keeping Me Under,Keeping Me Under,spotify:track:1PQNcWNJt5P9gSLRLA5gmT
twuan,UH OH,UH OH,spotify:track:48JxEAGsZtyzRPvX2PCbyC
Tycho,Awake (Deluxe Version),Apogee,spotify:track:7wLPcqD8gddBMqgEoEomIP
Tycho,Awake (Deluxe Version),Apogee - RJD2 Remix,spotify:track:6ZAnX0ByKouwa1DNfAGTAV
Tycho,Awake (Deluxe Version),Awake,spotify:track:4EvmJunQ8vILtkRbbmciZT
Tycho,Awake (Deluxe Version),Awake - Com Truise Remix,spotify:track:3xn43oawSJROysVHMgUbnd
Tycho,Awake (Deluxe Version),Dye,spotify:track:1iUlbELdme5OuoG0Vjay7D
Tycho,Awake (Deluxe Version),Dye - Nitemoves Remix,spotify:track:2SaRktxGvn3Q6cMb9hZj6E
Tycho,Awake (Deluxe Version),L,spotify:track:6j8p7IP8HMK2zhYCbUko1J
Tycho,Awake (Deluxe Version),L - Dusty Brown Remix,spotify:track:3W0xVZqBTWW7t4neQWxlam
Tycho,Awake (Deluxe Version),Montana,spotify:track:2FkuzKRDKGE7i5r78eaKsa
Tycho,Awake (Deluxe Version),Montana - Christopher Willits Remix,spotify:track:17u6z5wEyfYEdcBr4SCepc
Tycho,Awake (Deluxe Version),Montana - Few Nolder Remix,spotify:track:6icl0SWFoJCu57mUtVrRyC
Tycho,Awake (Deluxe Version),Plains,spotify:track:7GiKNYihlsdecZtWpUIXHt
Tycho,Awake (Deluxe Version),Plains - Baio Remix,spotify:track:6N4NDmq5utOrWU9Yk36JW6
Tycho,Awake (Deluxe Version),See,spotify:track:6zaowzLq2y7Vtv3derLoak
Tycho,Awake (Deluxe Version),See - Beacon Remix,spotify:track:3ae9eWgVA4iQqtLmAGlitf
Tycho,Awake (Deluxe Version),Spectre,spotify:track:2vaeHpJqkXG9BwTjuE1ers
Tycho,Awake (Deluxe Version),Spectre - Bibio Remix,spotify:track:7lHrROzRgDwcfWZYkuONsF
Tycho,Dive,A Walk,spotify:track:3zgITUJZMo8vZVBdI7g63j
Tycho,Dive,Adrift,spotify:track:3O8S2LzsrxXPA1XkwOVK0J
Tycho,Dive,Ascension,spotify:track:0Asna3PKm3VkM0CQ0yhvyG
Tycho,Dive,Coastal Brake,spotify:track:1C9EtAosKaHPP2XmUoCtHX
Tycho,Dive,Daydream,spotify:track:2w71BujOMoAli4xARsEVvm
Tycho,Dive,Dive,spotify:track:0l2qjN0HvVYMkZ9Mko3lVM
Tycho,Dive,Elegy,spotify:track:14IImux6EDgSvFWHjV055K
Tycho,Dive,Epigram,spotify:track:5XxQdLYCgPzvUGGCrdDadw
Tycho,Dive,Hours,spotify:track:7vBxRr3ecb2qVvwxlso7oh
Tycho,Dive,Melanine,spotify:track:4m5kC2edV4OOUUgnftdiij
Tycho,Epoch,Continuum,spotify:track:3n89FdoF8it7elSwJ7NQrD
Tycho,Epoch,Division,spotify:track:7rk4WCobncI7DwHYFhiddQ
Tycho,Epoch,Division - Heathered Pearls Remix,spotify:track:6r3nIqECfZ3EW8YlzBeSOp
Tycho,Epoch,Division - Kaitlyn Aurelia Smith Remix,spotify:track:0egsqgiiG5TV59hOMj5qiy
Tycho,Epoch,Epoch,spotify:track:2pFcSlaKhzMY1MgFAMlgVc
Tycho,Epoch,Epoch - Luttrell Remix,spotify:track:7pisfS5uPOJEPKozyMgGC2
Tycho,Epoch,Field,spotify:track:17AcBswb43ChdqpiKsKq1O
Tycho,Epoch,Glider,spotify:track:264gGuFg03q5lb3chwtqVw
Tycho,Epoch,Horizon,spotify:track:37VP8pcYXvaKoQFigQVj4N
Tycho,Epoch,Horizon - Poolside Remix,spotify:track:6gjwcBrDwzw7fCx8CTapKy
Tycho,Epoch,Local,spotify:track:3YEDqobyjldjWTyJwhcZSw
Tycho,Epoch,Receiver,spotify:track:1DI7wj7kZA2DerrvObBKPu
Tycho,Epoch,Rings,spotify:track:4Q7geUD2vuoLCrL9JBdBxk
Tycho,Epoch,Slack,spotify:track:46CArdrs95Mu9p6341Ouxb
Tycho,Epoch,Source,spotify:track:0odOgwLYK5uCMUcjcuqqjZ
Tycho,Past Is Prologue,A Circular Reeduction,spotify:track:1ugHPHnb337KmbWNtVrGlG
Tycho,Past Is Prologue,A Circular Reeduction - Dusty Brown Remix,spotify:track:7L7YBFFKKpcHCWwSOcdOHN
Tycho,Past Is Prologue,Brother,spotify:track:2zKA5qb5LnYZy26tTF1gsW
Tycho,Past Is Prologue,Cascade,spotify:track:2A1ZwnnqfzW1gflBb4cz0H
Tycho,Past Is Prologue,Cloud Generator,spotify:track:7kFQzd8K2ELLgxBquFacXp
Tycho,Past Is Prologue,Dictaphone's Lament,spotify:track:0PDmQxDWnhgaofzYGmoQ42
Tycho,Past Is Prologue,From Home,spotify:track:1Drn4eFMcmzgduZUuTH6Lk
Tycho,Past Is Prologue,From Home - Mux Mool Remix,spotify:track:526auSDxuqfMnckCZOpR80
Tycho,Past Is Prologue,Past Is Prologue,spotify:track:3qX87ISoCv8Za8Z82CxXRg
Tycho,Past Is Prologue,PBS,spotify:track:1zGY5mESsMbnJ8lklMoAPD
Tycho,Past Is Prologue,Phoenix,spotify:track:5iaM2NngRjDpLKoYY43uLS
Tycho,Past Is Prologue,Send And Receive,spotify:track:5pEF5fuXw2X8oZj1cI4zHR
Tycho,Past Is Prologue,Send And Receive - Chachi Jones Remix,spotify:track:7elQhjuqKPonzEVshgi79V
Tycho,Past Is Prologue,Sunrise Projector,spotify:track:3nwkZFP42RNJJUcuXD6mQD
Tycho,Past Is Prologue,Sunrise Projector - Nautilis Remix,spotify:track:6R2v7UULvVBCk6yC8Uvb6t
Tycho,Past Is Prologue,The Disconnect,spotify:track:15XHjMAtDkXVUnBGPQaPLv
"Tyler, The Creator",Cherry Bomb + Instrumentals,"2SEATER (feat. Aaron Shaw, Samantha Nelson & Austin Feinstein)",spotify:track:5LUJ8X9S6lJOeUwJkWqCeX
"Tyler, The Creator",Cherry Bomb + Instrumentals,2SEATER - Instrumental,spotify:track:2svpV0Ja1LtGq6eE7Pysu9
"Tyler, The Creator",Cherry Bomb + Instrumentals,"BLOW MY LOAD (feat. Wanya Morris, Dâm-Funk, Austin Feinstein & Sydney Bennett)",spotify:track:57lHFW5RSl888Q1UionOXq
"Tyler, The Creator",Cherry Bomb + Instrumentals,BLOW MY LOAD - Instrumental,spotify:track:2J1ix1qlk9WjgQzV5gSpO7
"Tyler, The Creator",Cherry Bomb + Instrumentals,BUFFALO (feat. Shane Powers),spotify:track:3h0P4TXrlrv9Lj0z7FS36I
"Tyler, The Creator",Cherry Bomb + Instrumentals,BUFFALO - Instrumental,spotify:track:3mWdvkm8RbMr1d5Q2Jk4N5
"Tyler, The Creator",Cherry Bomb + Instrumentals,CHERRY BOMB,spotify:track:53Ij8FmAuvzXLsjzCTLM31
"Tyler, The Creator",Cherry Bomb + Instrumentals,CHERRY BOMB - Instrumental,spotify:track:5Sp0Qp4cmT5XXeJXfnrDAm
"Tyler, The Creator",Cherry Bomb + Instrumentals,DEATHCAMP (feat. Cole Alexander),spotify:track:2u1tKPsxhwigi5BNbXihB0
"Tyler, The Creator",Cherry Bomb + Instrumentals,DEATHCAMP - Instrumental,spotify:track:4rD9WSFNt2LbhVcqZqa5rp
"Tyler, The Creator",Cherry Bomb + Instrumentals,"FIND YOUR WINGS (feat. Roy Ayers, Sydney Bennett & Kali Uchis)",spotify:track:0mvnmLsfi9n5RjPIWzT6tY
"Tyler, The Creator",Cherry Bomb + Instrumentals,FIND YOUR WINGS - Instrumental,spotify:track:3xLUgT2u1LGSFAI1hFSNJz
"Tyler, The Creator",Cherry Bomb + Instrumentals,"FUCKING YOUNG / PERFECT (feat. Charlie Wilson, Chaz Bundick, Sydney Bennett & Kali Uchis)",spotify:track:6738dceRZVHz8VumfBH7aI
"Tyler, The Creator",Cherry Bomb + Instrumentals,FUCKING YOUNG / PERFECT - Instrumental,spotify:track:26jiz9ZZTRxYb0nnuWKyO0
"Tyler, The Creator",Cherry Bomb + Instrumentals,KEEP DA O'S (feat. Pharrell Williams & Coco O.),spotify:track:0YOzUujSDOvSRahyn1Pkeb
"Tyler, The Creator",Cherry Bomb + Instrumentals,KEEP DA O'S - Instrumental,spotify:track:7Il5uRy0f42P1hXMIfa6iG
"Tyler, The Creator",Cherry Bomb + Instrumentals,"OKAGA, CA (feat. Alice Smith, Leon Ware & Clem Creevy)",spotify:track:3QZY1nrt8MKrlnotFwRwcm
"Tyler, The Creator",Cherry Bomb + Instrumentals,"OKAGA, CA - Instrumental",spotify:track:0wt8YgYZVAIi8OpVTB7PZ7
"Tyler, The Creator",Cherry Bomb + Instrumentals,PILOT (feat. Sydney Bennett),spotify:track:4SUQbrebZgvSX8i3aYHMB6
"Tyler, The Creator",Cherry Bomb + Instrumentals,PILOT - Instrumental,spotify:track:3qNiRhFYfEbuvWvzQQ5p7d
"Tyler, The Creator",Cherry Bomb + Instrumentals,RUN (feat. Chaz Bundick & ScHoolboy Q),spotify:track:1VZS61kwta2pHVTAXU9uU1
"Tyler, The Creator",Cherry Bomb + Instrumentals,RUN - Instrumental,spotify:track:0JUwpmBTwaXjdMTCnI5eNX
"Tyler, The Creator",Cherry Bomb + Instrumentals,SMUCKERS (feat. Lil Wayne & Kanye West),spotify:track:3v6SdZsS8zR6Go257tldbB
"Tyler, The Creator",Cherry Bomb + Instrumentals,SMUCKERS - Instrumental,spotify:track:4x9qXC1n1x3v7tg4VD6xep
"Tyler, The Creator",Cherry Bomb + Instrumentals,THE BROWN STAINS OF DARKEESE LATIFAH PART 6-12 (REMIX) (feat. ScHoolboy Q),spotify:track:7E3FdWpPkWTCggsanYXj30
"Tyler, The Creator",Cherry Bomb + Instrumentals,THE BROWN STAINS OF DARKEESE LATIFAH PART 6-12 (REMIX) - Instrumental,spotify:track:3MNMl544W55Fphu1do513b
"Tyler, The Creator",Goblin,Analog,spotify:track:5B5HFdpJcWKfHwFIbtW3W2
"Tyler, The Creator",Goblin,AU79,spotify:track:762Vs0CPq1w5143tqP75Cb
"Tyler, The Creator",Goblin,B.S.D.,spotify:track:4PJhX5E9ZTcv0JwSTiQEd7
"Tyler, The Creator",Goblin,Burger,spotify:track:6U1DM6uo5O27pdDQlXoY6h
"Tyler, The Creator",Goblin,Fish,spotify:track:4hszSyWWT5E8H067t9BR9t
"Tyler, The Creator",Goblin,Goblin,spotify:track:381YDF7J4RWDn4wdLE9ilk
"Tyler, The Creator",Goblin,Golden,spotify:track:62Lqbw6j07NgmvlSQISZrR
"Tyler, The Creator",Goblin,Her,spotify:track:0QhcQOQmJXJprybz2CdW4s
"Tyler, The Creator",Goblin,Nightmare,spotify:track:4exAtvrz0nTgJYW0Ufcp8w
"Tyler, The Creator",Goblin,Radicals,spotify:track:220RJ6ypV6EiQkizE8JcCy
"Tyler, The Creator",Goblin,Sandwitches,spotify:track:3fTwZCsAwIpGaT3S9ltOpV
"Tyler, The Creator",Goblin,She,spotify:track:3QPKkP40zmc6xBtJMrXSNi
"Tyler, The Creator",Goblin,Steak Sauce,spotify:track:7F1rvYPRUAEhnghRaKsm0I
"Tyler, The Creator",Goblin,Transylvania,spotify:track:1VoCbWyKtisq7sZMU6i58x
"Tyler, The Creator",Goblin,Tron Cat,spotify:track:1ClZoQFui3nt7YOsIvtP7Z
"Tyler, The Creator",Goblin,Untitled 63,spotify:track:16jVIyQrU6CCLanqFYzTY2
"Tyler, The Creator",Goblin,Window,spotify:track:6n8SP8IHfssSj6Dht61AnI
"Tyler, The Creator",Goblin,Yonkers,spotify:track:4OKXvqtfwlvY2fYJ2lzHPH
"Tyler, The Creator",IGOR,A BOY IS A GUN*,spotify:track:1nXZnTALNXiPlvXotqHm66
"Tyler, The Creator",IGOR,ARE WE STILL FRIENDS?,spotify:track:5TxRUOsGeWeRl3xOML59Ai
"Tyler, The Creator",IGOR,EARFQUAKE,spotify:track:5hVghJ4KaYES3BFUATCYn0
"Tyler, The Creator",IGOR,EXACTLY WHAT YOU RUN FROM YOU END UP CHASING,spotify:track:5e4LIAQI0bClLazNf2gZV0
"Tyler, The Creator",IGOR,"GONE, GONE / THANK YOU",spotify:track:1hz7SRTGUNAtIQ46qiNv2p
"Tyler, The Creator",IGOR,I DON'T LOVE YOU ANYMORE,spotify:track:5A0M6B0RBSXSNWv0wcppZ9
"Tyler, The Creator",IGOR,I THINK,spotify:track:4f8Mh5wuWHOsfXtzjrJB3t
"Tyler, The Creator",IGOR,IGOR'S THEME,spotify:track:51RN0kzWd7xeR4th5HsEtW
"Tyler, The Creator",IGOR,NEW MAGIC WAND,spotify:track:0fv2KH6hac06J86hBUTcSf
"Tyler, The Creator",IGOR,PUPPET,spotify:track:0wEC0GNF74lAqrEFZJMl1m
"Tyler, The Creator",IGOR,RUNNING OUT OF TIME,spotify:track:5QvBXUm5MglLJ3iBfTX2Wo
"Tyler, The Creator",IGOR,WHAT'S GOOD,spotify:track:6bOkaEXc5CopinGazSLokx
"Tyler, The Creator",Potato Salad,Potato Salad,spotify:track:1jzIJcHCXneHw7ojC6LXiF
"Tyler, The Creator",Wolf,48,spotify:track:2wK7y55bzry7tUDmDqYaz7
"Tyler, The Creator",Wolf,Answer,spotify:track:6rqj2zeKhLy3exkuFi6mSz
"Tyler, The Creator",Wolf,Awkward,spotify:track:6c7l5gpEyCNGr86jsWneGy
"Tyler, The Creator",Wolf,Colossus,spotify:track:5AnVuHLmgipXkFmBvj2Q6H
"Tyler, The Creator",Wolf,Cowboy,spotify:track:2hjjUjikOa29kImnI5kQPw
"Tyler, The Creator",Wolf,Domo23,spotify:track:75kiQfmmuQwgquZ9RLSvuA
"Tyler, The Creator",Wolf,IFHY (feat. Pharrell),spotify:track:0NjW4SKY3gbfl2orl1p8hr
"Tyler, The Creator",Wolf,Jamba (feat. Hodgy),spotify:track:3Z5pXxCb0O6L53vejFHhqQ
"Tyler, The Creator",Wolf,Lone,spotify:track:6oVFpdtDzSgRLv8rUgFVUW
"Tyler, The Creator",Wolf,Parking Lot (feat. Casey Veggies & Mike G),spotify:track:1UBLglX9fPtTBZSwJj4yVG
"Tyler, The Creator",Wolf,PartyIsntOver/Campfire/Bimmer (feat. Frank Ocean & Laetitia Sadier),spotify:track:04QTBqa3IA4ZAKEuqRPzEH
"Tyler, The Creator",Wolf,Pigs,spotify:track:5L4n81Ecf8UE837uJkuoJJ
"Tyler, The Creator",Wolf,Rusty (feat. Domo Genesis & Earl Sweatshirt),spotify:track:4oQkcfukOHfKsmeoeXQLWC
"Tyler, The Creator",Wolf,Slater (feat. Frank Ocean),spotify:track:5wTpnBRTx1HSGQVDZQ2VSh
"Tyler, The Creator",Wolf,Tamale,spotify:track:60b6B2ULC85t4Y5IjZvP7A
"Tyler, The Creator",Wolf,"Trashwang (feat. Na-Kel Smith, Jasper Dolphin, Lucas, L-Boy, Taco, Left Brain & Lee Spielman)",spotify:track:2OaPyH3JLuft6iuNFHFJl0
"Tyler, The Creator",Wolf,Treehome95 (feat. Coco O. & Erykah Badu),spotify:track:2vLwhcsvRd1f2ETft1kWDN
"Tyler, The Creator",Wolf,WOLF,spotify:track:2JZpS2sOdJy37oBpn1GuPW
Udmo,Open Water,Pope's Eye,spotify:track:7FYvHKWMfy0mKyZkc5E3cZ
Uffe,Radio Days,I Can Show You High,spotify:track:3RpbkC14QNiGUjAHJ2CSvv
Ugolino,Early Hours,Early Hours,spotify:track:0t7NNWc2iaPJInAaKYCx4K
Underground Canopy,Bluestaeb and S. Fidelity Present Underground Canopy,Feelm Intermission,spotify:track:6CZ1iZHSHS2agtvKDiPMzL
Underground Canopy,Bluestaeb and S. Fidelity Present Underground Canopy,UC Visions,spotify:track:4Uhf1QfKBpfR1DrAmRgCWL
UNKLE,Reconstructed : The Best Of DJ Shadow,Lonely Soul,spotify:track:1Py6cSxHz6TizzEbKu7soa
UNKLE,Reconstructed : The Best Of DJ Shadow,Rabbit In Your Headlights,spotify:track:1Ov9RPGAgrWeF7dQsWAemP
Vanilla,Chrometrails,66,spotify:track:03FEKuwLIaqVDuzttUi0Zy
Vanilla,Chrometrails,Beta Blocker,spotify:track:27sbNdX5dJO6u4XqFi3rFv
Vanilla,Chrometrails,Chrometrails,spotify:track:5Mw2kvutUXZ4NwybDMBvTS
Vanilla,Chrometrails,Falling Down,spotify:track:1C1DayhnEoNqM3LXmyiWbu
Vanilla,Chrometrails,Hyper Gradient Symphony,spotify:track:25fpOr9BLe4iUhDyl2gTPm
Vanilla,Chrometrails,Indigo Pulse,spotify:track:4p2nVIfUkPPzCtTfLUxvce
Vanilla,Chrometrails,Passenger,spotify:track:279wglEyAUyLRaXArzKaVi
Vanilla,Chrometrails,Proxy,spotify:track:1DKkqciYjsEji47yV5U7GR
Vanilla,Chrometrails,Second Guess - Low Density,spotify:track:2j4NBpUzdoM6BNLeLqjoWV
Vanilla,Chrometrails,Snowblind,spotify:track:77aFRZqqn2qe7YQgiVKzj7
Vanilla,Chrometrails,Spirals,spotify:track:4hOzDnvF60rNrUC4LzKokl
Vanilla,Chrometrails,Sunshine Static,spotify:track:1exdJyYCQpGkvLPaSfxjbh
Vanilla,Chrometrails,The Sun Room,spotify:track:4Dg1prJVxOKjLCjMR5AyWn
Vanilla,For What It's Worth,2gether,spotify:track:0zsNv2AgU4OojJt8E3fb7r
Vanilla,For What It's Worth,Azure,spotify:track:4eHvx1ePgSmjoGYSSjNXxj
Vanilla,For What It's Worth,Better with U,spotify:track:3GsWrCKJt7E8XuwXLQfk5Y
Vanilla,For What It's Worth,Breezy,spotify:track:52qRcd2tJV9A3C9VxFL5IR
Vanilla,For What It's Worth,Days,spotify:track:2CR62rbCPOd8Ooy493w54D
Vanilla,For What It's Worth,DSR,spotify:track:2vHCgcZT61AV22MAKFnSIA
Vanilla,For What It's Worth,Intro,spotify:track:1C4sQQk2TmMdYccbZofaDD
Vanilla,For What It's Worth,Kalimba,spotify:track:5io7l6jS1ED6CggC8BPyH2
Vanilla,For What It's Worth,Mind Ctrl.,spotify:track:0L0dwTcEDicudpfsTxjjfr
Vanilla,For What It's Worth,Moonbeamz,spotify:track:2xGzCNjXULghKcXnCNarRK
Vanilla,For What It's Worth,Rashida,spotify:track:6SaOnzHnDdf5GLk3jXSCsI
Vanilla,For What It's Worth,Stuff,spotify:track:6uZSTmCqorxRO7zQdcFsme
Vanilla,For What It's Worth,The Mood,spotify:track:4ATxZZgmV9TWYsDrCOAEo0
Vanilla,For What It's Worth,This Time,spotify:track:0rd7YQRny2AhmGQjoABDPT
Vanilla,For What It's Worth,To Me,spotify:track:4HcSZqj2wD7pWd1mYewWlU
Vanilla,For What It's Worth,Touch,spotify:track:13tMQ8pyeZJ4pflgDEo6jg
Vanilla,For What It's Worth,Travels,spotify:track:0HFZyD18wEXmJEn7Tu5cCj
Vanilla,For What It's Worth,UrLuv,spotify:track:0UulfY8TuOMNRVqxp0htb6
Vanilla,For What It's Worth,VLNTN,spotify:track:4X6o4dlvItLoFVm0fqXI3I
Vanilla,For What It's Worth,Wishiknew,spotify:track:2uH99QNYwLr0hEKb8iK5Lc
Vanilla,Moonlight,2AM - Intro,spotify:track:6ZNz6mccj5Q9QV8fGz4V49
Vanilla,Moonlight,Cold Outside,spotify:track:3kyEzuygJo7UfXYv16H1KU
Vanilla,Moonlight,Crystals,spotify:track:1E8n9N017THvmcikjp3KFG
Vanilla,Moonlight,Forgettin',spotify:track:18Uqv0g5cuNI49JDbTaGNB
Vanilla,Moonlight,Fuji Pt. II (Battlecry) - Bonus Track,spotify:track:1hSfxF3Yowu5o5FUOB5ARm
Vanilla,Moonlight,Fusion,spotify:track:12hVB7sbseLf7vtzZTrt0p
Vanilla,Moonlight,Healer - Interlude,spotify:track:2Y4VzlPFgaTKtJQalcaQD4
Vanilla,Moonlight,Home,spotify:track:2UugLF4nq1zbbzRZL85f85
Vanilla,Moonlight,Keep On,spotify:track:5e0ICUfkLLwoqgm33RMU8A
Vanilla,Moonlight,Lazy Days,spotify:track:6DNLjhBZCifW0cqBDTF1kY
Vanilla,Moonlight,Moonlight,spotify:track:0wypM61PNJlXGDIulqm9fX
Vanilla,Moonlight,Rise,spotify:track:39f8SHoAHz9Hcv3YHQBcBt
Vanilla,Moonlight,Ritual,spotify:track:1i9WIUMF1ZJ5x0FAJWv5sw
Vanilla,Moonlight,Sakura,spotify:track:5UlOgMp7rSc9SJoB2rDcBa
Vanilla,Moonlight,Snowdance,spotify:track:5wpDNdpiopIbqni1tO1uIn
Vanilla,Moonlight,The Love,spotify:track:3GN6okPtjlvA6VOYOWV2Zr
Vanilla,Moonlight,Time,spotify:track:3M2wwdopvJtOApTzpsdaop
Vanilla,Moonlight,Visions,spotify:track:5fTex0RmnmaUqbmip1Wtfl
Vanilla,Moonlight,Waves,spotify:track:2hJ5C7mw6bmrbloTnaVack
Vanilla,Origin,All in My Mind,spotify:track:3DoBjJhtoimEBIzRrOYgfN
Vanilla,Origin,Arrow,spotify:track:5tmciBMKDP0Nea9v9BAqAu
Vanilla,Origin,Dreamcatcher,spotify:track:4y5fj1zKH6zZctj3kzwEmq
Vanilla,Origin,Footsteps,spotify:track:6xtppjKQERHM5FBxZsRyI3
Vanilla,Origin,Fuji,spotify:track:5zJVbdh45knPKEM21Q7Odd
Vanilla,Origin,Gigi,spotify:track:2MtCVnXynOSm1QJUGOJeVf
Vanilla,Origin,Golden,spotify:track:6AyMBxVL7jX4l2sSmc6n2n
Vanilla,Origin,Nana,spotify:track:0AGbFuDcRXdR4NcNVtZol5
Vanilla,Origin,Origin,spotify:track:0WDqMTtuoqG2VItO3aYWAu
Vanilla,Origin,"Past, Present & Future - Intro",spotify:track:668B40T2RrAu8s03GuKVrw
Vanilla,Origin,Rainy Day,spotify:track:7lynZB1j52UUjAHUrAOlxq
Vanilla,Origin,Summer,spotify:track:5DnVR3FYEj7wcpPCWrFfYo
Vanilla,Origin,Sunrise,spotify:track:4HUNawF4z9bxy7ymSMUJEV
Vanilla,Origin,Swept Away,spotify:track:2tuk3PezhFMV8fBB433tV0
Vanilla,Origin,That Dream Again,spotify:track:7yAR5ofIvcR1gm73ZX8TpT
Vanilla,Origin,Traveller,spotify:track:1laTB9mM7xUMITu6eN8Dmv
Vanilla,Origin,Whispering,spotify:track:1AUnBRQJORoQKmFJW9zIeH
Vanilla,Soft Focus,A Chance,spotify:track:3Uil7QaKua77DbrtQtxTSE
Vanilla,Soft Focus,Again & Again - Interlude,spotify:track:4q5oW6gCxoePQlrV1euuwh
Vanilla,Soft Focus,AJFA,spotify:track:0HNIFXpAndoIxTgiVzbxNd
Vanilla,Soft Focus,All Around Me,spotify:track:7q963vF4s2xniHUq7j55EA
Vanilla,Soft Focus,By,spotify:track:3qjgkEX5leb4GjqlrEClII
Vanilla,Soft Focus,Cry,spotify:track:5zlPUorICDiEIkXvjhCJra
Vanilla,Soft Focus,Daybreak - Intro,spotify:track:06DtdbuWBisEWwnvWqS2Nm
Vanilla,Soft Focus,Dreamin',spotify:track:6JyesDEv2uFFsEXvoEzkiV
Vanilla,Soft Focus,Forgetful,spotify:track:1dJQGHGHc9PfClhfvTwIhy
Vanilla,Soft Focus,Give You Everything,spotify:track:0d7AOw7Nis34sgp7xlJOxS
Vanilla,Soft Focus,Hanging Around,spotify:track:6K0tGf1dKqAecHO70W2TEw
Vanilla,Soft Focus,Hate to Ask,spotify:track:3oq5uQ76d3Ss3Sv3V2hd0J
Vanilla,Soft Focus,How,spotify:track:4iC4MJEWMu8uOABo6I9nMT
Vanilla,Soft Focus,Just Like,spotify:track:41CfhRjVICuEiOMBZiLZTy
Vanilla,Soft Focus,Let It Be Me,spotify:track:0ZsxbUrAdOvH2aDmpypmTu
Vanilla,Soft Focus,Matter of Time,spotify:track:4e9Aj4y8Qz15QHK3kzXcph
Vanilla,Soft Focus,Morning Sun,spotify:track:5LDOklhKgTRANflsfoPLeq
Vanilla,Soft Focus,People Person,spotify:track:2oraIdtB0W8FglGoyY0pon
Vanilla,Soft Focus,Put a Spell on You,spotify:track:5ZmzuIlyPrpLYT2basRuRr
Vanilla,Soft Focus,So What,spotify:track:0q7YUAJ7UmouDg7yH5H4zg
Vanilla,Soft Focus,Someone New,spotify:track:28WwSoLHSqSVGHEH7UBOka
Vanilla,Soft Focus,Still Love U,spotify:track:2rTv4MopVsVdwKXGCd2r09
Vanilla,Soft Focus,The End,spotify:track:7u7DXXDpVshIZGYnnctFYu
Vanilla,Soft Focus,The Winter,spotify:track:5a1SY8tXlwgdAmkB0xMflf
Vanilla,Soft Focus,Tomorrow,spotify:track:1iqqrtjMK5dhybuSanLXgV
Vanilla,Soft Focus,Used to Be,spotify:track:3dOCBvlWJ4YcRBQxcG3GfX
Vanilla,Soft Focus,Yeah,spotify:track:5YAJYQc20UkQ0pa78GgVk3
Vanilla,Sweet Talk,Architect Music II.,spotify:track:4JFEFqbPWNKJVklNqJUADg
Vanilla,Sweet Talk,Champ,spotify:track:0neMKdQmCuYKmvxjI8pEmK
Vanilla,Sweet Talk,Claimin',spotify:track:4YAaMV8drq2ItTP92JOR0U
Vanilla,Sweet Talk,Don't Matter,spotify:track:4tkWfM88PktDHO4NY4EtQV
Vanilla,Sweet Talk,Don't You Remember,spotify:track:6V3UOpLQB2bNUUKAjDuYKU
Vanilla,Sweet Talk,Falling in Love Again,spotify:track:4WaC2omd2Wvdso2QzD0W1t
Vanilla,Sweet Talk,Free - Intro,spotify:track:17swLhvi4SRWZKBKt9nVbl
Vanilla,Sweet Talk,Getting Over You,spotify:track:2faPNrC11JaZYgVa1Opty5
Vanilla,Sweet Talk,Goodbye,spotify:track:5emk7sp8b5DHjwoHDbsFB9
Vanilla,Sweet Talk,Lies,spotify:track:3B6G7QbgPL0ogz1Qe0YIsZ
Vanilla,Sweet Talk,Move,spotify:track:4znA1IidMPuaYmmYfhDNpJ
Vanilla,Sweet Talk,NY,spotify:track:7ulZoExjpjZ9DgesKv5vpL
Vanilla,Sweet Talk,On My Mind,spotify:track:09SXg1p7TD15EHj3aLdpne
Vanilla,Sweet Talk,Real Thing,spotify:track:1uAABdmGN4wbQgGgNA3Jvd
Vanilla,Sweet Talk,Searching,spotify:track:4oeYaFke3sVNRPh7e9JFot
Vanilla,Sweet Talk,So Much to Me,spotify:track:7kXEP26MsA7PgcI4CKYeZe
Vanilla,Sweet Talk,Sometime,spotify:track:31tfmvDGVAPelCVbD7jc2o
Vanilla,Sweet Talk,Sunshine,spotify:track:5NuRTByKOWLCuT3iid80iG
Vanilla,Sweet Talk,Sweet Talk,spotify:track:2tcrxRnivWLoRLyiNXYMrU
Vanilla,Sweet Talk,Tell You,spotify:track:4i1gn0Av87cMcw2Sq9CyDF
Vanilla,Sweet Talk,Today,spotify:track:0vlTqVIhG6PIwLBKpqOlrM
Vanilla,Sweet Talk,Two Way Street,spotify:track:3h855gBdpiZDB5R8AGSM6c
Vanilla,Sweet Talk,Who Gets Your Love,spotify:track:4QKyshyplQJIWQTUtTxAzD
Vanilla,Sweet Talk,Wish You Were Here,spotify:track:1xPfZ1qVGvLQ0RLBnlrqsG
Vanilla,Sweet Talk,With You,spotify:track:2Sh6E7rDvsAjLG4sJSAy8E
Vanilla,Sweet Talk,Writing on the Wall,spotify:track:6hQ7U0brWnWlPqN7YFrJ6j
Vanilla,Sweet Talk,Yesterday,spotify:track:7MAetAasJVf0vA1B6KxEo9
vbnd,Daughter of the Sun,Daughter of the Sun,spotify:track:69CGLTPXh5TNa1PsFJLRId
vbnd,Daughter of the Sun,Let Me Remind,spotify:track:6qWZmjTiQEMkqqHCuQluNz
vbnd,Daughter of the Sun,Midnight Moon,spotify:track:1xys7vbKRKdKfVp0OfFbQZ
vbnd,Daughter of the Sun,Name (On My Tongue),spotify:track:2fogwt8EpyL1AHoCZpgMNT
vbnd,Daughter of the Sun,Smoke,spotify:track:3KdqW7vrStW0VIp1Pfk0cq
vbnd,Daughter of the Sun,Super Fresh,spotify:track:47Ibn09rF6ihz1SbYD9vT1
vbnd,Daughter of the Sun,Taste You on My Breath,spotify:track:3ArW5sPR0xod2vGRb5legE
vbnd,Daughter of the Sun,Workin',spotify:track:3oK9UBbe7g5vNdtmWnforH
vbnd,No Other Feeling,No Other Feeling,spotify:track:77V4RwChUT3LFMyhulCOdp
Vegyn,ODCD ALT VERSIONS,Debold - Mk.gee Remix V7,spotify:track:7e07Ix0buIU3qGPUFly80T
Vegyn,Only Diamonds Cut Diamonds,Debold,spotify:track:6TNBx9lvDcqLq1GQCPNJqH
Vegyn,Only Diamonds Cut Diamonds,It's Nice to Be Alive,spotify:track:4Qosj8bJfXBlXi35ukPiGi
Vegyn,Text While Driving If You Want to Meet God!,Olbass All Bass 004 (140 BPM),spotify:track:2NU7b9zjOK1NAKtzF5WQxl
Velly Joonas,Late Night Tales: Badbadnotgood,Kaes On Aeg,spotify:track:2Rt87txGAEFKxZCfdwhka7
Vels Trio,Yellow Ochre EP,Yellow Ochre - Pt. 1,spotify:track:6knEzfRZSuYkoWSTE7py0h
Verses GT,Too Close,Too Close,spotify:track:0FlYCmQM5q3TcdvwRT53Tt
VHOOR,Baile & Vibes,Embraza,spotify:track:0M7YfhXdQDEUyPCdiLl4zW
Via App,DJ-Kicks (Mount Kimbie),Baby K Interaction - Mixed,spotify:track:13gpYgLyo6LAtQvsXwZejg
Via App,DJ-Kicks (Mount Kimbie),Chatter - Mixed,spotify:track:3rGumpHgew4MDfz2fGzXfA
Victony,Outlaw,Soweto,spotify:track:3IQT2MM49GkXfHF9eemaw5
Vijay Strickland,A Summer's Night,A Summer's Night,spotify:track:2ELs7b9wH7QqHeoZtM3iiZ
Vinyl Mode,Shoft Alhala,Shoft Alhala - Radio Edit,spotify:track:6nlJi5I96yMdToZZ7vfKdf
Waldo's Gift,Bergson,Bergson,spotify:track:31bzcSmzRUsl2LB87Ma0XP
Walterwarm,Bamboo Forest,4 Deep *4SCREW*,spotify:track:4DcKRfols1EEA4u78nGVqW
Walterwarm,Bamboo Forest,42 - Interlude,spotify:track:7BLyfnutCGnCK636LbEz09
Walterwarm,Bamboo Forest,Block Lyf,spotify:track:7B9rlWjAOvmfFzcTkx5mNU
Walterwarm,Bamboo Forest,Flicks in the Studio,spotify:track:0NAjZTXqfuZ9tF2ztjHw9J
Walterwarm,Bamboo Forest,Have a Nice Day - Interlude,spotify:track:2NeWeKcsAlQK5GZo6XCwYN
Walterwarm,Bamboo Forest,Moshpits,spotify:track:48i7IF9cMrbNfh0qQheBQB
Walterwarm,Bamboo Forest,No Place Like Home,spotify:track:7wQbNw4aYe4dRjTwDZHKq8
Walterwarm,Bamboo Forest,Plastic Grinders,spotify:track:2EJwXPkqxgoKvDAqRfiJyy
Walterwarm,Bamboo Forest,Shine On,spotify:track:6j0CSAtBUlY7ZbML7yYZgL
Walterwarm,Bamboo Forest,Spliff in the Morning,spotify:track:2uNKRyEbaWCzKAX5c31wwn
Walterwarm,Bamboo Forest,Strings,spotify:track:28t38JDOn6WsSPD6ipK3RF
Walterwarm,Bamboo Forest,Swindle,spotify:track:7Be3i16gZZnzagLGyjfvC7
Walterwarm,Bamboo Forest,Woah,spotify:track:3sgsX44sM3vFjmhO7CA28C
Walterwarm,Bamboo Forest,Yung Buck,spotify:track:4CNq9voKg1fgBSmeTwWqxi
Washed Out,Mister Mellow,Burn out Blues,spotify:track:7AZgLFqDPFow4fZ0BFG3aF
Washed Out,Mister Mellow,Down and Out,spotify:track:2X83s5zpxpyeIlMWRdDrxo
Washed Out,Mister Mellow,Easy Does It,spotify:track:20hURjDXIxOhFKjN9SnyoT
Washed Out,Mister Mellow,Floating By,spotify:track:66hkKBOzU29h6OqaROxnsj
Washed Out,Mister Mellow,Get Lost,spotify:track:2CxIiyUicgSng7IxxmT3aI
Washed Out,Mister Mellow,Hard to Say Goodbye,spotify:track:5EWoUFIiguH1n2BjBoqbLf
Washed Out,Mister Mellow,I've Been Daydreaming My Entire Life,spotify:track:3RCJvnqcCmvr23HU2TNDLe
Washed Out,Mister Mellow,Instant Calm,spotify:track:6QUkOuSQIKTdtAfcggs7rW
Washed Out,Mister Mellow,Million Miles Away,spotify:track:0yERK2ga0baGdcSbKYMgOJ
Washed Out,Mister Mellow,Time Off,spotify:track:5EdyJhSAAL5YrjobSx8fxZ
Washed Out,Mister Mellow,Title Card,spotify:track:4hE6RC3dwTRm5q817dtAMf
Washed Out,Mister Mellow,Zonked,spotify:track:5UUg2hnupvzzPK4lNuBwzj
Watching Airplanes,DJ-Kicks (Mount Kimbie),Saboter La Machine - Mixed,spotify:track:0cMoJ1cOiC80N0SbNB1rnN
Waterworld,Too Much,Too Much,spotify:track:5HQhu3JfOBgnCucx2Bgwhx
Wax Doctor,Selected Works 94-96,Heat,spotify:track:3c54Xb8hRDqhNZkfUfrar6
WAYNE SNOW,Figurine,Silly Games,spotify:track:6BfNZz7M3QjggQQHP2Caah
WAYNE SNOW,Rosie,Rosie,spotify:track:49rcitAup2KiHBMR5CiAbC
Wayward,Sapphire Eyes,Sapphire Eyes,spotify:track:1AuKIQy8e7ifqsSAbPSJ10
Weval,The Weight,Roll Together,spotify:track:49woJlDPqV2eGzIBZtuYAf
Whispers Beirut,Studio Barnhus Volym 1,The Champion,spotify:track:0uAEWeJKyjkDlRhsZ8on7I
Whoarei,Timetable Vol. 2,Sunbeam,spotify:track:3aP0ISU0YU4XpCi5tAPgDv
Wiki,Lil Me,3 Stories,spotify:track:0GZa4LJ86lrhCWlkBVX904
Wiki,Lil Me,Cherry Tree,spotify:track:2JDW3926BRFpyb8zf6ZpMn
Wiki,Lil Me,Club Shit,spotify:track:5sLHy6xWeA5ml4eqX0GkkA
Wiki,Lil Me,Crib Tax,spotify:track:3If1IdaW3IVFn7j1EQdty0
Wiki,Lil Me,God Bless Me,spotify:track:5VtWD6sZqj1A2kfl3vKOzR
Wiki,Lil Me,Hit the L,spotify:track:0dN4RIU6HYfPN5PvEkJAO7
Wiki,Lil Me,Ioneedmuch,spotify:track:2ybqfVCqQYnit6WbWD21dD
Wiki,Lil Me,Lil Me,spotify:track:1lFLPO0fy9hsawaijsWwZ5
Wiki,Lil Me,Livin With My Moms,spotify:track:5tfrj3UDvhDmGSjfccqX1K
Wiki,Lil Me,Old Blocks New Kids,spotify:track:1gwuCExoRJPtvdX5TjPDqY
Wiki,Lil Me,Patience,spotify:track:1d2tBCZ8Yk9qtqf3QOjxE5
Wiki,Lil Me,Seedy Motherfucker,spotify:track:3QsdEVegW9F2R5YhoH2nvV
Wiki,Lil Me,Sonatine,spotify:track:5MhIrIA7qnSaNtIADVFyC8
Wiki,Lil Me,Sunday School Dropout,spotify:track:1zSm4Sw0jpohEZWWDC6I7M
Wiki,Lil Me,Sunshowers,spotify:track:325ds4MMOkLk8qXIK3J9OH
Wiki,Lil Me,Whole Half,spotify:track:6m6HRc5CLvQeDwZFsXXLSA
Wiki,Lil Me,WikiFlag,spotify:track:3LOp86Cyu4HPgJ4g7xcia3
Will Saul,fabric presents Bonobo,By Your Side - Mixed,spotify:track:5xFvrnCOMivA6BmUjnBSGG
William Bell,The Spirit Of Memphis (1962-1976),Never Like This Before,spotify:track:0XXAGoLvlpDx7HFuCFePyw
William S. Fischer,Late Night Tales: Floating Points,Chains,spotify:track:2yQLKWdt1tSAsL8idL9cFU
WILLOW,ARDIPITHECUS,Wait a Minute!,spotify:track:5e08a8D8T3z4LDXbUIjxKQ
Wilma Archer,Last Sniff,Last Sniff,spotify:track:57PruwLrWbs3VtG6whjXug
Wilma Vritra,Burd,Black is the Beauty,spotify:track:6tWrkQeBAxfFxwcfzhhRn7
Wilma Vritra,Burd,burds of paradise,spotify:track:2sXP0ksgVTTuvMdHwYDZMr
Wilma Vritra,Burd,Caught in the Act,spotify:track:6VhQUjxD0w51DFrkcfcR5L
Wilma Vritra,Burd,earnie,spotify:track:13IxCLm7PBpmLY5qhWE8YF
Wilma Vritra,Burd,Harness,spotify:track:3sWpoyNFD7eHsLXwanQdkf
Wilma Vritra,Burd,Ketchup,spotify:track:648H5JmrMvKfbSpOoHdeWz
Wilma Vritra,Burd,Over Girls,spotify:track:7wACD914Y8QNqT1xLLOhC5
Wilma Vritra,Burd,plumage,spotify:track:58vKaHG95h2nMuXzkQrYOa
Wilma Vritra,Burd,put down I,spotify:track:5vFlL0sSB4HUdi2SLo1M1p
Wilma Vritra,Burd,put down II,spotify:track:1AqJZq7qIST0rbseLFRG3i
Wilma Vritra,Burd,Shallow Grave,spotify:track:2pA9wkbt97AAg1ONefIu40
Wilma Vritra,Burd,Targets & Digits,spotify:track:6evGz1097yjdaRClpAdwbj
Wilma Vritra,Burd,The Hill,spotify:track:46NeMMpa1k68r7JxqbyTFx
Wilma Vritra,Burd,ugly duckling,spotify:track:0K6QvxwpJonwe89SjkvFbr
Wilma Vritra,Burd,Vroom,spotify:track:3AFds4k4BEpd7x8oreo3PK
Wilma Vritra,Burd,Weather Machine,spotify:track:1jS8tbcP99mj6wAecFQM9s
Winston Surfshirt,Sponge Cake,Ali D,spotify:track:0ERhTn6c7VLNy6m7KCsm5B
Winston Surfshirt,Sponge Cake,Be About You,spotify:track:1KWV9Yim7CuklJYp0Ne8AK
Winston Surfshirt,Sponge Cake,Cast in Stone,spotify:track:6nm0oC0g3AOv55GB0V72MV
Winston Surfshirt,Sponge Cake,Ease Bruisily,spotify:track:0QLiVWgVo2IwSJXiIFDorK
Winston Surfshirt,Sponge Cake,For Real,spotify:track:5WjkZutsCbrj8c9XIEmj1G
Winston Surfshirt,Sponge Cake,FreeForYou,spotify:track:00GHsg6CWK353M7w7RsqSL
Winston Surfshirt,Sponge Cake,Juan,spotify:track:2eMSmhvagbUDfMjFgIrhjP
Winston Surfshirt,Sponge Cake,Nowhere,spotify:track:6WxkD9zIGshivg7NT4jU6J
Winston Surfshirt,Sponge Cake,On a Lock,spotify:track:1gBypvd0GZ1xJgry9PETfw
Winston Surfshirt,Sponge Cake,Project Redo,spotify:track:3jSMgQnlOJRcWvPxDWCgyO
Winston Surfshirt,Sponge Cake,Round & Round,spotify:track:5XMLXJeQG80fjCTViObzF8
Winston Surfshirt,Sponge Cake,Same Same,spotify:track:3rEpRYuI0nJNjGcfRQlZ12
Winston Surfshirt,Sponge Cake,Slip,spotify:track:704bQOWQwpJu3PvwFmYSVP
Winston Surfshirt,Sponge Cake,The Moments,spotify:track:7AsJPWXVsja6dax182D1qZ
Winston Surfshirt,Sponge Cake,TwennyFive,spotify:track:19Sq8gxZLqp7XeWG0LIh0h
Winston Surfshirt,Sponge Cake,When You're Ready,spotify:track:29JwwDyzb73CqkD6M5ngFz
Winston Surfshirt,Sponge Cake Rebaked,Be About You - Roy Davis Jr. Deep Vocal Remix,spotify:track:3r6L06oruCDBWd00xNjPr5
Winston Surfshirt,Sponge Cake Rebaked,Be About You - Roy Davis Jr. Echo Dirty Dub,spotify:track:2TXLUoDDofHuF2TZ8ovrYF
Winston Surfshirt,Sponge Cake Rebaked,For Real - Bustlip Remix,spotify:track:7JtNvP6JBktzhE7e9f2iIh
Winston Surfshirt,Sponge Cake Rebaked,FreeForYou - Mookhi Remix,spotify:track:2yWgedk7sI7hzPdZ5DxUHF
Winston Surfshirt,Sponge Cake Rebaked,Project Redo - Channel Tres Remix,spotify:track:0tAv9U6EKX3eNvHAPodtfk
Winston Surfshirt,Sponge Cake Rebaked,Same Same - Sampology Remix,spotify:track:5um4nkDW9dcIbmYHNdP6DG
Winston Surfshirt,Sponge Cake Rebaked,TwennyFive - Dool Remix,spotify:track:75ENJ03erEUwi9pXCDVFNY
Winston Surfshirt,Sponge Cake Rebaked,When You're Ready - Karizma Remix,spotify:track:3MTgdg3KrLaGt4VsGLt8yZ
Wizkid,Made In Lagos,Blessed (feat. Damian Marley),spotify:track:3QO1m6i0nsrp8aOnapvbkx
Wizkid,Morayo,Slow (feat. Anaïs Cardot),spotify:track:3fGdbjANHhuAhNo0f4POgw
Wu-Lu,Legend,Legend,spotify:track:26c64OCLgnghoaYFqQa5Zo
Wu-Lu,N.A.I.S.,Habesha,spotify:track:0wIPozdMmpkkD7AvOk5U1O
Wu-Lu,N.A.I.S.,Jaybo,spotify:track:7hDthP3FwAt7cGhuj4VbzA
Wu-Lu,N.A.I.S.,Sailor,spotify:track:23bNzEYS0h4JYFHbb4UsVw
Wu-Lu,N.A.I.S.,Storms,spotify:track:41kTYnVQxqzqWjeib5Jwn2
Wu-Lu,S.U.F.O.S.,Back 2 4,spotify:track:2s4Wzmlu2a2WPzoiFABiiS
Wu-Lu,S.U.F.O.S.,Flare,spotify:track:6bML44TMwN7RkpZDXaKh2O
Wu-Lu,S.U.F.O.S.,Rolling Egg,spotify:track:2hnP3PYZi5OsFv46T0z7zd
Wu-Lu,S.U.F.O.S.,S.U.F.O.S. Pt. 1,spotify:track:4In6oipWv48tqjXWjZMayU
Wu-Lu,S.U.F.O.S.,Seven,spotify:track:5v1zJYC48GttxgAVI3lApn
Wun Two,A Noite,A Noite,spotify:track:3cl3hxVIzn6ZZ2sp21mt9l
Wun Two,Penthouse,Again,spotify:track:24Jk4wYlLRXI9TUMdkHoMN
Wun Two,Penthouse,Nachos & Champagne,spotify:track:7g8OuBzM2CxadMWksCoaaW
Wun Two,Pirata,Legends of the Sea - Intro,spotify:track:4WPxRkXKS8e5BFZuPbcMpn
xxyyxx,Xxyyxx,About You,spotify:track:4V89IXbcngfalUVUm21GNM
xxyyxx,Xxyyxx,Alone,spotify:track:7gAvnRxzUCF61CK0vyHd5t
xxyyxx,Xxyyxx,Breeze,spotify:track:68KgRkSCasdURl11jdo7EW
xxyyxx,Xxyyxx,Closer,spotify:track:1zEVPE9DRX9qihIcIY2h7n
xxyyxx,Xxyyxx,Dmt,spotify:track:6TMSo0TqIKaotFuWeUKxc6
xxyyxx,Xxyyxx,Fields,spotify:track:0h0xdKeSKAaCUYfMf6F3SA
xxyyxx,Xxyyxx,Forest Fires,spotify:track:4HBfTfA51ZIotISpcFCLkj
xxyyxx,Xxyyxx,Good Enough,spotify:track:7H5AlHvNK6H2KADlv4G9W4
xxyyxx,Xxyyxx,Love Isn't Made,spotify:track:1BVK7TVGVzd4hWaBWUuM9M
xxyyxx,Xxyyxx,Never Leave,spotify:track:3DNLMk12DaOiucqlMRujkP
xxyyxx,Xxyyxx,Set It Off,spotify:track:58orMi4u7WEFWC9lNU9stL
xxyyxx,Xxyyxx,Tied2u,spotify:track:4yDkQZNZa5cyNly8HKk5ab
xxyyxx,Xxyyxx,Witching Hour,spotify:track:01fyv1txSrlZEuMuQjimj1
Yaeji,WHAT WE DREW 우리가 그려왔던,WHEN I GROW UP,spotify:track:61bS6yulFV2w4o0teSY76F
Yarden,Wetin,Wetin,spotify:track:3yu5otkADG1ldufrPxABoo
Yaw,DJ-Kicks (Moodymann),Where Will You Be - Mixed,spotify:track:1LN8TcQ93eZBZUPSVy5Gwz
Yaw,Magnificent Sampler,Where Would You Be,spotify:track:0wC3htGCqRNJkk26zJG4vF
Yazmin Lacey,Future Bubblers 1.0,Marie,spotify:track:0RGl41NWoxw8fuLW59fAoK
Yeek,Solstice,Solstice,spotify:track:6mOP6qjjH43NulmHjzTvCv
Yellow Days,CELEBRATE YOU GIRL,CELEBRATE YOU GIRL,spotify:track:3ejNePI3ZJXJVzTVsNXQa8
Yellow Days,Harmless Melodies,A Little While,spotify:track:1ahzHj4rfljE8w4ZwpEjOM
Yellow Days,Harmless Melodies,Gap in the Clouds,spotify:track:7l5j3FapCyr6HxUgoAynM2
Yellow Days,Harmless Melodies,Interlude (It's Alright),spotify:track:3RwY9w9syTHrZeVBGl3QvY
Yellow Days,Harmless Melodies,Intro,spotify:track:1Gcg62WCWynIyjilpHFYTJ
Yellow Days,Harmless Melodies,Outro (Baked in the Sunshine),spotify:track:3PZGXFLTJVNc8GS3SPrkMe
Yellow Days,Harmless Melodies,People,spotify:track:3z3zYwyEKFuuEPXszQ8zYv
Yellow Days,Harmless Melodies,Your Hand Holding Mine,spotify:track:0jWHVt7QkVRWCj2Sw2Ncl3
Yellow Days,How Can I Love You?,How Can I Love You?,spotify:track:4XNPZFA6HMhkIkbJBDo70X
Yellow Days,Is Everything Okay In Your World?,A Bag of Dutch,spotify:track:2a749tPIWcb2TYTkKVtbNa
Yellow Days,Is Everything Okay In Your World?,A Smiling Face,spotify:track:4yIpaiOzysQ4ouy6wMQIiR
Yellow Days,Is Everything Okay In Your World?,Holding On,spotify:track:7i8VtNyBCqPfRiFXruOKt2
Yellow Days,Is Everything Okay In Your World?,Hurt in Love,spotify:track:60UPukugfdn2K3LeXg48cA
Yellow Days,Is Everything Okay In Your World?,I Believe in Love,spotify:track:2Ao9KXt7rJqUgtlOLwbFH5
Yellow Days,Is Everything Okay In Your World?,I've Been Thinking Too Hard,spotify:track:79DyqCXzTwGvHC93yuAW23
Yellow Days,Is Everything Okay In Your World?,Lately I (feat. Rejjie Snow),spotify:track:2UmFhrsfxND4YtsEeTk8Eu
Yellow Days,Is Everything Okay In Your World?,Nothing's Going to Keep Me Down,spotify:track:5NH503xs3Yk6vjOR2SqUSA
Yellow Days,Is Everything Okay In Your World?,Outro (Lost in a World with You),spotify:track:7qEdvdffS3JPzLPBEuu2TJ
Yellow Days,Is Everything Okay In Your World?,That Easy,spotify:track:3t3lP88R2jYG9lMwFf9Sd5
Yellow Days,Is Everything Okay In Your World?,The Tree I Climb (feat. Nick Walters),spotify:track:7dPzSiNkBu6DCoste8aw9o
Yellow Days,Is Everything Okay In Your World?,Tired,spotify:track:4a7yXu4avP9DgeEs5NeLgt
Yellow Days,Is Everything Okay In Your World?,Weight of the World,spotify:track:1WDWVN1eU2dNrSeLya2oxz
Yellow Days,Just When,Just When,spotify:track:01LTzmitkMqLmmrEEyUkqx
Yellow Days,The Way Things Change,The Way Things Change,spotify:track:1kLXQonNqsJxCPFkUet3pV
Yellow Days,What's It All For?,What's It All For?,spotify:track:2Y28HmBMyRrCgL0PTbkP7O
Young Fathers,Cocoa Sugar,Border Girl,spotify:track:5zD2LwEFI1gHhLIVPtr9jY
Young Fathers,Cocoa Sugar,Fee Fi,spotify:track:7LcIawCmZR3XozBp3Ah89J
Young Fathers,Cocoa Sugar,Holy Ghost,spotify:track:6Zf1lF3uGZDhEp7DhbkDMh
Young Fathers,Cocoa Sugar,In My View,spotify:track:6dqs8fnEKzvqYta2abiJKN
Young Fathers,Cocoa Sugar,Lord,spotify:track:09CViXNGyH05AItXMtM6fC
Young Fathers,Cocoa Sugar,Picking You,spotify:track:1v9EpPSwqqjksbn4lTxpUt
Young Fathers,Cocoa Sugar,See How,spotify:track:6Tzv50D47Vy568fYYcVbD8
Young Fathers,Cocoa Sugar,Toy,spotify:track:1kYFGeEN51u0SgAVOyUJNI
Young Fathers,Cocoa Sugar,Tremolo,spotify:track:2kMLvJYtQ3Tcxk7WhlLXqD
Young Fathers,Cocoa Sugar,Turn,spotify:track:2ORzpXfnI75Tvtx06z4FdZ
Young Fathers,Cocoa Sugar,Wire,spotify:track:5jNBVAaounXwGugJTsDSqh
Young Fathers,Cocoa Sugar,Wow,spotify:track:6RoDIK2n85nJefiu67q9OS
Young Fathers,White Men Are Black Men Too,27,spotify:track:0ArWnZCoP1cIfHgjcCo672
Young Fathers,White Men Are Black Men Too,Dare Me,spotify:track:13yWzrXrEtiAvQzo0ZgHYA
Young Fathers,White Men Are Black Men Too,Feasting,spotify:track:7bCnjWoJdNmE2iCryDJruP
Young Fathers,White Men Are Black Men Too,Get Started,spotify:track:6Tsz7rHwZpbusUKOf8go54
Young Fathers,White Men Are Black Men Too,John Doe,spotify:track:57Rx1kRy2Md766eRt1lDDI
Young Fathers,White Men Are Black Men Too,Liberated,spotify:track:70ieLxhqZPyLmSExftkm7a
Young Fathers,White Men Are Black Men Too,Nest,spotify:track:0BV6oacj2oBi06TWvvNEAl
Young Fathers,White Men Are Black Men Too,Old Rock n Roll,spotify:track:4PHzxzo7AEqdbM64qu2tYD
Young Fathers,White Men Are Black Men Too,Rain Or Shine,spotify:track:1n0VqMms2yoTGVvunXenQA
Young Fathers,White Men Are Black Men Too,Shame,spotify:track:0BxwLWELYVGKqzUGXJNmT7
Young Fathers,White Men Are Black Men Too,Sirens,spotify:track:2gYdgnpPtB17vcYZms3ats
Young Fathers,White Men Are Black Men Too,Still Running,spotify:track:3TIo5qGOkX7E7zAT97Camc
Yussef Dayes,Black Classical Music,Birds of Paradise,spotify:track:7tTmHN2sQsmIGok0AvrTQy
Yussef Dayes,Love Is the Message,Love Is the Message - Live at Abbey Road Studios,spotify:track:5VG1IctwWcAeMaUi6wyQcO
Yussef Kamaal,Black Focus,Ayla,spotify:track:2VuykAwip0RSzJOrXVOdKg
Yussef Kamaal,Black Focus,Black Focus,spotify:track:7Llu8SZBe5UuhJn4Jos5Qt
Yussef Kamaal,Black Focus,Joint 17,spotify:track:2CCmWJZGzxAvLnMks8y4Li
Yussef Kamaal,Black Focus,Lowrider,spotify:track:7gHdjudTKmgDcWSKPpJk9h
Yussef Kamaal,Black Focus,Mansur's Message,spotify:track:49Ph39DWn4CETSjSXYS0KA
Yussef Kamaal,Black Focus,O.G.,spotify:track:5EqkuCTZTSMhZm2sLhA7JN
Yussef Kamaal,Black Focus,Remembrance,spotify:track:1k7B553lUeQY3cyltjRWCH
Yussef Kamaal,Black Focus,Strings of Light,spotify:track:2sEmZge5ZfzrFrDGFJbkyP
Yussef Kamaal,Black Focus,WingTai Drums,spotify:track:5n5icrh7DMNcQUQYuZb6WZ
Yussef Kamaal,Black Focus,Yo Chavez,spotify:track:4doeILSOpBXjzWsiJiSS8a
Yusuf Yellow,Trapped,Trapped,spotify:track:6LxnHHScONXMtUxjZ8kKrW
Yusuf Yellow,Would It Even Matter?,Would It Even Matter?,spotify:track:7Jy9H54Gfurib4TYhd6xP0
Yuuf,Iman,Iman,spotify:track:4cQcn6Zh5mHglFWIXnckqi
Yves Tumor,Safe In The Hands of Love,All The Love We Have Now,spotify:track:5Gcv66Guk5nVIJtSoIXhFU
Yves Tumor,Safe In The Hands of Love,Economy of Freedom,spotify:track:0ZTLlGCJPlvVwUQKNqaU31
Yves Tumor,Safe In The Hands of Love,Faith In Nothing Except In Salvation,spotify:track:0mouikhdkvV8UH8XZfMTvV
Yves Tumor,Safe In The Hands of Love,Honesty,spotify:track:1yfWsdSGjKydKEpFCvzHMD
Yves Tumor,Safe In The Hands of Love,Hope In Suffering (Escaping Oblivion & Overcoming Powerlessness),spotify:track:2x7MXU6986tM8HLIzMCJQm
Yves Tumor,Safe In The Hands of Love,Let The Lioness In You Flow Freely,spotify:track:3TDzMZCY2BARhRLawVS9Dk
Yves Tumor,Safe In The Hands of Love,Licking An Orchid,spotify:track:3pihS07XVQEavaS9n7kObt
Yves Tumor,Safe In The Hands of Love,Lifetime,spotify:track:6z1TKEurXotxsMGB0Kuuka
Yves Tumor,Safe In The Hands of Love,Noid,spotify:track:6fhH6tRpDX77lDmqBy9LF7
Yves Tumor,Safe In The Hands of Love,Recognizing The Enemy,spotify:track:3ghtOcSMima0cduZihPKY4
Yves Tumor,Serpent Music,Broke In - feat. Oxhy,spotify:track:5JN2lDw7AgL8E5ManwTfJv
Yves Tumor,Serpent Music,Cherish,spotify:track:3QaTBbPs4qFtyanbC87ck1
Yves Tumor,Serpent Music,Dajjal,spotify:track:67eZSfqp9JIex4Lr2eaDG0
Yves Tumor,Serpent Music,Devout,spotify:track:7D6xjOcKQY5wkYG4fLntUX
Yves Tumor,Serpent Music,Face of A Demon,spotify:track:4rLSLp6OpXBn8uMWv0etYt
Yves Tumor,Serpent Music,Perdition,spotify:track:6PK1O4vIvNKKlULVl8YCqv
Yves Tumor,Serpent Music,Role In Creation,spotify:track:6vELYOd6iplCRF2E9s1jkZ
Yves Tumor,Serpent Music,Seed,spotify:track:0niIUWHddOrye95JzCmXWN
Yves Tumor,Serpent Music,Serpent I,spotify:track:3ZP8U4zTOYwRm9vjU9CWa7
Yves Tumor,Serpent Music,Serpent II,spotify:track:1xuW7oJOEDOSLz8KzGVo3u
Yves Tumor,Serpent Music,Spirit in Prison,spotify:track:3EkXqyjcnUK0nF7cao8GmM
Yves Tumor,Serpent Music,The Feeling When You Walk Away,spotify:track:2I3l32ErrSKFxVEfT7Fnuw
Zen in Space,Earth Tones,Earth Tones,spotify:track:5BWCG9sijve97L4lG0j5R3
Zen in Space,Earth Tones,Origin Forest,spotify:track:67NcPtltg2xj662swX3J0T
Zé Roberto,Lotus 72 D,Lotus 72 D - Fast Version,spotify:track:7rtcBPsHDLeYW9cHDrO0NB
¥$,VULTURES 2,530,spotify:track:2tPNj9sUt3FbjEUqBzZazv
Âme,fabric presents Bonobo,Nia - Mixed,spotify:track:2veRydo5rDtqdeAsaNjUaL
ØDYSSEE,Berlin 64,Common',spotify:track:04ahHGfST9G63DMFJb3ME8
박혜진 Park Hye Jin,CLOUDS,CLOUDS,spotify:track:1paOXtSfaeFcZfzt9msquZ
박혜진 Park Hye Jin,How can I,Can you,spotify:track:52VXLQTSzgIGjwFMx3ty3U
박혜진 Park Hye Jin,How can I,Like this,spotify:track:7pY3HE16Ir4ZFTEOmosP57
